edge_index,tie
4.0,-0.4934249861193291
4.0,0.46528131024504915
7.0,-0.41605381894886795
7.0,-0.028438953386754205
8.0,-0.4529655406452934
8.0,-0.03965407475391192
10.0,-0.4512037885213914
12.0,-0.44401707184586325
13.0,-0.4098485842268532
13.0,0.008988609234220483
15.0,-0.36063400750554764
15.0,0.04704670584765561
16.0,-0.44135208569621603
17.0,-0.4219076654324387
18.0,-0.40794513722213116
19.0,0.16524902641946307
20.0,-0.4047964574545174
20.0,0.13641048182504167
21.0,-0.3797384594552295
21.0,0.09010037240832898
22.0,0.13091227675649636
25.0,-0.27538421308053795
25.0,0.12698148514529223
26.0,-0.35771059684346196
28.0,-0.3062127679321351
29.0,0.19392378657865644
31.0,-0.22845868292902843
31.0,0.15205610423079965
32.0,0.27545804941656216
33.0,-0.34246730790073604
34.0,-0.26689030540138764
35.0,-0.23005768934398635
35.0,0.2043705826279829
36.0,0.3065408784637491
37.0,-0.2469109912853005
37.0,0.27298149828209817
38.0,-0.28153680181343405
39.0,-0.1868549191051204
39.0,0.20904009036982385
41.0,0.38686538512358587
42.0,-0.2890864049341017
43.0,-0.1905436085902729
44.0,0.31133679351469623
45.0,0.3650730716797409
46.0,-0.19032656039884663
46.0,0.3047759222259496
47.0,0.3825022388534468
48.0,-0.16238880566997188
48.0,0.32493913314235684
50.0,-0.07628121450997115
50.0,0.3017262937190139
52.0,-0.10069726436015888
53.0,-0.12388433303044556
54.0,-0.10516993028396589
55.0,-0.05093305186090543
55.0,0.40569689613313575
56.0,-0.08709839594399157
56.0,0.4124045033455482
57.0,-0.07347281315987342
57.0,0.44452678878045343
58.0,-0.11337548325266134
61.0,0.4987278248519205
65.0,-0.44081708139448234
65.0,-0.09432461953491766
68.0,-0.46366705175852596
68.0,0.4934589572227782
71.0,-0.3878565462095252
71.0,0.008988707841717583
72.0,-0.41566331261118167
72.0,-0.00345699627072797
74.0,-0.4166883228155311
76.0,-0.4234960965982409
77.0,-0.39215474322265087
77.0,0.03879479546386175
79.0,-0.34152585318017864
79.0,0.06713460412791464
80.0,-0.4199222770147435
81.0,-0.38716857797953497
82.0,-0.3875910706710259
83.0,0.19588632242610346
84.0,-0.37899972871179244
84.0,0.16643377702948176
85.0,-0.35108126353837044
85.0,0.10925862511817581
86.0,0.16167075428800112
89.0,-0.25157976763702955
89.0,0.15532613622503139
90.0,-0.3294824033607036
92.0,-0.2779845744493642
93.0,0.22215198006141482
95.0,-0.2002304894462784
95.0,0.18028429771356222
96.0,0.3036862428993164
97.0,-0.3142391144179777
98.0,-0.23866211191863343
99.0,-0.20182949586121965
99.0,0.23259877611074545
100.0,0.33476907194650746
101.0,-0.21868279780254213
101.0,0.30120969176485235
102.0,-0.25330860833066315
103.0,-0.15862672562235786
103.0,0.23726828385259474
105.0,0.4150935786063484
106.0,-0.26085821145133914
107.0,-0.16231541510752703
108.0,0.3395649869974671
109.0,0.39330126516249514
110.0,-0.1620983669160841
110.0,0.33300411570871213
111.0,0.4107304323362177
112.0,-0.13416061218720934
112.0,0.35316732662512773
114.0,-0.04805302102721694
114.0,0.32995448720176807
116.0,-0.07246907087738799
117.0,-0.09565613954769135
118.0,-0.07694173680121168
119.0,-0.022704858378151227
119.0,0.4339250896158816
120.0,-0.05887020246123738
120.0,0.44063269682829403
121.0,-0.045244619677102534
121.0,0.47275498226323265
122.0,-0.08514728976990714
126.0,-0.4730439816653189
129.0,-0.4125888879117198
129.0,-0.06609642605213845
132.0,-0.43543885827575507
133.0,-0.4783128492944779
135.0,-0.35962835272676263
135.0,0.037216901324471786
136.0,-0.3874351191284191
136.0,0.024771197212051253
138.0,-0.3884601293327686
140.0,-0.3952679031154867
141.0,-0.36392654973991334
141.0,0.06702298894659926
143.0,-0.3132976596974411
143.0,0.09536279761066885
144.0,-0.3916940835319726
145.0,-0.3589403844967808
146.0,-0.35936287718828835
147.0,0.22411451590885767
148.0,-0.35077153522903826
148.0,0.19466197051223597
149.0,-0.3228530700556162
149.0,0.1374868186009467
150.0,0.1898989477707887
153.0,-0.22335157415429202
153.0,0.1835543297077856
154.0,-0.3012542098779327
156.0,-0.24975638096661
157.0,0.250380173544169
159.0,-0.17200229596349081
159.0,0.2085124911963164
160.0,0.3319144363820873
161.0,-0.28601092093522346
162.0,-0.21043391843586254
163.0,-0.17360130237846544
163.0,0.2608269695935163
164.0,0.36299726542926164
165.0,-0.19045460431982128
165.0,0.32943788524760653
166.0,-0.2250804148479423
167.0,-0.13039853213960367
167.0,0.26549647733533227
169.0,0.44332177208911927
170.0,-0.2326300179686016
171.0,-0.1340872216247395
172.0,0.36779318048020465
173.0,0.4215294586452326
174.0,-0.13387017343334656
174.0,0.3612323091914663
175.0,0.4389586258189886
176.0,-0.10593241870447183
176.0,0.3813955201078819
178.0,-0.01982482754447942
178.0,0.3581826806845223
180.0,-0.044240877394617115
181.0,-0.06742794606495384
182.0,-0.04871354331845748
183.0,0.005523335104602975
183.0,0.46215328309866915
184.0,-0.030642008978449813
184.0,0.4688608903110816
185.0,-0.017016426194314968
185.0,0.5009831757459702
186.0,-0.05691909628715293
190.0,-0.444815788182548
193.0,-0.38436069442894893
193.0,-0.03786823256938424
196.0,-0.40721066479301754
197.0,-0.4500846558117404
199.0,-0.33140015924399174
199.0,0.06544509480722599
200.0,-0.3592069256456482
200.0,0.05299939069482214
202.0,-0.36023193585001434
204.0,-0.3670397096327158
205.0,-0.33569835625712574
205.0,0.09525118242937015
207.0,-0.2850694662146702
207.0,0.12359099109340636
208.0,-0.36346589004920177
209.0,-0.3307121910140099
210.0,-0.33113468370551746
211.0,0.25234270939161185
212.0,-0.3225433417462841
212.0,0.22289016399499015
213.0,-0.2946248765728787
213.0,0.1657150120837009
214.0,0.21812714125352622
217.0,-0.19512338067155452
217.0,0.2117825231905231
218.0,-0.2730260163951952
220.0,-0.22152818748383912
221.0,0.2786083670269399
223.0,-0.14377410248078668
223.0,0.23674068467905393
224.0,0.3601426298648582
225.0,-0.2577827274524859
226.0,-0.18220572495309167
227.0,-0.14537310889569455
227.0,0.2890551630762872
228.0,0.39122545891199917
229.0,-0.1622264108370504
229.0,0.3576660787303774
230.0,-0.19685222136517141
231.0,-0.10217033865683278
231.0,0.29372467081810316
233.0,0.4715499655718568
234.0,-0.20440182448583075
235.0,-0.10585902814200196
236.0,0.39602137396297554
237.0,0.4497576521280035
238.0,-0.10564197995060905
238.0,0.38946050267420385
239.0,0.4671868193017261
240.0,-0.07770422522170094
240.0,0.4096237135906528
242.0,0.008403365938291463
242.0,0.38641087416729314
244.0,-0.016012683911879596
245.0,-0.03919975258218295
246.0,-0.0204853498356866
247.0,0.03375152858737386
247.0,0.49038147658144005
248.0,-0.0024138154957122912
248.0,0.49708908379385247
249.0,0.011211767288389188
250.0,-0.4707886307712859
250.0,-0.028690902804382048
254.0,-0.4165875946998105
257.0,-0.3561325009462114
257.0,-0.009640039086613362
260.0,-0.3789824713102467
261.0,-0.4218564623289695
263.0,-0.3031719657612542
263.0,0.09367328828999687
264.0,-0.33097873216291074
264.0,0.08122758417755965
266.0,-0.3320037423672101
268.0,-0.3388115161499449
269.0,-0.3074701627743549
269.0,0.1234793759121744
271.0,-0.25684127273189933
271.0,0.15181918457614388
272.0,-0.33523769656646424
273.0,-0.30248399753127236
274.0,-0.30290649022278
275.0,0.28057090287438274
276.0,-0.2943151482635132
276.0,0.25111835747772765
277.0,-0.26639668309010783
277.0,0.19394320556643843
278.0,0.24635533473626375
281.0,-0.16689518718875027
281.0,0.24001071667326063
282.0,-0.24479782291242433
284.0,-0.19329999400106823
285.0,0.3068365605096441
287.0,-0.11554590899798242
287.0,0.26496887816185816
288.0,0.38837082334759565
289.0,-0.22955453396971506
290.0,-0.1539775314703875
291.0,-0.11714491541295703
291.0,0.31728335655899137
292.0,0.41945365239477006
293.0,-0.13399821735424616
293.0,0.38589427221311495
294.0,-0.1686240278823672
295.0,-0.07394214517406189
295.0,0.321952864300874
297.0,0.49977815905466105
298.0,-0.17617363100305986
299.0,-0.07763083465923107
300.0,0.4242495674457798
301.0,0.47798584561074103
302.0,-0.07741378646787153
302.0,0.417688696156908
303.0,0.4954150127844303
304.0,-0.04947603173896342
304.0,0.4378519070733236
306.0,0.03663155942109571
306.0,0.41463906765006403
308.0,0.012215509570857926
309.0,-0.010971559099412071
310.0,0.00774284364701756
311.0,0.06197972207014474
312.0,-0.48139032993591613
312.0,0.02581437798702523
313.0,-0.47468272272347034
313.0,0.03943996077112671
314.0,-0.44256043728848166
314.0,-0.0004627093216445263
318.0,-0.38835940121707296
321.0,-0.3279043074634405
321.0,0.018588154396090798
324.0,-0.3507542778274758
325.0,-0.393628268846232
327.0,-0.2749437722785501
327.0,0.12190148177270103
328.0,-0.30275053868013985
328.0,0.10945577766029718
330.0,-0.303775548884506
332.0,-0.3105833226672741
333.0,-0.2792419692916174
333.0,0.15170756939487856
335.0,-0.2286130792491952
335.0,0.18004737805884805
336.0,-0.30700950308369335
337.0,-0.2742558040485682
338.0,-0.2746782967400091
339.0,0.3087990963570869
340.0,-0.266086954780809
340.0,0.27934655096039845
341.0,-0.2381684896073703
341.0,0.22217139904914257
342.0,0.2745835282189679
345.0,-0.13866699370607946
345.0,0.26823891015593143
346.0,-0.21656962942965344
348.0,-0.16507180051836406
349.0,0.3350647539924149
351.0,-0.0873177155152449
351.0,0.2931970716445623
352.0,0.41659901683026646
353.0,-0.20132634048694417
354.0,-0.12574933798764998
355.0,-0.08891672193015278
355.0,0.34551155004176226
356.0,0.4476818458774742
357.0,-0.10577002387157536
357.0,0.4141224656958525
358.0,-0.14039583439962966
359.0,-0.04571395169135774
359.0,0.3501810577835448
362.0,-0.4719936474626284
362.0,-0.1479454375203557
363.0,-0.04940264117646019
364.0,0.45247776092845055
366.0,-0.49378596090651505
366.0,-0.04918559298510065
366.0,0.4459168896396789
368.0,-0.47635679373282586
368.0,-0.02124783825619254
368.0,0.46608010055609445
370.0,0.06485975290379986
370.0,0.4428672611328349
372.0,0.04044370305356208
373.0,0.017256634383358813
374.0,0.03597103712978844
375.0,0.0902079155528489
376.0,-0.45316213645314524
376.0,0.05404257146979611
377.0,-0.4464545292407662
377.0,0.06766815425383087
378.0,-0.4143322438057775
378.0,0.02776548416105963
382.0,-0.3601312077343688
385.0,-0.2996761139806696
385.0,0.04681634787886168
388.0,-0.32252608434477165
389.0,-0.3654000753634611
391.0,-0.24671557879577918
391.0,0.1501296752554719
392.0,-0.2745223451974357
392.0,0.13768397114300135
394.0,-0.2755473554017351
396.0,-0.28235512918450323
397.0,-0.2510137758088465
397.0,0.17993576287764942
399.0,-0.20038488576642433
399.0,0.20827557154161894
400.0,-0.27878130960092246
401.0,-0.24602761056579733
402.0,-0.24645010325730493
403.0,0.3370272898398578
404.0,-0.23785876129803812
404.0,0.30757474444316935
405.0,-0.2099402961245994
405.0,0.25039959253191346
406.0,0.30281172170173876
409.0,-0.11043880022330858
409.0,0.2964671036387023
410.0,-0.18834143594688255
412.0,-0.1368436070355932
413.0,0.3632929474751191
415.0,-0.05908952203247402
415.0,0.3214252651273332
416.0,0.44482721031303735
417.0,-0.1730981470041733
418.0,-0.0975211445048791
419.0,-0.060688528447448625
419.0,0.37373974352446643
420.0,0.4759100393602451
421.0,-0.07754183038880448
421.0,0.4423506591786234
422.0,-0.11216764091685877
423.0,-0.017485758208586853
423.0,0.3784092512663157
426.0,-0.4437654539798575
426.0,-0.11971724403758481
427.0,-0.021174447693689306
428.0,0.48070595441122144
430.0,-0.46555776742374416
430.0,-0.020957399502329766
430.0,0.4741450831224498
432.0,-0.44812860025005496
432.0,0.006980355226511618
432.0,0.49430829403886534
434.0,0.09308794638650403
434.0,0.4710954546155391
436.0,0.06867189653633297
437.0,0.045484827866129694
438.0,0.06419923061255933
439.0,0.11843610903555306
440.0,-0.4249339429703744
440.0,0.082270764952567
441.0,-0.4182263357579953
441.0,0.09589634773660174
442.0,-0.3861040503230066
442.0,0.055993677643830515
446.0,-0.33190301425159796
449.0,-0.27144792049789873
449.0,0.07504454136163256
452.0,-0.29429789086200075
453.0,-0.3371718818807569
455.0,-0.21848738531300832
455.0,0.1783578687382428
456.0,-0.2462941517146648
456.0,0.1659121646257722
458.0,-0.2473191619189642
460.0,-0.25412693570173234
461.0,-0.22278558232614232
461.0,0.2081639563603536
463.0,-0.17215669228365343
463.0,0.2365037650243898
464.0,-0.25055311611815156
465.0,-0.21779941708302644
466.0,-0.21822190977460076
467.0,0.3652554833226287
468.0,-0.20963056781526723
468.0,0.33580293792594024
469.0,-0.18171210264182852
469.0,0.27862778601468435
470.0,0.33103991518450965
473.0,-0.0822106067405377
473.0,0.3246952971214732
474.0,-0.1601132424641784
476.0,-0.10861541355288903
477.0,0.39152114095789
479.0,-0.030861328549703138
479.0,0.3496534586101041
480.0,0.47305540379580824
481.0,-0.14486995352146914
482.0,-0.06929295102210822
483.0,-0.03246033496467774
483.0,0.4019679370072373
485.0,-0.49586176715701097
485.0,-0.04931363690603359
485.0,0.47057885266139426
486.0,-0.08393944743415462
487.0,0.010742435274184031
487.0,0.4066374447490866
490.0,-0.4155372604970866
490.0,-0.09148905055481393
491.0,0.007053745789014851
493.0,-0.49106585210603465
494.0,-0.43732957394097327
494.0,0.0072707939804411165
494.0,0.5023732766052207
496.0,-0.4199004067672841
496.0,0.0352085487092825
497.0,-0.47746351247839075
498.0,0.1213161398692749
498.0,0.49932364809831
500.0,0.09690009001910385
501.0,0.07371302134890058
502.0,0.09242742409533021
503.0,0.14666430251832394
504.0,-0.3967057494876035
504.0,0.11049895843527116
505.0,-0.3899981422752244
505.0,0.12412454121937264
506.0,-0.35787585684023576
506.0,0.0842218711266014
510.0,-0.30367482076882707
513.0,-0.24321972701526132
513.0,0.10327273484433672
516.0,-0.26606969737922986
517.0,-0.3089436883979193
519.0,-0.1902591918301707
519.0,0.20658606222101367
520.0,-0.2180659582318939
520.0,0.1941403581085431
522.0,-0.2190909684361933
524.0,-0.22589874221896147
525.0,-0.19455738884337143
525.0,0.23639214984305776
527.0,-0.14392849880088254
527.0,0.2647319585072274
528.0,-0.22232492263551415
529.0,-0.18957122360018883
530.0,-0.18999371629176315
531.0,0.39348367680533286
532.0,-0.18140237433249637
532.0,0.36403113140871113
533.0,-0.15348390915912438
533.0,0.30685597949745524
534.0,0.35926810866734726
537.0,-0.053982413257833546
537.0,0.3529234906043108
538.0,-0.13188504898140752
540.0,-0.08038722007018488
541.0,0.41974933444066087
543.0,-0.0026331350669989784
543.0,0.3778816520928083
544.0,0.5012835972786458
545.0,-0.11664176003876497
546.0,-0.04106475753933733
547.0,-0.004232141481973584
547.0,0.43019613049007493
549.0,-0.46763357367417335
549.0,-0.02108544342326271
549.0,0.4988070461441651
550.0,-0.05571125395138373
551.0,0.03897062875688819
551.0,0.4348656382318575
554.0,-0.3873090670143825
554.0,-0.06326085707204304
555.0,0.03528193927171901
557.0,-0.46283765862326376
558.0,-0.40910138045813565
558.0,0.035498987463212
559.0,-0.4693985299119687
560.0,-0.3916722132845132
560.0,0.06343674219198665
561.0,-0.44923531899561986
562.0,0.14954433335197906
563.0,-0.4724481584189461
564.0,0.12512828350187474
565.0,0.10194121483153801
566.0,0.12065561757803436
567.0,0.17489249600109483
568.0,-0.3684775560047659
568.0,0.13872715191804202
569.0,-0.3617699487923868
569.0,0.15235273470214353
570.0,-0.3296476633575983
570.0,0.11245006460937228
574.0,-0.2754466272860562
577.0,-0.21499153353249043
577.0,0.13150092832704088
580.0,-0.23784150389659245
581.0,-0.28071549491514847
583.0,-0.1620309983473998
583.0,0.23481425570378456
584.0,-0.18983776474918976
584.0,0.222368551591314
586.0,-0.19086277495348916
588.0,-0.1976705487361906
589.0,-0.16632919536060056
589.0,0.2646203433258286
591.0,-0.11570030531811167
591.0,0.2929601519899983
592.0,-0.19409672915274326
593.0,-0.16134303011741796
594.0,-0.16176552280899228
595.0,0.4217118702881037
596.0,-0.15317418084972548
596.0,0.392259324891482
597.0,-0.1252557156763535
597.0,0.33508417298022614
598.0,0.38749630215011815
601.0,-0.02575421977506266
601.0,0.3811516840871484
602.0,-0.10365685549863662
604.0,-0.05215902658728054
605.0,0.4479775279235652
607.0,0.02559505841570518
607.0,0.4061098455756459
609.0,-0.4704882092385435
609.0,-0.08841356655579392
610.0,-0.012836564056633176
611.0,0.023996052000864024
611.0,0.4584243239729125
613.0,-0.43940538019146924
613.0,0.007142750059508174
614.0,-0.47296476037302426
614.0,-0.027483060468612847
615.0,0.06719882223979252
615.0,0.4630938317147618
618.0,-0.3590808735315449
618.0,-0.03503266358927216
619.0,0.06351013275455662
621.0,-0.43460946514049287
622.0,-0.3808731869753648
622.0,0.06372718094604961
623.0,-0.44117033642926456
624.0,-0.3634440198017423
624.0,0.091664935674891
625.0,-0.42100712551278224
626.0,0.1777725268348834
627.0,-0.4442199649361752
628.0,0.15335647698471233
629.0,0.13016940831437562
630.0,0.14888381106080525
631.0,0.20312068948399917
632.0,-0.340249362521995
632.0,0.16695534540087964
633.0,-0.3335417553095492
633.0,0.1805809281849144
634.0,-0.301419469874694
634.0,0.1406782580922766
638.0,-0.24721843380321856
641.0,-0.18676334004965284
641.0,0.15972912180994522
644.0,-0.20961331041375483
645.0,-0.25248730143231085
647.0,-0.13380280486462895
647.0,0.26304244918655545
648.0,-0.16160957126635214
648.0,0.2505967450741516
650.0,-0.16263458147065155
652.0,-0.169442355253353
653.0,-0.13810100187776295
653.0,0.29284853680873296
655.0,-0.08747211183527405
655.0,0.3211883454728359
656.0,-0.16586853566983892
657.0,-0.1331148366347138
658.0,-0.13353732932615467
659.0,0.4499400637709413
660.0,-0.12494598736702131
660.0,0.42048751837431964
661.0,-0.09702752219351587
661.0,0.36331236646306375
662.0,0.41572449563295577
665.0,0.002473973707841671
665.0,0.409379877569986
666.0,-0.07542866201586575
668.0,-0.02393083310450966
669.0,0.4762057214063361
671.0,0.05382325189847606
671.0,0.4343380390584167
673.0,-0.4422600157557726
673.0,-0.06018537307302304
674.0,0.015391629426137707
675.0,0.052224245483634905
675.0,0.4866525174556834
677.0,-0.41117718670869835
677.0,0.03537094354227906
678.0,-0.44473656689025337
678.0,0.0007451330141580356
679.0,0.09542701572242995
679.0,0.4913220251975327
682.0,-0.330852680048774
682.0,-0.006804470106501277
683.0,0.0917383262373275
685.0,-0.406381271657722
686.0,-0.35264499349259393
686.0,0.09195537442882049
687.0,-0.4129421429464937
688.0,-0.3352158263189714
688.0,0.11989312915766187
689.0,-0.39277893203001135
690.0,0.20600072031752084
691.0,-0.4159917714534044
692.0,0.18158467046748322
693.0,0.15839760179714651
694.0,0.17711200454357615
695.0,0.23134888296677003
696.0,-0.3120211690392241
696.0,0.19518353888365053
697.0,-0.3053135618269118
697.0,0.20880912166768528
698.0,-0.2731912763919231
698.0,0.1689064515750475
702.0,-0.21899024032044767
705.0,-0.15853514656688195
705.0,0.1879573152927161
708.0,-0.18138511693098394
709.0,-0.22425910794953996
711.0,-0.10557461138185806
711.0,0.29127064266932634
712.0,-0.13338137778358125
712.0,0.2788249385569225
714.0,-0.13440638798788065
716.0,-0.1412141617705821
717.0,-0.1098728083951255
717.0,0.3210767302913704
719.0,-0.05924391835250317
719.0,0.3494165389556068
720.0,-0.13764034218706805
721.0,-0.1048866431519429
722.0,-0.10530913584338378
723.0,0.4781682572537122
724.0,-0.09671779388425043
724.0,0.44871571185709047
725.0,-0.068799328710745
725.0,0.3915405599458346
726.0,0.44395268911572666
729.0,0.030702167190612556
729.0,0.4376080710527569
730.0,-0.04720046853309486
732.0,0.004297360378261224
734.0,-0.4955660851109867
735.0,0.08205144538124695
735.0,0.4625662325411876
737.0,-0.41403182227313523
737.0,-0.031957179590385604
738.0,0.04361982290890859
739.0,0.08045243896640579
740.0,-0.485119289061506
741.0,-0.38294899322592746
741.0,0.06359913702504993
742.0,-0.4165083734074825
742.0,0.02897332649692892
743.0,0.12365520920520084
744.0,-0.48044978131979016
746.0,-0.3026244865660031
746.0,0.021423723376269604
747.0,0.11996651972009838
749.0,-0.3781530781749511
750.0,-0.32441680000982304
750.0,0.12018356791159138
751.0,-0.3847139494637228
752.0,-0.3069876328362005
752.0,0.14812132264043276
753.0,-0.36455073854724046
754.0,0.2342289138002917
755.0,-0.3877635779706335
756.0,0.2098128639502541
757.0,0.18662579527991738
758.0,0.205340198026347
759.0,0.2595770764495409
760.0,-0.2837929755564532
760.0,0.22341173236642142
761.0,-0.2770853683441409
761.0,0.23703731515045617
762.0,-0.2449630829091522
762.0,0.1971346450578184
766.0,-0.1907620468376768
769.0,-0.13030695308411105
769.0,0.21618550877535353
772.0,-0.15315692344821305
773.0,-0.19603091446676907
775.0,-0.07734641789908717
775.0,0.31949883615209723
776.0,-0.10515318430081037
776.0,0.30705313203969337
778.0,-0.10617819450510978
780.0,-0.11298596828781123
781.0,-0.08164461491235463
781.0,0.3493049237741413
783.0,-0.03101572486973229
783.0,0.37764473243837765
784.0,-0.10941214870443061
785.0,-0.07665844966917203
786.0,-0.0770809423606129
788.0,-0.4936035492636106
788.0,-0.06848960040147956
788.0,0.47694390533986136
789.0,-0.04057113522797411
789.0,0.4197687534286055
790.0,0.47218088259849755
793.0,0.05893036067338344
793.0,0.46583626453539434
794.0,-0.018972275050323978
796.0,0.03252555386089866
798.0,-0.4673378916282159
799.0,0.11027963886401783
799.0,0.49079442602382506
801.0,-0.38580362879036434
801.0,-0.003728986107614721
802.0,0.07184801639167948
803.0,0.10868063244917667
804.0,-0.4568910955787351
805.0,-0.35472079974315657
805.0,0.09182733050782083
806.0,-0.3882801799247116
806.0,0.0572015199796998
807.0,0.1518834026879717
808.0,-0.4522215878371527
810.0,-0.2743962930832322
810.0,0.04965191685904049
811.0,0.1481947132027358
813.0,-0.34992488469218025
814.0,-0.29618860652705215
814.0,0.14841176139436227
815.0,-0.3564857559809519
816.0,-0.27875943935342967
816.0,0.17634951612320365
817.0,-0.3363225450644696
818.0,0.2624571072830626
819.0,-0.3595353844878626
820.0,0.238041057433025
821.0,0.21485398876255482
822.0,0.2335683915091179
823.0,0.2878052699323118
824.0,-0.25556478207368233
824.0,0.2516399258491923
825.0,-0.24885717486137
825.0,0.26526550863322707
826.0,-0.21673488942638133
826.0,0.2253628385404558
830.0,-0.16253385335490592
833.0,-0.10207875960134018
833.0,0.24441370225812442
836.0,-0.12492872996544217
837.0,-0.16780272098399818
839.0,-0.04911822441631629
839.0,0.34772702963486807
840.0,-0.0769249908180395
840.0,0.33528132552246426
842.0,-0.07795000102233889
844.0,-0.08475777480504033
845.0,-0.05341642142958374
845.0,0.3775331172569122
847.0,-0.0027875313869614067
847.0,0.40587292592114854
848.0,-0.08118395522165972
849.0,-0.04843025618640114
850.0,-0.048852748877842016
852.0,-0.4653753557808397
852.0,-0.040261406918708664
853.0,-0.49482790117746145
853.0,-0.01234294174520323
853.0,0.44799694691137637
854.0,0.5004090760812684
857.0,0.08715855415615432
857.0,0.49406445801816523
858.0,0.009255918432313456
860.0,0.06075374734366954
862.0,-0.439109698145445
863.0,0.1385078323467887
864.0,-0.4809773804933643
865.0,-0.35757543530759345
865.0,0.02449920737515616
866.0,0.10007620987445036
867.0,0.13690882593194756
868.0,-0.42866290209609764
869.0,-0.3264926062603857
869.0,0.1200555239905917
870.0,-0.3600519864419407
870.0,0.08542971346247069
871.0,0.1801115961707426
872.0,-0.4239933943543818
874.0,-0.24616809960046135
874.0,0.07788011034181137
875.0,0.1764229066855067
877.0,-0.32169669120940936
878.0,-0.2679604130444147
878.0,0.17663995487699968
879.0,-0.328257562498181
880.0,-0.2505312458706588
880.0,0.20457770960597452
881.0,-0.30809435158169873
882.0,0.2906853007658335
883.0,-0.3313071910050917
884.0,0.2662692509157959
885.0,0.2430821822453257
886.0,0.2617965849918888
887.0,0.3160334634150827
888.0,-0.22733658859091146
888.0,0.2798681193319632
889.0,-0.2206289813785991
889.0,0.29349370211599796
890.0,-0.18850669594361044
890.0,0.2535910320232267
894.0,-0.13430565987213502
897.0,-0.0738505661185693
897.0,0.2726418957408953
900.0,-0.0967005364826713
901.0,-0.1395745275012273
903.0,-0.020890030933545405
903.0,0.37595522311763896
904.0,-0.04869679733526861
904.0,0.36350951900523515
906.0,-0.04972180753956801
908.0,-0.05652958132226946
909.0,-0.02518822794681286
909.0,0.4057613107396831
911.0,0.025440662095809478
911.0,0.43410111940391943
912.0,-0.05295576173888884
913.0,-0.02020206270363026
914.0,-0.02062455539507113
916.0,-0.4371471622980688
916.0,-0.012033213435937783
917.0,-0.46659970769469056
917.0,0.015885251737567652
917.0,0.47622514039414726
919.0,-0.4713627304360544
921.0,0.1153867476389252
922.0,-0.4777073484991576
922.0,0.03748411191508434
924.0,0.08898194082644043
926.0,-0.4108815046626741
927.0,0.1667360258295596
928.0,-0.4527491870105934
929.0,-0.32934724182482256
929.0,0.05272740085792704
930.0,0.12830440335722124
931.0,0.16513701941471845
932.0,-0.40043470861332675
933.0,-0.2982644127776148
933.0,0.14828371747336258
934.0,-0.3318237929591698
934.0,0.11365790694524157
935.0,0.2083397896535135
936.0,-0.39576520087161093
938.0,-0.21793990611769046
938.0,0.10610830382458225
939.0,0.2046511001682776
941.0,-0.29346849772663847
942.0,-0.23973221956164384
942.0,0.20486814835977057
943.0,-0.3000293690154101
944.0,-0.2223030523878879
944.0,0.2328059030887454
945.0,-0.27986615809892784
946.0,0.3189134942486044
947.0,-0.3030789975223208
948.0,0.29449744439856673
949.0,0.2713103757280966
950.0,0.2900247784746597
951.0,0.34426165689772015
952.0,-0.19910839510827405
952.0,0.3080963128146006
953.0,-0.19240078789582823
953.0,0.3217218955987688
954.0,-0.16027850246083955
954.0,0.2818192255059976
958.0,-0.10607746638936415
961.0,-0.045622372635798415
961.0,0.3008700892236662
964.0,-0.06847234299990042
965.0,-0.11134633401845642
967.0,0.007338162549225479
967.0,0.40418341660040985
968.0,-0.020468603852497727
968.0,0.391737712488006
970.0,-0.021493614056797124
972.0,-0.028301387839632024
973.0,0.0030399655359580223
973.0,0.4339895042224539
975.0,0.05366885557858036
975.0,0.4623293128866903
976.0,-0.02472756825611796
977.0,0.008026130779140621
978.0,0.007603638087699753
980.0,-0.40891896881529793
980.0,0.0161949800468331
981.0,-0.43837151421191967
981.0,0.04411344522033853
982.0,-0.4955466661230421
983.0,-0.44313453695328353
985.0,0.14361494112156264
986.0,-0.44947915501638674
986.0,0.06571230539785522
988.0,0.1172101343092113
990.0,-0.38265331118003665
991.0,0.1949642193123305
992.0,-0.4245209935278225
993.0,-0.30111904834205167
993.0,0.08095559434069793
994.0,0.15653259683999213
995.0,0.1933652128974893
996.0,-0.37220651513055586
997.0,-0.2700362192948439
997.0,0.17651191095613347
998.0,-0.30359559947639897
998.0,0.14188610042801245
999.0,0.23656798313615093
1000.0,-0.36753700738884004
1002.0,-0.18971171263491957
1002.0,0.13433649730735314
1003.0,0.23287929365104848
1005.0,-0.2652403042438676
1006.0,-0.21150402607887295
1006.0,0.23309634184254147
1007.0,-0.2718011755326392
1008.0,-0.194074858905117
1008.0,0.2610340965713828
1009.0,-0.2516379646162904
1010.0,0.34714168773137527
1011.0,-0.2748508040395499
1012.0,0.3227256378813376
1013.0,0.29953856921086747
1014.0,0.3182529719574306
1015.0,0.372489850380491
1016.0,-0.17088020162550316
1016.0,0.3363245062973715
1017.0,-0.16417259441305734
1017.0,0.3499500890815397
1018.0,-0.1320503089780687
1018.0,0.3100474189887685
1022.0,-0.07784927290659327
1025.0,-0.01739417915302753
1025.0,0.32909828270643704
1028.0,-0.04024414951712953
1029.0,-0.08311814053568553
1031.0,0.035566356031996364
1031.0,0.43241161008318074
1032.0,0.0077595896302731565
1032.0,0.4199659059707769
1034.0,0.006734579425973759
1036.0,-7.319435699459054e-05
1037.0,0.031268159018595455
1037.0,0.4622176977052248
1039.0,0.0818970490612178
1039.0,0.4905575063694612
1040.0,0.003500625226652923
1041.0,0.036254324261911504
1042.0,0.03583183157033719
1044.0,-0.38069077533239365
1044.0,0.04442317352960398
1045.0,-0.4101433207290153
1045.0,0.07234163870324287
1046.0,-0.46731847264040466
1047.0,-0.41490634347051264
1049.0,0.17184313460446696
1050.0,-0.42125096153361585
1050.0,0.09394049888062611
1052.0,0.14543832779211563
1054.0,-0.3544251176971323
1055.0,0.22319241279510135
1056.0,-0.39629280004505163
1057.0,-0.2728908548594142
1057.0,0.10918378782333536
1058.0,0.18476079032276302
1059.0,0.22159340638012676
1060.0,-0.343978321647785
1061.0,-0.24180802581220648
1061.0,0.20474010443890436
1062.0,-0.2753674059937615
1062.0,0.1701142939106499
1063.0,0.2647961766189218
1064.0,-0.3393088139059357
1066.0,-0.16148351915228215
1066.0,0.1625646907898571
1067.0,0.2611074871339528
1069.0,-0.23701211076123013
1070.0,-0.1832758325962355
1070.0,0.2613245353254458
1071.0,-0.2435729820500018
1072.0,-0.16584666542247956
1072.0,0.2892622900541537
1073.0,-0.22340977113338606
1074.0,0.3753698812141461
1075.0,-0.24662261055677906
1076.0,0.35095383136397507
1077.0,0.32776676269363836
1078.0,0.3464811654402014
1079.0,0.4007180438632619
1080.0,-0.14265200814273227
1080.0,0.3645526997801424
1081.0,-0.1359444009304199
1081.0,0.378178282564444
1082.0,-0.1038221154952978
1082.0,0.3382756124714059
1086.0,-0.04962107942368894
1089.0,0.010834014329609905
1089.0,0.35732647618920793
1092.0,-0.012015956034358646
1093.0,-0.05488994705318155
1095.0,0.0637945495146338
1095.0,0.4606398035658182
1096.0,0.03598778311317749
1096.0,0.4481940994534143
1098.0,0.034962772908744645
1100.0,0.028154999125776292
1101.0,0.05949635250136634
1101.0,0.4904458911879957
1103.0,0.11012524254385522
1104.0,-0.4812143001478616
1104.0,0.0317288187094238
1105.0,0.06448251774468239
1106.0,0.06406002505310807
1108.0,-0.35246258184962276
1108.0,0.07265136701237487
1109.0,-0.38191512724624443
1109.0,0.10056983218601376
1110.0,-0.43909027915763377
1111.0,-0.38667814998774175
1113.0,0.2000713280871044
1114.0,-0.3930227680509784
1114.0,0.12216869236339699
1116.0,0.17366652127488652
1118.0,-0.3261969242143614
1119.0,0.25142060627787227
1120.0,-0.3680646065622808
1121.0,-0.24466266137664336
1121.0,0.13741198130610624
1122.0,0.21298898380553388
1123.0,0.24982159986289765
1124.0,-0.31575012816501413
1125.0,-0.2135798323294356
1125.0,0.23296829792167523
1126.0,-0.24713921251099064
1126.0,0.19834248739342078
1127.0,0.2930243701016927
1128.0,-0.31108062042316487
1130.0,-0.13325532566951126
1130.0,0.190792884272628
1131.0,0.28933568061672366
1133.0,-0.20878391727845927
1134.0,-0.15504763911346464
1134.0,0.28955272880808325
1135.0,-0.2153447885672309
1136.0,-0.1376184719397087
1136.0,0.3174904835369246
1137.0,-0.19518157765061517
1138.0,0.403598074696917
1139.0,-0.21839441707400817
1140.0,0.3791820248466125
1141.0,0.35599495617640925
1142.0,0.3747093589229723
1143.0,0.42894623734603277
1144.0,-0.11442381465996139
1144.0,0.39278089326291327
1145.0,-0.10771620744764902
1145.0,0.4064064760472149
1146.0,-0.0755939220125269
1146.0,0.36650380595417675
1150.0,-0.0213928859410515
1153.0,0.03906220781238079
1153.0,0.3855546696719788
1156.0,0.01621223744841224
1157.0,-0.02666175357041067
1159.0,0.09202274299740468
1159.0,0.4888679970485891
1160.0,0.06421597659581492
1160.0,0.47642229293605176
1162.0,0.06319096639138208
1164.0,0.05638319260854718
1165.0,0.08772454598413722
1166.0,-0.48132591532919367
1167.0,0.13835343602662611
1168.0,-0.4529861066650907
1168.0,0.05995701219219469
1169.0,0.09271071122745327
1170.0,0.09228821853587896
1172.0,-0.32423438836685187
1172.0,0.10087956049514575
1173.0,-0.3536869337634736
1173.0,0.12879802566878465
1174.0,-0.41086208567486293
1175.0,-0.35844995650497086
1177.0,0.2282995215698753
1178.0,-0.3647945745682075
1178.0,0.15039688584616787
1180.0,0.2018947147576574
1182.0,-0.2979687307315905
1183.0,0.2796487997606431
1184.0,-0.3398364130795099
1185.0,-0.21643446789387247
1185.0,0.16564017478887713
1186.0,0.24121717728830477
1187.0,0.2780497933455351
1188.0,-0.2875219346823767
1189.0,-0.18535163884666472
1189.0,0.2611964914044461
1190.0,-0.21891101902821974
1190.0,0.22657068087619164
1191.0,0.3212525635844636
1192.0,-0.282852426940394
1194.0,-0.10502713218674037
1194.0,0.2190210777553989
1195.0,0.31756387409949455
1197.0,-0.18055572379582183
1198.0,-0.12681944563069375
1198.0,0.3177809222908541
1199.0,-0.18711659508446005
1200.0,-0.1093902784569378
1200.0,0.3457186770196955
1201.0,-0.1669533841678443
1202.0,0.4318262681796879
1203.0,-0.1901662235912373
1204.0,0.4074102183293834
1205.0,0.3842231496593136
1206.0,0.40293755240560974
1207.0,0.45717443082880366
1208.0,-0.0861956211771905
1208.0,0.42100908674568416
1209.0,-0.07948801396487815
1209.0,0.4346346695299858
1210.0,-0.04736572852975603
1210.0,0.3947319994370811
1214.0,0.006835307541585933
1217.0,0.06729040129515167
1217.0,0.4137828631547497
1220.0,0.04444043093104967
1221.0,0.0015664399123602138
1223.0,0.1202509364800421
1224.0,-0.48290380946873374
1224.0,0.09244417007871926
1225.0,-0.4953495135811376
1226.0,0.09141915987415296
1228.0,0.08461138609118461
1229.0,0.11595273946704156
1230.0,-0.4530977218465562
1231.0,0.166581629509397
1232.0,-0.4247579131821864
1232.0,0.08818520567496557
1233.0,0.12093890471022416
1234.0,0.12051641201851639
1236.0,-0.2960061948842144
1236.0,0.12910775397778318
1237.0,-0.3254587402807027
1237.0,0.15702621915142206
1238.0,-0.3826338921919586
1239.0,-0.33022176302246686
1241.0,0.25652771505264615
1242.0,-0.33656638108543663
1242.0,0.17862507932893876
1244.0,0.23012290824042828
1246.0,-0.2697405372488197
1247.0,0.30787699324328055
1248.0,-0.311608219596739
1249.0,-0.18820627441096816
1249.0,0.19386836827164802
1250.0,0.2694453707709422
1251.0,0.3062779868285729
1252.0,-0.25929374119947235
1253.0,-0.15712344536389383
1253.0,0.28942468488708356
1254.0,-0.19068282554571575
1254.0,0.2547988743588291
1255.0,0.3494807570673679
1256.0,-0.2546242334576231
1258.0,-0.07679893870396949
1258.0,0.24724927123830323
1259.0,0.34579206758226544
1261.0,-0.1523275303129175
1262.0,-0.09859125214792287
1262.0,0.346009115773625
1263.0,-0.15888840160168916
1264.0,-0.08116208497403346
1264.0,0.3739468705024664
1265.0,-0.1387251906850734
1266.0,0.46005446166232533
1267.0,-0.16193803010859986
1268.0,0.43563841181202084
1269.0,0.412451343141951
1270.0,0.4311657458885141
1271.0,0.485402624311708
1272.0,-0.05796742769428617
1272.0,0.4492372802285885
1273.0,-0.05125982048224071
1273.0,0.46286286301262325
1274.0,-0.01913753504711859
1274.0,0.42296019291971854
1278.0,0.03506350102449027
1281.0,0.09551859477778911
1281.0,0.44201105663738716
1284.0,0.072668624413954
1285.0,0.029794633395264548
1287.0,0.14847912996267953
1288.0,-0.45467561598609635
1288.0,0.12067236356135669
1289.0,-0.46712132009850016
1290.0,0.1196473533570573
1292.0,0.11283957957408894
1293.0,0.14418093294967899
1294.0,-0.4248695283639188
1295.0,0.19480982299203442
1296.0,-0.396529719699549
1296.0,0.116413399157603
1297.0,0.14916709819286159
1298.0,0.1487446055014207
1300.0,-0.267778001401577
1300.0,0.15733594746042062
1301.0,-0.29723054679806526
1301.0,0.1852544126340595
1302.0,-0.35440569870932115
1303.0,-0.3019935695395626
1305.0,0.2847559085355505
1306.0,-0.3083381876025323
1306.0,0.2068532728118431
1308.0,0.25835110172306575
1310.0,-0.24151234376591532
1311.0,0.3361051867261849
1312.0,-0.28338002611383467
1313.0,-0.1599780809283307
1313.0,0.22209656175428544
1314.0,0.29767356425357966
1315.0,0.33450618031121027
1316.0,-0.23106554771683493
1317.0,-0.1288952518809895
1317.0,0.3176528783699879
1318.0,-0.16245463206281144
1318.0,0.2830270678417334
1319.0,0.37770895055027226
1320.0,-0.22639603997498564
1322.0,-0.048570745221332055
1322.0,0.27547746472094065
1323.0,0.3740202610649029
1325.0,-0.12409933683001316
1326.0,-0.07036305866501853
1326.0,0.3742373092565293
1327.0,-0.1306602081190517
1328.0,-0.05293389149139603
1328.0,0.40217506398510383
1329.0,-0.11049699720243598
1330.0,0.48828265514522967
1331.0,-0.13370983662569552
1332.0,0.4638666052949252
1333.0,0.4406795366245884
1334.0,0.4593939393711515
1336.0,-0.4863691822056148
1336.0,-0.029739234211648737
1336.0,0.4774654737112259
1337.0,-0.02303162699933638
1337.0,0.4910910564955276
1338.0,0.009090658435785742
1338.0,0.4511883864026229
1342.0,0.0632916945071277
1345.0,0.12374678826069344
1345.0,0.4702392501202915
1348.0,0.10089681789659144
1349.0,0.05802282687790198
1351.0,0.17670732344558387
1352.0,-0.426447422503192
1352.0,0.14890055704426103
1353.0,-0.4388931266155958
1354.0,0.14787554683969473
1356.0,0.14106777305672638
1357.0,0.17240912643258333
1358.0,-0.39664133488101444
1359.0,0.22303801647493876
1360.0,-0.36830152621691153
1360.0,0.14464159264024043
1361.0,0.17739529167549903
1362.0,0.17697279898405816
1364.0,-0.23954980791867267
1364.0,0.18556414094332496
1365.0,-0.2690023533151609
1365.0,0.21348260611696385
1366.0,-0.3261775052264168
1367.0,-0.27376537605692514
1369.0,0.31298410201818794
1370.0,-0.2801099941198949
1370.0,0.2350814662944805
1372.0,0.28657929520597003
1374.0,-0.2132841502832779
1375.0,0.36433338020882233
1376.0,-0.25515183263119723
1377.0,-0.13174988744542637
1377.0,0.2503247552371898
1378.0,0.325901757736484
1379.0,0.3627343737938477
1380.0,-0.2028373542341975
1381.0,-0.10066705839835206
1381.0,0.34588107185262534
1382.0,-0.134226438580174
1382.0,0.31125526132437087
1383.0,0.40593714403290965
1384.0,-0.1981678464920813
1386.0,-0.020342551738427726
1386.0,0.303705658203845
1387.0,0.4022484545475403
1389.0,-0.09587114334737573
1390.0,-0.042134865182381104
1390.0,0.40246550273916676
1391.0,-0.10243201463614739
1392.0,-0.0247056980084917
1392.0,0.4304032574680081
1393.0,-0.08226880371953164
1395.0,-0.48348915137209314
1395.0,-0.1054816431430581
1396.0,0.49209479877756257
1397.0,0.46890773010749276
1398.0,0.48762213285405587
1400.0,-0.4581409887227105
1400.0,-0.0015110407287444046
1401.0,-0.4943063328060969
1401.0,0.005196566483301054
1402.0,-0.4806807500217953
1402.0,0.03731885191842318
1402.0,0.4794165798852603
1406.0,0.09151988799003204
1409.0,0.15197498174333088
1409.0,0.4984674436029289
1412.0,0.12912501137949578
1413.0,0.08625102036080631
1415.0,0.20493551692822132
1416.0,-0.39821922902055457
1416.0,0.17712875052689844
1417.0,-0.41066493313295843
1418.0,0.17610374032259907
1420.0,0.16929596653963072
1421.0,0.20063731991522074
1422.0,-0.36841314139837705
1423.0,0.2512662099575762
1424.0,-0.3400733327340072
1424.0,0.17286978612314477
1425.0,0.20562348515840334
1426.0,0.2052009924669625
1428.0,-0.21132161443603523
1428.0,0.21379233442596238
1429.0,-0.24077415983252348
1429.0,0.24171079959960126
1430.0,-0.29794931174377937
1431.0,-0.2455371825740208
1433.0,0.3412122955010923
1434.0,-0.25188180063725746
1434.0,0.26330965977711795
1436.0,0.3148074886886075
1438.0,-0.18505595680037357
1439.0,0.3925615736917267
1440.0,-0.22692363914829292
1441.0,-0.10352169396278894
1441.0,0.2785529487198272
1442.0,0.3541299512191214
1443.0,0.39096256727648515
1444.0,-0.17460916075129315
1445.0,-0.07243886491544774
1445.0,0.37410926533552963
1446.0,-0.10599824509726966
1446.0,0.3394834548072752
1447.0,0.434165337515814
1448.0,-0.1699396530094439
1450.0,0.007885641744209708
1450.0,0.33193385168648243
1451.0,0.43047664803044466
1453.0,-0.06764294986447139
1454.0,-0.013906671699743668
1454.0,0.4306936962218042
1455.0,-0.07420382115350996
1456.0,0.003522495474145735
1456.0,0.45863145095064556
1457.0,-0.054040610236894215
1459.0,-0.4552609578891888
1459.0,-0.07725344966015377
1461.0,-0.47967700773976024
1461.0,0.4971359235901302
1463.0,-0.48414967366326694
1464.0,-0.4299127952400731
1464.0,0.02671715275389303
1465.0,-0.4660781393231926
1465.0,0.033424759966205385
1466.0,-0.45245255653889094
1466.0,0.06554704540132751
1467.0,-0.4923552266317956
1470.0,0.11974808147266947
1473.0,0.1802031752262352
1474.0,-0.47330436291439393
1476.0,0.1573532048621332
1477.0,0.11447921384344374
1479.0,0.23316371041112566
1480.0,-0.3699910355376502
1480.0,0.20535694400980278
1481.0,-0.382436739650321
1482.0,0.20433193380523648
1484.0,0.19752416002226814
1485.0,0.22886551339812508
1486.0,-0.3401849479154727
1487.0,0.27949440344048054
1488.0,-0.31184513925136975
1488.0,0.2010979796057822
1489.0,0.23385167864104078
1490.0,0.2334291859495999
1492.0,-0.1830934209531309
1492.0,0.24202052790886672
1493.0,-0.21254596634961917
1493.0,0.26993899308250563
1494.0,-0.269721118260875
1495.0,-0.21730898909138335
1497.0,0.3694404889837297
1498.0,-0.22365360715435312
1498.0,0.2915378532600223
1500.0,0.3430356821715118
1502.0,-0.15682776331773612
1503.0,0.4207897671743641
1504.0,-0.19869544566565547
1505.0,-0.07529350047988462
1505.0,0.30678114220273156
1506.0,0.3823581447020257
1507.0,0.4191907607593895
1508.0,-0.1463809672686557
1509.0,-0.0442106714328103
1509.0,0.40233745881816707
1510.0,-0.07777005161463223
1510.0,0.3677116482899126
1511.0,0.46239353099845143
1512.0,-0.14171145952653955
1514.0,0.03611383522711404
1514.0,0.36016204516938677
1515.0,0.4587048415130821
1517.0,-0.03941475638183396
1518.0,0.014321521783160665
1518.0,0.45892188970470854
1519.0,-0.045975627670605625
1520.0,0.03175068895705007
1520.0,0.4868596444335499
1521.0,-0.025812416754256783
1523.0,-0.4270327644065514
1523.0,-0.04902525617751633
1525.0,-0.4514488142568559
1526.0,-0.4746358829269257
1527.0,-0.45592148018036266
1528.0,-0.40168460175743564
1528.0,0.05494534623653046
1529.0,-0.43784994584055514
1529.0,0.06165295344884282
1530.0,-0.4242243630562535
1530.0,0.09377523888396494
1531.0,-0.46412703314915815
1534.0,0.1479762749555738
1537.0,0.20843136870887263
1538.0,-0.4450761694314896
1540.0,0.18558139834503753
1541.0,0.14270740732634807
1543.0,0.2613919038937631
1544.0,-0.3417628420550128
1544.0,0.23358513749244023
1545.0,-0.35420854616741665
1546.0,0.23256012728814082
1548.0,0.22575235350490558
1549.0,0.2570937068807625
1550.0,-0.31195675443283527
1551.0,0.307722596923118
1552.0,-0.2836169457684654
1552.0,0.22932617308868652
1553.0,0.2620798721239451
1554.0,0.2616573794325043
1556.0,-0.15486522747049347
1556.0,0.27024872139150413
1557.0,-0.18431777286698173
1557.0,0.298167186565143
1558.0,-0.2414929247782376
1559.0,-0.189080795608479
1561.0,0.39766868246663406
1562.0,-0.19542541367171568
1562.0,0.31976604674265974
1564.0,0.37126387565414926
1566.0,-0.1285995698348318
1567.0,0.4490179606572684
1568.0,-0.17046725218301803
1569.0,-0.047065306997247175
1569.0,0.335009335685369
1570.0,0.41058633818466317
1571.0,0.44741895424202693
1572.0,-0.11815277378575138
1573.0,-0.015982477949905968
1573.0,0.4305656523010714
1574.0,-0.049541858131727894
1574.0,0.39593984177281694
1575.0,0.49062172448108887
1576.0,-0.1134832660439021
1578.0,0.06434202870975148
1578.0,0.3883902386520242
1579.0,0.4869330349959864
1581.0,-0.011186562898929628
1582.0,0.0425497152657981
1582.0,0.48715008318734593
1583.0,-0.017747434187968193
1584.0,0.0599788824396875
1585.0,-0.4849121620837729
1585.0,0.002415776728647551
1587.0,-0.3988045709236471
1587.0,-0.020797062694611994
1589.0,-0.42322062077421846
1590.0,-0.44640768944428827
1591.0,-0.4276932866977252
1592.0,-0.3734564082745313
1592.0,0.0831735397194348
1593.0,-0.4096217523576508
1593.0,0.08988114693174715
1594.0,-0.39599616957334915
1594.0,0.12200343236686928
1595.0,-0.43589883966652077
1598.0,0.17620446843821122
1601.0,0.23665956219177697
1602.0,-0.41684797594885215
1604.0,0.21380959182767498
1605.0,0.1709356008089855
1607.0,0.2896200973766674
1608.0,-0.31353464857210844
1608.0,0.26181333097534454
1609.0,-0.3259803526847792
1610.0,0.26078832077077824
1612.0,0.2539805469878099
1613.0,0.28532190036366684
1614.0,-0.28372856094993093
1615.0,0.3359507904057554
1616.0,-0.25538875228582797
1616.0,0.25755436657132397
1617.0,0.29030806560658257
1618.0,0.28988557291514166
1620.0,-0.12663703398758913
1620.0,0.29847691487440847
1621.0,-0.1560895793840774
1621.0,0.32639538004804736
1622.0,-0.21326473129560017
1623.0,-0.1608526021258416
1625.0,0.42589687594927145
1626.0,-0.16719722018881134
1626.0,0.3479942402255641
1628.0,0.3994920691370536
1630.0,-0.10037137635219437
1631.0,0.47724615413990584
1632.0,-0.14223905870011372
1633.0,-0.018837113514342845
1633.0,0.3632375291682733
1634.0,0.4388145316675675
1635.0,0.4756471477249313
1636.0,-0.08992458030311395
1637.0,0.012245715532731466
1637.0,0.45879384578370885
1638.0,-0.02131366464909046
1638.0,0.4241680352554544
1640.0,-0.48115008203596704
1640.0,-0.08525507256099778
1642.0,0.0925702221923889
1642.0,0.4166184321346616
1644.0,-0.4848387715213364
1645.0,0.017041630583707806
1646.0,0.07077790874870243
1647.0,-0.48462172332971
1647.0,0.010480759294936142
1648.0,0.08820707592259183
1649.0,-0.45668396860113547
1649.0,0.030643970211284986
1651.0,-0.37057637744100963
1651.0,0.0074311307880254385
1653.0,-0.3949924272913141
1654.0,-0.41817949596138393
1655.0,-0.3994650932148209
1656.0,-0.34522821479189386
1656.0,0.11140173320207222
1657.0,-0.38139355887501336
1657.0,0.11810934041438459
1658.0,-0.3677679760907117
1658.0,0.1502316258495067
1659.0,-0.4076706461836164
1662.0,0.20443266192084866
1665.0,0.2648877556744144
1666.0,-0.3886197824659478
1668.0,0.2420377853105793
1669.0,0.19916379429162295
1671.0,0.3178482908593048
1672.0,-0.285306455089471
1672.0,0.290041524457982
1673.0,-0.29775215920187487
1674.0,0.2890165142536826
1676.0,0.28220874047044736
1677.0,0.3135500938463043
1678.0,-0.2555003674672935
1679.0,0.3641789838886597
1680.0,-0.22716055880292366
1680.0,0.2857825600542283
1681.0,0.3185362590894869
1682.0,0.318113766398046
1684.0,-0.09840884050495169
1684.0,0.3267051083570459
1685.0,-0.12786138590143994
1685.0,0.3546235735306848
1686.0,-0.18503653781269586
1687.0,-0.13262440864293726
1689.0,0.4541250694319089
1690.0,-0.13896902670617392
1690.0,0.37622243370820146
1692.0,0.42772026261969104
1694.0,-0.07214318286929004
1696.0,-0.49452565237741697
1696.0,-0.11401086521747628
1697.0,0.009391079968294589
1697.0,0.39146572265091073
1698.0,0.46704272515020495
1700.0,-0.49612465879239154
1700.0,-0.06169638682020962
1701.0,0.0404739090156358
1701.0,0.4870220392666132
1702.0,0.006914528833813871
1702.0,0.4523962287383587
1704.0,-0.4529218885533296
1704.0,-0.05702687907836034
1706.0,0.12079841567529324
1706.0,0.44484662561756594
1708.0,-0.4566105780384321
1709.0,0.04526982406634524
1710.0,0.09900610223133986
1711.0,-0.45639352984707254
1711.0,0.03870895277757357
1712.0,0.11643526940522926
1713.0,-0.42845577511823113
1713.0,0.058872163694189315
1715.0,-0.3423481839581053
1715.0,0.03565932427092977
1717.0,-0.3667642338086767
1718.0,-0.38995130247874654
1719.0,-0.37123689973218343
1720.0,-0.3170000213089895
1720.0,0.13962992668497656
1721.0,-0.353165365392109
1721.0,0.14633753389728893
1722.0,-0.33953978260780737
1722.0,0.17845981933241103
1723.0,-0.379442452700979
1726.0,0.232660855403753
1729.0,0.29311594915731876
1730.0,-0.36039158898331036
1732.0,0.27026597879321673
1733.0,0.22739198777452727
1735.0,0.34607648434220917
1736.0,-0.2570782616068336
1736.0,0.3182697179406194
1737.0,-0.2695239657192374
1738.0,0.31724470773632
1740.0,0.3104369339533517
1741.0,0.3417782873292086
1742.0,-0.22727217398438918
1743.0,0.39240717737129716
1744.0,-0.19893236532028624
1744.0,0.31401075353686575
1745.0,0.3467644525721243
1746.0,0.34634195988068345
1748.0,-0.07018064702204736
1748.0,0.35493330183995025
1749.0,-0.09963319241853562
1749.0,0.38285176701358914
1750.0,-0.1568083443300584
1751.0,-0.10439621516029982
1753.0,0.48235326291481323
1754.0,-0.11074083322326958
1754.0,0.4044506271911058
1756.0,0.4559484561023285
1758.0,-0.043914989386919505
1760.0,-0.46629745889451263
1760.0,-0.08578267173457194
1761.0,0.03761927345119892
1761.0,0.41969391613381507
1762.0,0.4952709186331093
1764.0,-0.46789646530975415
1764.0,-0.033468193337572186
1765.0,0.06870210249827323
1766.0,-0.4847497672507096
1766.0,0.035142722316451304
1766.0,0.48062442222099616
1768.0,-0.42469369507069216
1768.0,-0.02879868559545601
1770.0,0.14902660915793067
1770.0,0.4730748191002034
1772.0,-0.42838238455579464
1773.0,0.07349801754924958
1774.0,0.1272342957142442
1775.0,-0.4281653363641682
1775.0,0.0669371462604779
1776.0,0.1446634628881336
1777.0,-0.4002275816355937
1777.0,0.08710035717682675
1779.0,-0.31411999047546785
1779.0,0.0638875177535672
1781.0,-0.33853604032577234
1782.0,-0.3617231089958422
1783.0,-0.343008706249546
1784.0,-0.2887718278263521
1784.0,0.167858120167614
1785.0,-0.32493717190947163
1785.0,0.17456572737992634
1786.0,-0.31131158912516993
1786.0,0.20668801281504848
1787.0,-0.35121425921807464
1790.0,0.2608890488863904
1793.0,0.32134414263995614
1794.0,-0.332163395500406
1796.0,0.2984941722761211
1797.0,0.25562018125716474
1799.0,0.3743046778248466
1800.0,-0.22885006812392927
1800.0,0.34649791142352376
1801.0,-0.2412957722363331
1802.0,0.34547290121922436
1804.0,0.3386651274359891
1805.0,0.37000648081184606
1806.0,-0.19904398050175173
1807.0,0.4206353708542015
1808.0,-0.1707041718373819
1808.0,0.3422389470197701
1809.0,0.37499264605502863
1810.0,0.3745701533633209
1812.0,-0.04195245353940993
1812.0,0.3831614953225877
1813.0,-0.07140499893589819
1813.0,0.4110799604962266
1814.0,-0.12858015084715407
1815.0,-0.07616802167739549
1818.0,-0.4894185436025096
1818.0,-0.08251263974063214
1818.0,0.43267882067374325
1820.0,0.48417664958523277
1822.0,-0.015686795904015168
1824.0,-0.4380692654118752
1824.0,-0.05755447825193451
1825.0,0.06584746693383635
1825.0,0.4479221096164525
1827.0,-0.4765008878842135
1828.0,-0.4396682718268498
1828.0,-0.005239999854667856
1829.0,0.09693029598117757
1830.0,-0.4565215737680722
1830.0,0.06337091579908874
1831.0,-0.49114738429632665
1832.0,-0.39646550158805477
1832.0,-0.0005704921128185741
1834.0,0.177254802640835
1834.0,0.5013030125831077
1836.0,-0.4001541910728903
1837.0,0.101726211031887
1838.0,0.15546248919688163
1839.0,-0.39993714288153076
1839.0,0.09516533974311533
1840.0,0.17289165637077103
1841.0,-0.3719993881526894
1841.0,0.11532855065973108
1843.0,-0.2858917969925635
1843.0,0.09211571123647154
1845.0,-0.31030784684313495
1846.0,-0.33349491551320476
1847.0,-0.31478051276664165
1848.0,-0.26054363434344774
1848.0,0.19608631365051832
1849.0,-0.2967089784265673
1849.0,0.20279392086283068
1850.0,-0.28308339564253254
1850.0,0.23491620629768592
1851.0,-0.3229860657354372
1854.0,0.28911724236929476
1857.0,0.3495723361225936
1858.0,-0.30393520201776864
1860.0,0.3267223657587585
1861.0,0.283848374740069
1863.0,0.40253287130775095
1864.0,-0.20062187464129183
1864.0,0.3747261049061612
1865.0,-0.21306757875369567
1866.0,0.3737010947018618
1868.0,0.36689332091889343
1869.0,0.3982346742947504
1870.0,-0.1708157870188474
1871.0,0.44886356433683894
1872.0,-0.14247597835474446
1872.0,0.3704671405024075
1873.0,0.4032208395376661
1874.0,0.40279834684622523
1876.0,-0.013724260056505596
1876.0,0.41138968880549204
1877.0,-0.04317680545326076
1877.0,0.439308153978864
1878.0,-0.10035195736451664
1879.0,-0.047939828194758054
1882.0,-0.46119035011960524
1882.0,-0.054284446257727804
1882.0,0.4609070141566476
1885.0,-0.48759515693209005
1886.0,0.012541397578622264
1888.0,-0.40984107192897085
1888.0,-0.029326284769030174
1889.0,0.09407566041674069
1889.0,0.47615030309935685
1891.0,-0.44827269440157613
1892.0,-0.41144007834421237
1892.0,0.022988193627969576
1893.0,0.125158489463815
1894.0,-0.4282933802851679
1894.0,0.09159910928199307
1895.0,-0.4629191908134223
1896.0,-0.36823730810515043
1896.0,0.02765770137008576
1898.0,0.20548299612347243
1899.0,-0.4704687939342151
1900.0,-0.37192599759025285
1901.0,0.12995440451479134
1902.0,0.18369068267978597
1903.0,-0.3717089493986264
1903.0,0.12339353322601967
1904.0,0.20111984985314157
1905.0,-0.34377119467005196
1905.0,0.14355674414236852
1907.0,-0.25766360350992606
1907.0,0.12034390471910897
1909.0,-0.2820796533602306
1910.0,-0.3052667220303004
1911.0,-0.28655231928400426
1912.0,-0.23231544086081032
1912.0,0.22431450713315576
1913.0,-0.26848078494392985
1913.0,0.23102211434546813
1914.0,-0.2548552021596282
1914.0,0.26314439978059023
1915.0,-0.29475787225253286
1918.0,0.3173454358519322
1921.0,0.3778005296054979
1922.0,-0.2757070085348643
1924.0,0.35495055924139596
1925.0,0.31207656822270646
1927.0,0.4307610647903884
1928.0,-0.1723936811583875
1928.0,0.40295429838906555
1929.0,-0.18483938527079136
1930.0,0.40192928818476614
1932.0,0.39512151440153087
1933.0,0.42646286777712095
1934.0,-0.14258759353620998
1935.0,0.4770917578197433
1936.0,-0.11424778487184013
1936.0,0.3986953339853118
1937.0,0.4314490330205704
1938.0,0.4310265403288627
1940.0,0.014503933426131838
1940.0,0.4396178822881294
1941.0,-0.014948611970356424
1941.0,0.4675363474617683
1942.0,-0.07212376388161232
1943.0,-0.019711634711853724
1946.0,-0.4329621566369678
1946.0,-0.026056252775090376
1946.0,0.48913520763928503
1949.0,-0.4593669634491857
1950.0,0.0407695910615266
1952.0,-0.3816128784463334
1952.0,-0.0010980912863927403
1953.0,0.12230385389937812
1954.0,-0.49562150341796596
1955.0,-0.4200445009186718
1956.0,-0.383211884861308
1956.0,0.05121638711087391
1957.0,0.15338668294671934
1958.0,-0.40006518680253045
1958.0,0.11982730276463051
1959.0,-0.4346909973307849
1960.0,-0.340009114622513
1960.0,0.05588589485272319
1962.0,0.23371118960637677
1963.0,-0.44224060045131075
1964.0,-0.3436978041073485
1965.0,0.15818259799742876
1966.0,0.2119188761624234
1967.0,-0.343480755915989
1967.0,0.15162172670865712
1968.0,0.2293480433360459
1969.0,-0.3155430011871476
1969.0,0.17178493762527286
1971.0,-0.22943541002728865
1971.0,0.1485720982017464
1973.0,-0.25385145987759317
1974.0,-0.277038528547663
1975.0,-0.2583241258010999
1976.0,-0.204087247377906
1976.0,0.2525427006160601
1977.0,-0.2402525914610255
1977.0,0.25925030782837244
1978.0,-0.22662700867699076
1978.0,0.2913725932632277
1979.0,-0.2665296787698954
1982.0,0.34557362933483654
1985.0,0.40602872308813537
1986.0,-0.24747881505222685
1988.0,0.38317875272430024
1989.0,0.3403047617056108
1991.0,0.45898925827302584
1992.0,-0.14416548767575005
1992.0,0.43118249187170293
1993.0,-0.15661119178815391
1994.0,0.43015748166740353
1996.0,0.4233497078844352
1997.0,0.45469106126002523
1998.0,-0.11435940005357254
2000.0,-0.49468004869757953
2000.0,-0.08601959138920269
2000.0,0.42692352746794926
2001.0,0.45967722650320786
2002.0,0.45925473381176696
2004.0,0.04273212690903617
2004.0,0.46784607577103376
2005.0,0.013279581512281008
2005.0,0.49576454094440575
2006.0,-0.04389557039897488
2007.0,0.008516558770783712
2010.0,-0.40473396315406346
2010.0,0.0021719407078139587
2011.0,-0.4826365988777709
2013.0,-0.43113876996654826
2014.0,0.06899778454416403
2016.0,-0.3533846849634291
2016.0,0.02713010219651159
2017.0,0.15053204738201556
2018.0,-0.4673933099353285
2019.0,-0.39181630743603435
2020.0,-0.3549836913786706
2020.0,0.07944458059351134
2021.0,0.18161487642908986
2022.0,-0.3718369933196261
2022.0,0.14805549624753483
2023.0,-0.4064628038478806
2024.0,-0.31178092113960865
2024.0,0.08411408833562753
2026.0,0.2619393830890142
2027.0,-0.4140124069686733
2028.0,-0.3154696106247111
2029.0,0.1864107914800662
2030.0,0.24014706964532773
2031.0,-0.31525256243308464
2031.0,0.17984992019156143
2032.0,0.25757623681868336
2033.0,-0.2873148077045102
2033.0,0.20001313110791027
2035.0,-0.2012072165443843
2035.0,0.17680029168465075
2037.0,-0.22562326639468883
2038.0,-0.24881033506502556
2039.0,-0.23009593231846248
2040.0,-0.17585905389553547
2040.0,0.28077089409869754
2041.0,-0.21202439797838807
2041.0,0.2874785013110099
2042.0,-0.19839881519408642
2042.0,0.319600786746132
2043.0,-0.2383014852869911
2046.0,0.373801822817474
2049.0,0.4342569165710397
2050.0,-0.2192506215693225
2052.0,0.4114069462069377
2053.0,0.36853295518824825
2055.0,0.4872174517559301
2056.0,-0.11593729419284572
2056.0,0.4594106853546073
2057.0,-0.12838299830524957
2058.0,0.45838567515030787
2060.0,0.45157790136707265
2061.0,0.4829192547426627
2062.0,-0.0861312065706682
2064.0,-0.46645185521467525
2064.0,-0.057791397906298364
2064.0,0.4551517209508536
2065.0,0.4879054199855784
2066.0,0.4874829272946713
2068.0,0.0709603203916736
2068.0,0.4960742692539381
2069.0,0.04150777499518534
2070.0,-0.47600726557265016
2070.0,-0.015667376916337447
2071.0,0.03674475225368804
2074.0,-0.37650576967169297
2074.0,0.030400134190451393
2075.0,-0.45440840539486654
2077.0,-0.4029105764839108
2078.0,0.09722597802706837
2080.0,-0.3251564914807917
2080.0,0.055358295678882126
2081.0,0.17876024086465298
2082.0,-0.43916511645215733
2083.0,-0.36358811395313
2084.0,-0.32675549789576624
2084.0,0.10767277407641568
2085.0,0.2098430699117273
2086.0,-0.34360879983698867
2086.0,0.17628368973043917
2087.0,-0.37823461036497624
2088.0,-0.2835527276569712
2088.0,0.11234228181826496
2090.0,0.29016757657191855
2091.0,-0.3857842134855021
2092.0,-0.2872414171423406
2093.0,0.21463898496270364
2094.0,0.26837526312796517
2095.0,-0.28702436895071415
2095.0,0.20807811367419887
2096.0,0.28580443030158764
2097.0,-0.25908661422160584
2097.0,0.22824132459081461
2099.0,-0.1729790230617469
2099.0,0.20502848516728817
2101.0,-0.19739507291205138
2102.0,-0.22058214158212122
2103.0,-0.20186773883555814
2104.0,-0.14763086041263113
2104.0,0.308999087581335
2105.0,-0.18379620449548376
2105.0,0.3157066947939142
2106.0,-0.17017062171144898
2106.0,0.34782898022876946
2107.0,-0.21007329180435366
2110.0,0.40203001630011137
2113.0,0.46248511005367715
2114.0,-0.19102242808641817
2116.0,0.439635139689842
2117.0,0.3967611486714195
2120.0,-0.4845543547611258
2120.0,-0.0877091007102083
2120.0,0.4876388788369778
2121.0,-0.10015480482234525
2122.0,0.4866138686329453
2124.0,0.4798060948502439
2126.0,-0.48885255177466014
2126.0,-0.057903013088030766
2128.0,-0.4382236617320378
2128.0,-0.02956320442366093
2128.0,0.48337991443349104
2130.0,-0.4838663865314775
2131.0,-0.4842888792223846
2132.0,0.09918851387431103
2133.0,-0.4756975372633847
2133.0,0.06973596847782278
2134.0,-0.4477790720900127
2134.0,0.012560816566299987
2135.0,0.06497294573632548
2138.0,-0.34827757618878863
2138.0,0.058628327673355726
2139.0,-0.42618021191222916
2141.0,-0.3746823830012734
2142.0,0.1254541715097058
2144.0,-0.29692829799788734
2144.0,0.08358648916178646
2145.0,0.20698843434755732
2146.0,-0.4109369229695199
2147.0,-0.33535992047049257
2148.0,-0.29852730441312886
2148.0,0.13590096755905312
2149.0,0.23807126339463164
2150.0,-0.3153806063540843
2150.0,0.20451188321334351
2151.0,-0.3500064168820719
2152.0,-0.25532453417406686
2152.0,0.14057047530116928
2154.0,0.318395770054556
2155.0,-0.3575560200028647
2156.0,-0.25901322365943624
2157.0,0.24286717844560798
2158.0,0.2966034566108695
2159.0,-0.2587961754680767
2159.0,0.23630630715683631
2160.0,0.3140326237842251
2161.0,-0.23085842073896842
2161.0,0.25646951807345203
2163.0,-0.14475082957884255
2163.0,0.2332566786501925
2165.0,-0.16916687942914707
2166.0,-0.19235394809948378
2167.0,-0.1736395453529207
2168.0,-0.1194026669299937
2168.0,0.3372272810639724
2169.0,-0.1555680110128463
2169.0,0.34393488827655166
2170.0,-0.14194242822854466
2170.0,0.3760571737116738
2171.0,-0.18184509832144935
2174.0,0.4302582097827488
2177.0,0.4907133035365815
2178.0,-0.16279423460351383
2180.0,0.46786333317247947
2181.0,0.4249893421540569
2184.0,-0.45632616127822145
2184.0,-0.05948090722730396
2185.0,-0.4841329276800781
2185.0,-0.07192661133944091
2187.0,-0.4851579378843775
2189.0,-0.4919657116670789
2190.0,-0.4606243582917558
2190.0,-0.029674819605126437
2192.0,-0.40999546824913347
2192.0,-0.0013350109407565967
2193.0,-0.48839189208383177
2194.0,-0.4556381930488401
2195.0,-0.4560606857397472
2196.0,0.12741670735721536
2197.0,-0.44746934378048037
2197.0,0.0979641619607271
2198.0,-0.4195508786071084
2198.0,0.04078901004920432
2199.0,0.0932011392192298
2202.0,-0.3200493827061512
2202.0,0.08685652115599315
2203.0,-0.3979520184293248
2205.0,-0.34645418951836904
2206.0,0.15368236499234322
2208.0,-0.2687001045152499
2208.0,0.11181468264442389
2209.0,0.23521662783019476
2210.0,-0.38270872948661555
2211.0,-0.3071317269875882
2212.0,-0.2702991109302245
2212.0,0.16412916104195743
2213.0,0.2662994568772691
2214.0,-0.2871524128714469
2214.0,0.23274007669598093
2215.0,-0.32177822339943446
2216.0,-0.22709634069142945
2216.0,0.16879866878380673
2218.0,0.34662396353746033
2219.0,-0.32932782651996034
2220.0,-0.2307850301767988
2221.0,0.2710953719282454
2222.0,0.32483165009350695
2223.0,-0.23056798198517237
2223.0,0.26453450063974066
2224.0,0.3422608172671294
2225.0,-0.20263022725606408
2225.0,0.28469771155635637
2227.0,-0.11652263609620513
2227.0,0.26148487213282995
2229.0,-0.14093868594650963
2230.0,-0.16412575461657944
2231.0,-0.14541135187001636
2232.0,-0.09117447344708937
2232.0,0.3654554745468767
2233.0,-0.12733981753020887
2233.0,0.3721630817591891
2234.0,-0.11371423474590722
2234.0,0.4042853671943112
2235.0,-0.1536169048390788
2238.0,0.45848640326565315
2242.0,-0.4810585029807414
2242.0,-0.13456604112087642
2244.0,0.4960915266553838
2245.0,0.45321753563696127
2248.0,-0.428097967795584
2248.0,-0.03125271374466653
2249.0,-0.45590473419744065
2249.0,-0.04369841785680348
2251.0,-0.45692974440174006
2253.0,-0.46373751818444153
2254.0,-0.43239616480911836
2254.0,-0.0014466261224890017
2256.0,-0.381767274766496
2256.0,0.026893182541880837
2257.0,-0.46016369860092743
2258.0,-0.4274099995659358
2259.0,-0.42783249225684283
2260.0,0.1556449008398528
2261.0,-0.4192411502978429
2261.0,0.12619235544336455
2262.0,-0.39132268512447094
2262.0,0.06901720353184175
2263.0,0.12142933270186725
2266.0,-0.29182118922324685
2266.0,0.1150847146388975
2267.0,-0.3697238249466874
2269.0,-0.31822599603573165
2270.0,0.18191055847524756
2272.0,-0.24047191103234555
2272.0,0.14004287612732821
2273.0,0.2634448213128322
2274.0,-0.3544805360039781
2275.0,-0.27890353350495084
2276.0,-0.24207091744758708
2276.0,0.19235735452459488
2277.0,0.2945276503601734
2278.0,-0.25892421938854254
2278.0,0.26096827017888524
2279.0,-0.2935500299165301
2280.0,-0.198868147208792
2280.0,0.19702686226644417
2282.0,0.3748521570200977
2283.0,-0.3010996330373229
2284.0,-0.20255683669389446
2285.0,0.29932356541114974
2286.0,0.35305984357641124
2287.0,-0.20233978850253492
2287.0,0.2927626941223781
2288.0,0.37048901074976687
2289.0,-0.17440203377342664
2289.0,0.3129259050389938
2291.0,-0.08829444261330079
2291.0,0.2897130656157343
2293.0,-0.1127104924636053
2294.0,-0.13589756113394202
2295.0,-0.11718315838737894
2296.0,-0.06294627996445193
2296.0,0.39368366802951416
2297.0,-0.09911162404730454
2297.0,0.4003912752420934
2298.0,-0.08548604126300288
2298.0,0.4325135606772155
2299.0,-0.12538871135617446
2302.0,0.4867145967482906
2306.0,-0.45283030949783704
2306.0,-0.10633784763797208
2309.0,-0.475680279861939
2309.0,0.48144572911959865
2312.0,-0.39986977431267967
2312.0,-0.0030245202617621954
2313.0,-0.4276765407145363
2313.0,-0.015470224373899145
2315.0,-0.4287015509191026
2317.0,-0.4355093247015372
2318.0,-0.404167971326214
2318.0,0.026781567360415332
2320.0,-0.3535390812838586
2320.0,0.05512137602451827
2321.0,-0.43193550511829004
2322.0,-0.39918180608329834
2323.0,-0.3996042987742054
2324.0,0.18387309432275714
2325.0,-0.3910129568149386
2325.0,0.15442054892626889
2326.0,-0.3630944916415666
2326.0,0.09724539701474609
2327.0,0.14965752618450467
2330.0,-0.2635929957406094
2330.0,0.14331290812153494
2331.0,-0.34149563146378303
2333.0,-0.2899978025528273
2334.0,0.210138751957885
2336.0,-0.21224371754970814
2336.0,0.16827106960996566
2337.0,0.29167301479573654
2338.0,-0.32625234252107377
2339.0,-0.2506753400220465
2340.0,-0.21384272396468273
2340.0,0.22058554800749922
2341.0,0.3227558438428108
2342.0,-0.23069602590590513
2342.0,0.2891964636615227
2343.0,-0.2653218364338927
2344.0,-0.1706399537258877
2344.0,0.22525505574934848
2346.0,0.40308035050300206
2347.0,-0.27287143955468546
2348.0,-0.17432864321125704
2349.0,0.3275517588937872
2350.0,0.3812880370590487
2351.0,-0.1741115950196306
2351.0,0.3209908876052824
2352.0,0.3987172042326712
2353.0,-0.1461738402905223
2353.0,0.34115409852189815
2355.0,-0.06006624913066336
2355.0,0.31794125909837173
2357.0,-0.08448229898096786
2358.0,-0.10766936765103768
2359.0,-0.0889549649044746
2360.0,-0.0347180864815476
2360.0,0.4219118615124185
2361.0,-0.07088343056466712
2361.0,0.42861946872473083
2362.0,-0.05725784778036545
2362.0,0.46074175415985297
2363.0,-0.09716051787353704
2367.0,-0.4850572097690322
2370.0,-0.4246021160151996
2370.0,-0.07810965415533465
2373.0,-0.44745208637903466
2374.0,-0.49032607739772416
2376.0,-0.37164158083004223
2376.0,0.025203673220875238
2377.0,-0.3994483472318989
2377.0,0.012757969108738288
2379.0,-0.4004733574361983
2381.0,-0.40728113121889975
2382.0,-0.3759397778435766
2382.0,0.055009760843052764
2384.0,-0.32531088780095424
2384.0,0.0833495695074226
2385.0,-0.4037073116353857
2386.0,-0.370953612600394
2387.0,-0.37137610529130105
2388.0,0.21210128780539456
2389.0,-0.3627847633323012
2389.0,0.1826487424089063
2390.0,-0.3348662981589292
2390.0,0.12547359049738352
2391.0,0.17788571966740901
2394.0,-0.235364802257972
2394.0,0.17154110160417235
2395.0,-0.3132674379811456
2397.0,-0.26176960907018987
2398.0,0.23836694544052242
2400.0,-0.1840155240668038
2400.0,0.19649926309287
2401.0,0.3199012082783739
2402.0,-0.2980241490384363
2403.0,-0.22244714653940906
2404.0,-0.1856145304820453
2404.0,0.24881374149013663
2405.0,0.35098403732518135
2406.0,-0.20246783242326769
2406.0,0.317424657144427
2407.0,-0.23709364295152216
2408.0,-0.14241176024298335
2408.0,0.253483249231719
2410.0,0.4313085439856395
2411.0,-0.24464324607231494
2412.0,-0.1461004497288865
2413.0,0.3557799523766915
2414.0,0.4095162305414192
2415.0,-0.14588340153699317
2415.0,0.3492190810879198
2416.0,0.42694539771504175
2417.0,-0.11794564680788489
2417.0,0.3693822920048025
2419.0,-0.031838055648292826
2419.0,0.3461694525804753
2421.0,-0.05625410549833043
2422.0,-0.07944117416866715
2423.0,-0.06072677142237097
2424.0,-0.006489892998643267
2424.0,0.45014005499505594
2425.0,-0.04265523708229658
2425.0,0.4568476622071014
2426.0,-0.029029654297994922
2426.0,0.4889699476422235
2427.0,-0.06893232439063271
2431.0,-0.45682901628666167
2434.0,-0.39637392253282905
2434.0,-0.04988146067269721
2437.0,-0.41922389289693107
2438.0,-0.4620978839153536
2440.0,-0.3434133873476717
2440.0,0.05343186670324577
2441.0,-0.3712201537492615
2441.0,0.04098616259164262
2443.0,-0.372245163953294
2445.0,-0.3790529377362623
2446.0,-0.3477115843606723
2446.0,0.0832379543259571
2448.0,-0.29708269431831685
2448.0,0.11157776298979313
2449.0,-0.37547911815274826
2450.0,-0.34272541911748966
2451.0,-0.34314791180893056
2452.0,0.2403294812877651
2453.0,-0.33455656984939686
2453.0,0.21087693589127685
2454.0,-0.30663810467682556
2454.0,0.15370178397975406
2455.0,0.20611391315031335
2458.0,-0.20713660877560144
2458.0,0.1997692950868098
2459.0,-0.28503924449877505
2461.0,-0.23354141558781932
2462.0,0.2665951389234268
2464.0,-0.15578733058416636
2464.0,0.22472745657524051
2465.0,0.34812940176101137
2466.0,-0.26979595555606584
2467.0,-0.19421895305677161
2468.0,-0.15738633699967478
2468.0,0.2770419349725072
2469.0,0.3792122308083526
2470.0,-0.17423963894063027
2470.0,0.34565285062706447
2471.0,-0.20886544946835095
2472.0,-0.11418356676034591
2472.0,0.28171144271435644
2474.0,0.45953673746827695
2475.0,-0.2164150525896775
2476.0,-0.11787225624571528
2477.0,0.38400814585932896
2478.0,0.43774442402405667
2479.0,-0.11765520805435573
2479.0,0.37744727457055727
2480.0,0.45517359119767914
2481.0,-0.08971745332524744
2481.0,0.39761048548743994
2483.0,-0.00360986216512159
2483.0,0.37439764606364656
2485.0,-0.028025912015692996
2486.0,-0.05121298068602972
2487.0,-0.032498577939733535
2488.0,0.021738300483994166
2488.0,0.4783682484776934
2489.0,-0.014427043599659144
2489.0,0.4850758556897388
2490.0,-0.0008014608148236888
2491.0,-0.4828018588748324
2491.0,-0.040704130907995274
2495.0,-0.42860082280349043
2498.0,-0.3681457290501916
2498.0,-0.021653267190059777
2501.0,-0.39099569941429363
2502.0,-0.4338696904321824
2504.0,-0.3151851938645005
2504.0,0.081660060186417
2505.0,-0.34299196026662404
2505.0,0.06921435607428006
2507.0,-0.34401697047065655
2509.0,-0.35082474425309107
2510.0,-0.31948339087803485
2510.0,0.11146614780859453
2512.0,-0.2688545008356794
2512.0,0.13980595647243058
2513.0,-0.3472509246701108
2514.0,-0.3144972256348522
2515.0,-0.3149197183262931
2516.0,0.26855767477093634
2517.0,-0.3063283763667594
2517.0,0.2391051293739143
2518.0,-0.2784099111936543
2518.0,0.18192997746292527
2519.0,0.23434210663241697
2522.0,-0.17890841529296403
2522.0,0.22799748856944724
2523.0,-0.2568110510156038
2525.0,-0.2053132221051819
2526.0,0.2948233324060642
2528.0,-0.1275591371015289
2528.0,0.25295565005787796
2529.0,0.3763575952436488
2530.0,-0.24156776207289457
2531.0,-0.16599075957413417
2532.0,-0.12915814351703733
2532.0,0.3052701284551446
2533.0,0.40744042429099003
2534.0,-0.14601144545799283
2534.0,0.3738810441097019
2535.0,-0.1806372559857135
2536.0,-0.08595537327770848
2536.0,0.3099396361969939
2538.0,0.4877649309509144
2539.0,-0.18818685910704006
2540.0,-0.08964406276307783
2541.0,0.41223633934196635
2542.0,0.4659726175072279
2543.0,-0.0894270145717183
2543.0,0.4056754680531947
2544.0,0.4834017846808504
2545.0,-0.061489259842610014
2545.0,0.4258386789700773
2547.0,0.024618331317515844
2547.0,0.402625839546284
2549.0,0.000202281467478236
2550.0,-0.022984787203392285
2551.0,-0.004270384456562305
2552.0,0.0499664939666316
2553.0,-0.4934035580398964
2553.0,0.01380114988297829
2554.0,-0.4866959508273171
2554.0,0.027426732667813744
2555.0,-0.45457366539219496
2555.0,-0.012475937425357842
2559.0,-0.40037262932085305
2562.0,-0.33991753556755416
2562.0,0.006574926292577656
2565.0,-0.3627675059311224
2566.0,-0.40564149694954493
2568.0,-0.28695700038186306
2568.0,0.10988825366905444
2569.0,-0.3147637667839866
2569.0,0.09744254955638369
2571.0,-0.3157887769880191
2573.0,-0.3225965507709874
2574.0,-0.2912551973953974
2574.0,0.13969434129123195
2576.0,-0.24062630735304197
2576.0,0.168034149955068
2577.0,-0.3190227311869396
2578.0,-0.2862690321522148
2579.0,-0.2866915248436557
2580.0,0.2967858682535738
2581.0,-0.27810018288412197
2581.0,0.2673333228565517
2582.0,-0.2501817177110169
2582.0,0.21015817094556272
2583.0,0.2625703001150544
2586.0,-0.1506802218103266
2586.0,0.2562256820520847
2587.0,-0.2285828575329664
2589.0,-0.17708502862201067
2590.0,0.3230515258887016
2592.0,-0.0993309436188915
2592.0,0.2811838435405154
2593.0,0.40458578872628626
2594.0,-0.21333956859025716
2595.0,-0.13776256609149676
2596.0,-0.1009299500338661
2596.0,0.33349832193831586
2597.0,0.4356686177736275
2598.0,-0.1177832519748216
2598.0,0.40210923759287315
2599.0,-0.15240906250307606
2600.0,-0.05772717979507105
2600.0,0.3381678296796313
2603.0,-0.4840068755661415
2603.0,-0.15995866562386885
2604.0,-0.061415869280440405
2605.0,0.4404645328251376
2606.0,0.49420081098986535
2607.0,-0.06119882108908086
2607.0,0.43390366153583215
2609.0,-0.48837002183673933
2609.0,-0.03326106635997258
2609.0,0.45406687245218097
2611.0,0.052846524800153276
2611.0,0.43085403302892145
2613.0,0.02843047495011567
2614.0,0.005243406279245148
2615.0,0.023957809026075128
2616.0,0.07819468744926904
2617.0,-0.46517536455672515
2617.0,0.042029343366149524
2618.0,-0.45846775734467965
2618.0,0.05565492615045118
2619.0,-0.42634547190955757
2619.0,0.015752256057279593
2623.0,-0.3721444358382156
2626.0,-0.3116893420849168
2626.0,0.03480311977521509
2629.0,-0.33453931244848495
2630.0,-0.3774133034669075
2632.0,-0.2587288068992256
2632.0,0.13811644715169188
2633.0,-0.28653557330134916
2633.0,0.12567074303902112
2635.0,-0.28756058350538166
2637.0,-0.29436835728835004
2638.0,-0.26302700391222616
2638.0,0.1679225347744032
2640.0,-0.21239811387040453
2640.0,0.19626234343770543
2641.0,-0.29079453770430214
2642.0,-0.2580408386695774
2643.0,-0.25846333136048444
2644.0,0.3250140617362112
2645.0,-0.24987198940095073
2645.0,0.29556151633972294
2646.0,-0.22195352422837944
2646.0,0.23838636442820016
2647.0,0.29079849359769183
2650.0,-0.12245202832715535
2650.0,0.2844538755352559
2651.0,-0.20035466405032898
2653.0,-0.14885683513937323
2654.0,0.35127971937133906
2656.0,-0.07110275013625406
2656.0,0.30941203702315284
2657.0,0.4328139822094575
2658.0,-0.1851113751076197
2659.0,-0.10953437260832552
2660.0,-0.07270175655122867
2660.0,0.3617265154209533
2661.0,0.4638968112562649
2662.0,-0.08955505849218416
2662.0,0.4303374310755106
2663.0,-0.12418086902043864
2664.0,-0.029498986311899816
2664.0,0.36639602316280256
2667.0,-0.45577868208350414
2667.0,-0.1317304721412314
2668.0,-0.03318767579780297
2669.0,0.46869272630777503
2671.0,-0.47757099552719057
2671.0,-0.03297062760590963
2671.0,0.4621318550190034
2673.0,-0.4601418283541019
2673.0,-0.005032872877335146
2673.0,0.4822950659348184
2675.0,0.08107471828279071
2675.0,0.4590822265115589
2677.0,0.0566586684327531
2678.0,0.03347159976241638
2679.0,0.05218600250871256
2680.0,0.10642288093190647
2681.0,-0.4369471710740877
2681.0,0.07025753684878695
2682.0,-0.4302395638620422
2682.0,0.08388311963308862
2683.0,-0.39811727842638633
2683.0,0.04398044954045083
2687.0,-0.34391624235557816
2690.0,-0.28346114860174554
2690.0,0.06303131325838632
2693.0,-0.3063111189658475
2694.0,-0.34918510998427005
2696.0,-0.23050061341658817
2696.0,0.1663446406343293
2697.0,-0.2583073798181779
2697.0,0.15389893652219236
2699.0,-0.2593323900222104
2701.0,-0.2661401638057126
2702.0,-0.23479881042958872
2702.0,0.19615072825704064
2704.0,-0.1841699203872333
2704.0,0.22449053692087667
2705.0,-0.2625663442216647
2706.0,-0.22981264518640612
2707.0,-0.230235137877847
2708.0,0.3532422552188486
2709.0,-0.22164379591831332
2709.0,0.3237897098223604
2710.0,-0.19372533074574202
2710.0,0.2666145579108376
2711.0,0.31902668708086307
2714.0,-0.09422383484451792
2714.0,0.3126820690178933
2715.0,-0.17212647056769154
2717.0,-0.1206286416567358
2718.0,0.3795079128545103
2720.0,-0.04287455665361663
2720.0,0.3376402305057903
2721.0,0.46104217569209494
2722.0,-0.15688318162498227
2723.0,-0.08130617912568808
2724.0,-0.04447356306859123
2724.0,0.3899547089035907
2725.0,0.49212500473943616
2726.0,-0.06132686500954673
2726.0,0.458565624558148
2727.0,-0.09595267553780121
2728.0,-0.0012707928292623846
2728.0,0.39462421664544
2731.0,-0.4275504886008667
2731.0,-0.10350227865859396
2732.0,-0.004959482314631739
2733.0,0.4969209197904125
2735.0,-0.4493428020445532
2735.0,-0.004742434123272198
2735.0,0.49036004850164083
2737.0,-0.43191363487093065
2737.0,0.023195320605836088
2738.0,-0.4894767405822375
2739.0,0.10930291176596195
2739.0,0.4873104199947301
2741.0,0.08488686191539054
2742.0,0.06169979324505381
2743.0,0.08041419599135
2744.0,0.1346510744150777
2745.0,-0.40871897759145026
2745.0,0.0984857303314244
2746.0,-0.402011370378871
2746.0,0.11211131311625984
2747.0,-0.3698890849437489
2747.0,0.07220864302308826
2751.0,-0.3156880488724069
2754.0,-0.2552329551191081
2754.0,0.09125950674102376
2757.0,-0.27808292548321006
2758.0,-0.32095691650109887
2760.0,-0.20227241993395073
2760.0,0.19457283411696674
2761.0,-0.2300791863355405
2761.0,0.1821271300048298
2763.0,-0.231104196539573
2765.0,-0.23791197032254136
2766.0,-0.2065706169469513
2766.0,0.22437892173967805
2768.0,-0.15594172690459587
2768.0,0.2527187304035141
2769.0,-0.23433815073902728
2770.0,-0.2015844517037687
2771.0,-0.20200694439520958
2772.0,0.38147044870201985
2773.0,-0.19341560243620967
2773.0,0.3520179033049978
2774.0,-0.16549713726310458
2774.0,0.29484275139347504
2775.0,0.3472548805635005
2778.0,-0.06599564136188049
2778.0,0.34091026250053075
2779.0,-0.1438982770845203
2781.0,-0.09240044817409837
2782.0,0.40773610633714774
2784.0,-0.014646363170445395
2784.0,0.36586842398896147
2785.0,0.4892703691747324
2786.0,-0.12865498814181103
2787.0,-0.05307798564305065
2788.0,-0.0162453695859538
2788.0,0.41818290238622813
2790.0,-0.4796468017781536
2790.0,-0.0330986715269093
2790.0,0.4867938180407854
2791.0,-0.06772448205462997
2792.0,0.026957400653375048
2792.0,0.42285241012807745
2795.0,-0.39932229511822925
2795.0,-0.07527408517595653
2796.0,0.023268711168005694
2798.0,-0.47485088672664344
2799.0,-0.42111460856191574
2799.0,0.023485759359365234
2800.0,-0.48141175801541514
2801.0,-0.4036854413882932
2801.0,0.05142351408847352
2802.0,-0.46124854709960006
2803.0,0.13753110524859938
2804.0,-0.48446138652285964
2805.0,0.11311505539856177
2806.0,0.08992798672769124
2807.0,0.10864238947398742
2808.0,0.16287926789771515
2809.0,-0.3804907841088128
2809.0,0.12671392381406182
2810.0,-0.3737831768962336
2810.0,0.14033950659889727
2811.0,-0.34166089146111145
2811.0,0.10043683650572569
2815.0,-0.2874598553897695
2818.0,-0.22700476163647065
2818.0,0.11948770022366119
2821.0,-0.24985473200057265
2822.0,-0.2927287230184614
2824.0,-0.17404422645077952
2824.0,0.22280102760013798
2825.0,-0.20185099285290306
2825.0,0.21035532348746722
2827.0,-0.20287600305693557
2829.0,-0.2096837768399039
2830.0,-0.17834242346431387
2830.0,0.2526071152223155
2832.0,-0.12771353342195843
2832.0,0.28094692388615156
2833.0,-0.20610995725585604
2834.0,-0.17335625822113127
2835.0,-0.17377875091257214
2836.0,0.4096986421846573
2837.0,-0.16518740895357223
2837.0,0.38024609678763527
2838.0,-0.13726894377993334
2838.0,0.3230709448766462
2839.0,0.37548307404613795
2842.0,-0.03776744787924305
2842.0,0.3691384559831682
2843.0,-0.11567008360188287
2845.0,-0.06417225469092713
2846.0,0.4359642998197852
2848.0,0.01358183031219204
2848.0,0.3940966174715989
2850.0,-0.4825014373423236
2850.0,-0.1004267946591736
2851.0,-0.024849792160413216
2852.0,0.011982823897217434
2852.0,0.44641109586939937
2854.0,-0.45141860829551617
2854.0,-0.004870478044271866
2855.0,-0.4849779884768043
2855.0,-0.03949628857199254
2856.0,0.055185594136012484
2856.0,0.45108060361071484
2859.0,-0.371094101635058
2859.0,-0.0470458916927853
2860.0,0.051496904650643126
2862.0,-0.446622693244006
2863.0,-0.3928864150792783
2863.0,0.05171395284200267
2864.0,-0.4531835645327777
2865.0,-0.37545724790565577
2865.0,0.07965170757111095
2866.0,-0.4330203536164288
2867.0,0.16575929873123682
2868.0,-0.4562331930402222
2869.0,0.1413432488811992
2870.0,0.11815618021032868
2871.0,0.13687058295715865
2872.0,0.19110746138035256
2873.0,-0.3522625906256416
2873.0,0.15494211729723306
2874.0,-0.34555498341359614
2874.0,0.1685677000815347
2875.0,-0.313432697978474
2875.0,0.12866502998836313
2879.0,-0.25923166190713204
2882.0,-0.1987765681538332
2882.0,0.14771589370629862
2885.0,-0.2216265385174014
2886.0,-0.264500529535824
2888.0,-0.14581603296814208
2888.0,0.2510292210827754
2889.0,-0.17362279937026565
2889.0,0.23858351697010466
2891.0,-0.17464780957429812
2893.0,-0.18145558335726647
2894.0,-0.15011422998114263
2894.0,0.28083530870548673
2896.0,-0.099485339939321
2896.0,0.30917511736878894
2897.0,-0.17788176377321863
2898.0,-0.14512806473849382
2899.0,-0.1455505574294009
2900.0,0.43792683566729473
2901.0,-0.13695921547093481
2901.0,0.40847429027027266
2902.0,-0.10904075029729592
2902.0,0.35129913835928367
2903.0,0.4037112675287754
2906.0,-0.009539254396071818
2906.0,0.3973666494663394
2907.0,-0.08744189011924544
2909.0,-0.0359440612082897
2910.0,0.46419249330242257
2912.0,0.041810023794829475
2912.0,0.42232481095423635
2914.0,-0.45427324385968615
2914.0,-0.07219860117653618
2915.0,0.0033784013222242183
2916.0,0.040211017379854865
2916.0,0.4746392893520368
2918.0,-0.42319041481234493
2918.0,0.023357715438899366
2919.0,-0.45674979499416685
2919.0,-0.011268095089355105
2920.0,0.08341378761918372
2920.0,0.4793087970938861
2923.0,-0.3428659081524206
2923.0,-0.01881769821014787
2924.0,0.07972509813328056
2926.0,-0.41839449976136855
2927.0,-0.36465822159610706
2927.0,0.07994214632517391
2928.0,-0.42495537105014025
2929.0,-0.3472290544230184
2929.0,0.10787990105374838
2930.0,-0.4047921601337914
2931.0,0.19398749221387424
2932.0,-0.42800499955705096
2933.0,0.16957144236383664
2934.0,0.1463843736934999
2935.0,0.1650987764397961
2936.0,0.21933565486299
2937.0,-0.32403439714300414
2937.0,0.18317031077987048
2938.0,-0.3173267899309587
2938.0,0.19679589356417215
2939.0,-0.28520450449530277
2939.0,0.15689322347153437
2943.0,-0.23100346842449462
2946.0,-0.17054837467066197
2946.0,0.17594408718946986
2949.0,-0.193398345034764
2950.0,-0.23627233605318654
2952.0,-0.11758783948550465
2952.0,0.2792574145654128
2953.0,-0.1453946058870944
2953.0,0.2668117104532759
2955.0,-0.1464196160916607
2957.0,-0.15322738987462906
2958.0,-0.1218860364985052
2958.0,0.3090635021881242
2960.0,-0.07125714645614976
2960.0,0.3374033108519602
2961.0,-0.14965357029058118
2962.0,-0.11689987125585641
2963.0,-0.11732236394676347
2964.0,0.4661550291499322
2965.0,-0.10873102198776358
2965.0,0.4367024837534439
2966.0,-0.08081255681465849
2966.0,0.3795273318419211
2967.0,0.43193946101194663
2970.0,0.018688939086565614
2970.0,0.42559484294897687
2971.0,-0.059213696636608
2973.0,-0.007715867725652266
2974.0,0.4924206867855938
2976.0,0.07003821727746691
2976.0,0.4505530044368738
2978.0,-0.4260450503770487
2978.0,-0.04397040769389875
2979.0,0.03160659480539545
2980.0,0.0684392108624923
2980.0,0.5028674828346742
2982.0,-0.3949622213297075
2982.0,0.0515859089215368
2983.0,-0.4285216015115294
2983.0,0.01696009839328233
2984.0,0.11164198110182115
2985.0,-0.49246300942370363
2987.0,-0.31463771466978313
2987.0,0.009410495272489565
2988.0,0.1079532916164518
2990.0,-0.39016630627873117
2991.0,-0.3364300281134696
2991.0,0.10817033980781134
2992.0,-0.3967271775675028
2993.0,-0.31900086093984714
2993.0,0.13610809453691963
2994.0,-0.376563966651154
2995.0,0.22221568569651168
2996.0,-0.3997768060744135
2997.0,0.19779963584647406
2998.0,0.17461256717613735
2999.0,0.19332696992243353
3000.0,0.24756384834616124
3001.0,-0.29580620366036675
3001.0,0.21139850426250792
3002.0,-0.28909859644832125
3002.0,0.22502408704680957
3003.0,-0.2569763110126653
3003.0,0.18512141695417178
3007.0,-0.20277527494132339
3010.0,-0.14232018118802456
3010.0,0.2041722806721073
3013.0,-0.16517015155212655
3014.0,-0.2080441425700153
3016.0,-0.08935964600286721
3016.0,0.30748560804805025
3017.0,-0.11716641240445697
3017.0,0.29503990393591334
3019.0,-0.11819142260848946
3021.0,-0.12499919639145782
3022.0,-0.09365784301586777
3022.0,0.3372916956702278
3024.0,-0.04302895297351233
3024.0,0.3656315043345976
3025.0,-0.12142537680794376
3026.0,-0.08867167777268517
3027.0,-0.08909417046412604
3028.0,0.4943832226331034
3029.0,-0.08050282850512613
3029.0,0.46493067723608134
3030.0,-0.05258436333202105
3030.0,0.40775552532455855
3031.0,0.460167654494584
3034.0,0.046917132569203046
3034.0,0.4538230364316143
3035.0,-0.030985503153436768
3037.0,0.020512325756985167
3039.0,-0.4793511197319959
3040.0,0.09826641076063813
3040.0,0.47878119792004503
3042.0,-0.39781685689441126
3042.0,-0.01574221421126131
3043.0,0.05983478828803288
3044.0,0.09666740434512973
3045.0,-0.46890432368238166
3046.0,-0.36673402784707004
3046.0,0.07981410240417423
3047.0,-0.40029340802835817
3047.0,0.04518829187645356
3048.0,0.13987017458445858
3049.0,-0.4642348159410662
3051.0,-0.2864095211871457
3051.0,0.037638688755127
3052.0,0.13618148509908923
3054.0,-0.36193811279555993
3055.0,-0.30820183463083217
3055.0,0.13639853329044876
3056.0,-0.36849898408486537
3057.0,-0.2907726674572097
3057.0,0.16433628801955705
3058.0,-0.34833577316851655
3059.0,0.2504438791796829
3060.0,-0.3715486125917761
3061.0,0.2260278293296453
3062.0,0.2028407606587748
3063.0,0.22155516340507095
3064.0,0.2757920418287987
3065.0,-0.2675780101777293
3065.0,0.23962669774514536
3066.0,-0.26087040296515
3066.0,0.25325228052998083
3067.0,-0.2287481175300279
3067.0,0.21334961043680922
3071.0,-0.17454708145868594
3074.0,-0.11409198770538712
3074.0,0.2324004741547447
3077.0,-0.1369419580694891
3078.0,-0.17981594908737789
3080.0,-0.06113145251969598
3080.0,0.3357138015312215
3081.0,-0.08893821892181954
3081.0,0.3232680974185508
3083.0,-0.08996322912585203
3085.0,-0.09677100290882037
3086.0,-0.06542964953323033
3086.0,0.3655198891528652
3088.0,-0.014800759490874896
3088.0,0.39385969781723507
3089.0,-0.09319718332530631
3090.0,-0.060443484290047735
3091.0,-0.0608659769814886
3093.0,-0.4773885838844863
3093.0,-0.052274635022488705
3093.0,0.4931588707187188
3094.0,-0.02435616984884982
3094.0,0.4359837188077298
3095.0,0.48839584797722146
3098.0,0.07514532605184047
3098.0,0.4820512299142517
3099.0,-0.0027573096707993352
3101.0,0.0487405192401564
3103.0,-0.45112292624935846
3104.0,0.12649460424327558
3105.0,-0.4929906085975447
3106.0,-0.36958866341124
3106.0,0.012485979271909921
3107.0,0.08806298177067032
3108.0,0.12489559782830097
3109.0,-0.4406761301997442
3110.0,-0.3385058343644326
3110.0,0.10804229588681166
3111.0,-0.3720652145457207
3111.0,0.073416485359091
3112.0,0.16809836806709602
3113.0,-0.43600662245789495
3115.0,-0.2581813277039745
3115.0,0.06586688223829823
3116.0,0.16440967858172667
3118.0,-0.3337099193129225
3119.0,-0.27997364114819473
3119.0,0.1646267267730862
3120.0,-0.34027079060169413
3121.0,-0.26254447397457226
3121.0,0.1925644815021945
3122.0,-0.3201075796853453
3123.0,0.27867207266232036
3124.0,-0.34332041910913863
3125.0,0.2542560228117489
3126.0,0.2310689541414122
3127.0,0.2497833568882422
3128.0,0.30402023531143607
3129.0,-0.23934981669455807
3129.0,0.26785489122831657
3130.0,-0.2326422094825126
3130.0,0.2814804740126182
3131.0,-0.20051992404739047
3131.0,0.24157780391944667
3135.0,-0.14631888797604853
3138.0,-0.08586379422274969
3138.0,0.2606286676373821
3141.0,-0.10871376458631789
3142.0,-0.15158775560474044
3144.0,-0.03290325903705855
3144.0,0.36394199501385893
3145.0,-0.0607100254391821
3145.0,0.35149629090118817
3147.0,-0.0617350356432146
3149.0,-0.06854280942618295
3150.0,-0.0372014560505929
3150.0,0.39374808263550265
3152.0,0.013427433991762537
3152.0,0.4220878912998725
3153.0,-0.06496898984213509
3154.0,-0.0322152908074103
3155.0,-0.03263778349831737
3157.0,-0.4491603904018489
3157.0,-0.024046441539851273
3158.0,-0.47861293579833714
3158.0,0.0038720236337876136
3158.0,0.46421191229036723
3160.0,-0.48337595853983445
3162.0,0.10337351953501171
3163.0,-0.4897205766028042
3163.0,0.025470883811838096
3165.0,0.07696871272279383
3167.0,-0.4228947327661872
3168.0,0.154722797725913
3169.0,-0.46476241511437344
3170.0,-0.3413604699286026
3170.0,0.040714172754547355
3171.0,0.11629117525330775
3172.0,0.1531237913109384
3173.0,-0.41244793671710683
3174.0,-0.31027764088126136
3174.0,0.1362704893699829
3175.0,-0.34383702106308334
3175.0,0.10164467884172843
3176.0,0.19632656155026726
3177.0,-0.4077784289752575
3179.0,-0.22995313422133704
3179.0,0.09409507572093566
3180.0,0.19263787206436409
3182.0,-0.30548172583028504
3183.0,-0.25174544766555734
3183.0,0.19285492025572362
3184.0,-0.3120425971190567
3185.0,-0.23431628049193481
3185.0,0.22079267498483193
3186.0,-0.29187938620270787
3187.0,0.3069002661449578
3188.0,-0.3150922256259674
3189.0,0.28248421629438636
3190.0,0.25929714762404965
3191.0,0.2780115503708796
3192.0,0.3322484287940735
3193.0,-0.21112162321192063
3193.0,0.296083084710954
3194.0,-0.20441401599987516
3194.0,0.30970866749525566
3195.0,-0.17229173056421926
3195.0,0.2698059974026179
3199.0,-0.11809069449341109
3202.0,-0.05763560073957845
3202.0,0.28885686112055337
3205.0,-0.08048557110368046
3206.0,-0.12335956212210301
3208.0,-0.004675065554421111
3208.0,0.3921701884964964
3209.0,-0.03248183195601087
3209.0,0.3797244843843594
3211.0,-0.033506842160577165
3213.0,-0.04031461594354551
3214.0,-0.008973262567421668
3214.0,0.4219762761186739
3216.0,0.04165562747493377
3216.0,0.45031608478304375
3217.0,-0.03674079635949765
3218.0,-0.0039870973247728685
3219.0,-0.004409590015679938
3221.0,-0.42093219691867767
3221.0,0.0041817519433199595
3222.0,-0.4503847423156997
3222.0,0.032100217116425044
3222.0,0.4924401057730047
3224.0,-0.455147765057197
3226.0,0.13160171301764914
3227.0,-0.46149238312016677
3227.0,0.05369907729447553
3229.0,0.10519690620543126
3231.0,-0.3946665392835498
3232.0,0.18295099120855043
3233.0,-0.43653422163173605
3234.0,-0.31313227644596514
3234.0,0.06894236623718479
3235.0,0.14451936873647897
3236.0,0.18135198479357584
3237.0,-0.3842197432344694
3238.0,-0.282049447398624
3238.0,0.16449868285262034
3239.0,-0.3156088275804459
3239.0,0.12987287232436587
3240.0,0.22455475503290467
3241.0,-0.37955023549262007
3243.0,-0.20172494073869962
3243.0,0.1223232692035731
3244.0,0.22086606554700153
3246.0,-0.2772535323476476
3247.0,-0.22351725418238608
3247.0,0.22108311373889486
3248.0,-0.2838144036364193
3249.0,-0.20608808700876358
3249.0,0.24902086846800314
3250.0,-0.2636511927200704
3251.0,0.3351284596275952
3252.0,-0.28686403214333
3253.0,0.3107124097770238
3254.0,0.2875253411072209
3255.0,0.30623974385351704
3256.0,0.36047662227724475
3257.0,-0.18289342972928319
3257.0,0.32431127819359146
3258.0,-0.17618582251723774
3258.0,0.3379368609778931
3259.0,-0.14406353708158182
3259.0,0.29803419088525535
3263.0,-0.08986250101023986
3266.0,-0.02940740725694102
3266.0,0.3170850546031908
3269.0,-0.052257377621043016
3270.0,-0.09513136863893178
3272.0,0.023553127928216323
3272.0,0.4203983819791338
3273.0,-0.004253638473373434
3273.0,0.40795267786699685
3275.0,-0.005278648677405931
3277.0,-0.01208642246090808
3278.0,0.019254930915215764
3278.0,0.45020446960131133
3280.0,0.0698838209575712
3280.0,0.4785442782656812
3281.0,-0.008512602877394016
3282.0,0.024241096158398364
3283.0,0.023818603466957494
3285.0,-0.3927040034360402
3285.0,0.03240994542595739
3286.0,-0.4221565488330623
3286.0,0.06032841059906248
3287.0,-0.4793317007440513
3288.0,-0.42691957157455956
3290.0,0.15982990650028658
3291.0,-0.43326418963752933
3291.0,0.08192727077711297
3293.0,0.1334250996880687
3295.0,-0.36643834580091234
3296.0,0.21117918469172167
3297.0,-0.4083060281490986
3298.0,-0.28490408296332775
3298.0,0.09717055971982222
3299.0,0.1727475622191164
3300.0,0.20958017827621325
3301.0,-0.35599154975129815
3302.0,-0.25382125391598653
3302.0,0.19272687633525776
3303.0,-0.28738063409727466
3303.0,0.1581010658075371
3304.0,0.2527829485155421
3305.0,-0.3513220420099827
3307.0,-0.17349674725606218
3307.0,0.15055146268621053
3308.0,0.24909425903017277
3310.0,-0.2490253388644764
3311.0,-0.19528906069974866
3311.0,0.2493113072215323
3312.0,-0.25558621015378186
3313.0,-0.17785989352612616
3313.0,0.2772490619506406
3314.0,-0.235422999237433
3315.0,0.3633566531107664
3316.0,-0.25863583866069256
3317.0,0.33894060326019504
3318.0,0.31575353458985833
3319.0,0.3344679373361545
3320.0,0.3887048157598822
3321.0,-0.15466523624664577
3321.0,0.3525394716762289
3322.0,-0.1479576290340665
3322.0,0.36616505446106434
3323.0,-0.11583534359894437
3323.0,0.32626238436789273
3327.0,-0.061634307527602426
3330.0,-0.0011792137743035858
3330.0,0.34531324808582825
3333.0,-0.024029184138405584
3334.0,-0.06690317515629435
3336.0,0.051781321411387554
3336.0,0.44862657546230506
3337.0,0.023974555009264
3337.0,0.4361808713496343
3339.0,0.022949544805231502
3341.0,0.016141771022263152
3342.0,0.047483124397853196
3342.0,0.4784326630839488
3344.0,0.09811201444020863
3345.0,-0.4932275282519086
3345.0,0.019715590605243416
3346.0,0.052469289641035796
3347.0,0.05204679694959493
3349.0,-0.3644758099534028
3349.0,0.060638138908594826
3350.0,-0.39392835534989107
3350.0,0.08855660408223372
3351.0,-0.45110350726141385
3352.0,-0.3986913780919221
3354.0,0.18805809998292403
3355.0,-0.4050359961543581
3355.0,0.11015546426028419
3357.0,0.16165329317123994
3359.0,-0.33821015231827495
3360.0,0.23940737817435911
3361.0,-0.38007783466646117
3362.0,-0.2566758894801565
3362.0,0.12539875320299346
3363.0,0.20097575570175386
3364.0,0.2378083717593845
3365.0,-0.3277633562686607
3366.0,-0.2255930604333491
3366.0,0.2209550698178952
3367.0,-0.2591524406146372
3367.0,0.18632925929017452
3368.0,0.28101114199817956
3369.0,-0.32309384852681144
3371.0,-0.14526855377342474
3371.0,0.17877965616884797
3372.0,0.2773224525128102
3374.0,-0.22079714538183895
3375.0,-0.16706086721711122
3375.0,0.2775395007041697
3376.0,-0.22735801667061062
3377.0,-0.14963170004348872
3377.0,0.305477255433278
3378.0,-0.20719480575479557
3379.0,0.39158484659340387
3380.0,-0.23040764517805512
3381.0,0.3671687967428325
3382.0,0.3439817280724957
3383.0,0.3626961308193257
3384.0,0.41693300924251964
3385.0,-0.12643704276400833
3385.0,0.38076766515886634
3386.0,-0.11972943555142906
3386.0,0.3943932479437018
3387.0,-0.08760715011630694
3387.0,0.3544905778505302
3391.0,-0.03340611404496499
3394.0,0.027048979708333847
3394.0,0.3735414415684657
3397.0,0.004199009344765647
3398.0,-0.03867498167365691
3400.0,0.08000951489402498
3400.0,0.47685476894494244
3401.0,0.05220274849190143
3401.0,0.46440906483227173
3403.0,0.05117773828786894
3405.0,0.044369964504900584
3406.0,0.07571131788049063
3407.0,-0.49333914343310714
3408.0,0.12634020792284606
3409.0,-0.46499933476873734
3409.0,0.04794378408841465
3410.0,0.08069748312367322
3411.0,0.08027499043276616
3413.0,-0.33624761647076534
3413.0,0.08886633239123226
3414.0,-0.3657001618672536
3414.0,0.11678479756487115
3415.0,-0.4228753137787764
3416.0,-0.3704631846087509
3418.0,0.21628629346556144
3419.0,-0.37680780267172065
3419.0,0.13838365774292163
3421.0,0.18988148665387736
3423.0,-0.3099819588351037
3424.0,0.26763557165699653
3425.0,-0.3518496411838237
3426.0,-0.22844769599751907
3426.0,0.1536269466856309
3427.0,0.22920394918439127
3428.0,0.2660365652420219
3429.0,-0.29953516278602327
3430.0,-0.19736486695017785
3430.0,0.24918326330106644
3431.0,-0.23092424713199977
3431.0,0.21455745277281196
3432.0,0.309239335480817
3433.0,-0.294865655044174
3435.0,-0.11704036029025351
3435.0,0.2070078496520192
3436.0,0.3055506459954476
3438.0,-0.1925689518992015
3439.0,-0.13883267373447378
3439.0,0.30576769418680716
3440.0,-0.19912982318797318
3441.0,-0.12140350656085129
3441.0,0.33370544891591547
3442.0,-0.17896661227162433
3443.0,0.4198130400760413
3444.0,-0.20217945169488388
3445.0,0.3953969902254699
3446.0,0.37220992155513316
3447.0,0.39092432430196317
3448.0,0.4451612027251571
3449.0,-0.09820884928083709
3449.0,0.4089958586420376
3450.0,-0.09150124206879164
3450.0,0.42262144142633923
3451.0,-0.059378956633135714
3451.0,0.3827187713337014
3455.0,-0.005177920562327557
3458.0,0.05527717319150508
3458.0,0.40176963505163693
3461.0,0.03242720282740308
3462.0,-0.010446788191019477
3464.0,0.10823770837666243
3465.0,-0.49491703757264727
3465.0,0.08043094197453887
3465.0,0.4926372583149092
3467.0,0.07940593177050637
3469.0,0.07259815798753802
3470.0,0.10393951136366186
3471.0,-0.4651109499504697
3472.0,0.1545684014054835
3473.0,-0.4367711412860999
3473.0,0.07617197757105208
3474.0,0.10892567660631067
3475.0,0.10850318391540359
3477.0,-0.3080194229875941
3477.0,0.1170945258744035
3478.0,-0.3374719683846162
3478.0,0.1450129910475086
3479.0,-0.39464712029613896
3480.0,-0.3422349911261135
3482.0,0.24451448694873268
3483.0,-0.3485796091890832
3483.0,0.16661185122555908
3485.0,0.2181096801365148
3487.0,-0.28175376535246627
3488.0,0.29586376513963397
3489.0,-0.3236214477006525
3490.0,-0.20021950251488163
3490.0,0.18185514016826831
3491.0,0.25743214266756254
3492.0,0.29426475872465935
3493.0,-0.2713069693033858
3494.0,-0.1691366734675404
3494.0,0.2774114567837039
3495.0,-0.20269605364936236
3495.0,0.2427856462554494
3496.0,0.33746752896398824
3497.0,-0.26663746156153656
3499.0,-0.08881216680761608
3499.0,0.23523604313465662
3500.0,0.33377883947808507
3502.0,-0.1643407584165641
3503.0,-0.11060448025130255
3503.0,0.3339958876699784
3504.0,-0.17090162970533576
3505.0,-0.09317531307768005
3505.0,0.3619336423990867
3506.0,-0.15073841878898692
3507.0,0.44804123355867875
3508.0,-0.17395125821224644
3509.0,0.4236251837081073
3510.0,0.4004381150383044
3511.0,0.4191525177846006
3512.0,0.4733893962077945
3513.0,-0.06998065579819966
3513.0,0.43722405212467497
3514.0,-0.0632730485861542
3514.0,0.4508496349089766
3515.0,-0.031150763150498282
3515.0,0.41094696481633886
3519.0,0.023050272920309877
3522.0,0.08350536667414252
3522.0,0.4299978285342744
3525.0,0.060655396310040514
3526.0,0.017781405291617956
3528.0,0.13646590185929985
3529.0,-0.46668884408947603
3529.0,0.1086591354577101
3530.0,-0.4791345482021468
3531.0,0.1076341252536776
3533.0,0.10082635147017545
3534.0,0.1321677048462993
3535.0,-0.4368827564678323
3536.0,0.18279659488865474
3537.0,-0.40854294780346245
3537.0,0.10440017105368951
3538.0,0.1371538700894819
3539.0,0.13673137739804103
3541.0,-0.27979122950495666
3541.0,0.1453227193570409
3542.0,-0.30924377490197874
3542.0,0.173241184530146
3543.0,-0.3664189268129677
3544.0,-0.31400679764347605
3546.0,0.2727426804313701
3547.0,-0.3203514157064458
3547.0,0.1948400447081965
3549.0,0.24633787361915224
3551.0,-0.2535255718698288
3552.0,0.3240919586228052
3553.0,-0.29539325421801504
3554.0,-0.1719913090322442
3554.0,0.21008333365090576
3555.0,0.2856603361501999
3556.0,0.3224929522072968
3557.0,-0.24307877582021462
3558.0,-0.140908479984903
3558.0,0.3056396502663413
3559.0,-0.17446786016672491
3559.0,0.27101383973808685
3560.0,0.3656957224466256
3561.0,-0.23840926807889912
3563.0,-0.06058397332497865
3563.0,0.26346423661729407
3564.0,0.3620070329612563
3566.0,-0.13611256493392665
3567.0,-0.08237628676866512
3567.0,0.36222408115261584
3568.0,-0.14267343622269832
3569.0,-0.06494711959504262
3569.0,0.3901618358817241
3570.0,-0.12251022530634947
3571.0,0.47626942704185
3572.0,-0.14572306472960903
3573.0,0.45185337719074475
3574.0,0.42866630852094184
3575.0,0.44738071126723805
3576.0,0.5016175896909657
3577.0,-0.041752462315562226
3577.0,0.4654522456073124
3578.0,-0.03504485510298297
3578.0,0.47907782839214785
3579.0,-0.0029225696678608476
3579.0,0.4391751582989763
3583.0,0.05127846640348111
3586.0,0.11173356015677995
3586.0,0.45822602201691176
3589.0,0.08888358979267795
3590.0,0.04600959877478919
3592.0,0.1646940953424711
3593.0,-0.4384606506068386
3593.0,0.13688732894034752
3594.0,-0.45090635471950935
3595.0,0.13586231873631505
3597.0,0.12905454495334667
3598.0,0.16039589832893672
3599.0,-0.4086545629846611
3600.0,0.21102478837129218
3601.0,-0.380314754320825
3601.0,0.13262836453632695
3602.0,0.16538206357211932
3603.0,0.16495957088067847
3605.0,-0.2515630360223193
3605.0,0.17355091283967836
3606.0,-0.2810155814193413
3606.0,0.20146937801278345
3607.0,-0.3381907333303303
3608.0,-0.2857786041608386
3610.0,0.30097087391400756
3611.0,-0.2921232222232746
3611.0,0.22306823819136773
3613.0,0.27456606710178966
3615.0,-0.22529737838719138
3616.0,0.35232015210544265
3617.0,-0.2671650607353776
3618.0,-0.14376311554907298
3618.0,0.238311527134077
3619.0,0.31388852963283737
3620.0,0.35072114568993423
3621.0,-0.21485058233757717
3622.0,-0.11268028650226555
3622.0,0.3338678437489787
3623.0,-0.14623966668355368
3623.0,0.2992420332212581
3624.0,0.39392391592926307
3625.0,-0.2101810745957279
3627.0,-0.03235577984234121
3627.0,0.2916924300999315
3628.0,0.39023522644389375
3630.0,-0.10788437145075541
3631.0,-0.05414809328602769
3631.0,0.3904522746352533
3632.0,-0.11444524273952708
3633.0,-0.03671892611240519
3633.0,0.41839002936436154
3634.0,-0.09428203182371205
3636.0,-0.4955023794757397
3636.0,-0.11749487124697158
3637.0,0.480081570673916
3638.0,0.4568945020035793
3639.0,0.47560890475040923
3641.0,-0.470154216826624
3641.0,-0.013524268832924794
3641.0,0.49368043908994985
3642.0,-0.006816661620345536
3643.0,-0.49269397812544186
3643.0,0.025305623814776586
3643.0,0.46740335178161374
3647.0,0.07950665988611855
3650.0,0.13996175363941737
3650.0,0.4864542154995492
3653.0,0.11711178327531538
3654.0,0.07423779225742662
3656.0,0.19292228882510853
3657.0,-0.41023245712420114
3657.0,0.16511552242298497
3658.0,-0.4226781612363381
3659.0,0.16409051221895246
3661.0,0.15728273843598412
3662.0,0.18862409181157416
3663.0,-0.38042636950202363
3664.0,0.2392529818539296
3665.0,-0.3520865608376538
3665.0,0.1608565580194982
3666.0,0.19361025705475676
3667.0,0.1931877643633159
3669.0,-0.2233348425396818
3669.0,0.2017791063223158
3670.0,-0.25278738793617006
3670.0,0.22969757149595468
3671.0,-0.30996253984769284
3672.0,-0.2575504106776674
3674.0,0.329199067396645
3675.0,-0.26389502874063714
3675.0,0.25129643167400517
3677.0,0.3027942605849609
3679.0,-0.19706918490402017
3680.0,0.3805483455880801
3681.0,-0.2389368672527402
3682.0,-0.11553492206643554
3682.0,0.26653972061671444
3683.0,0.3421167231154748
3684.0,0.37894933917310547
3685.0,-0.18662238885493976
3686.0,-0.08445209301909433
3686.0,0.36209603723214995
3687.0,-0.11801147320091625
3687.0,0.3274702267038955
3688.0,0.4221521094119005
3689.0,-0.18195288111309046
3691.0,-0.004127586359169982
3691.0,0.31992062358310275
3692.0,0.41846341992653113
3694.0,-0.07965617796811798
3695.0,-0.025919899803390257
3695.0,0.4186804681178907
3696.0,-0.08621704925688965
3697.0,-0.008490732629767754
3697.0,0.446618222846999
3698.0,-0.06605383834054081
3700.0,-0.46727418599310233
3700.0,-0.08926667776433415
3702.0,-0.4916902358436737
3702.0,0.4851226954862167
3704.0,-0.4961629017671805
3705.0,-0.44192602334345277
3705.0,0.014703924650246438
3706.0,-0.47809136742710606
3706.0,0.0214115318622919
3707.0,-0.4644657846428044
3707.0,0.05353381729741402
3707.0,0.4956315452642512
3711.0,0.10773485336875598
3714.0,0.16818994712205482
3715.0,-0.4853175910175067
3717.0,0.14533997675848662
3718.0,0.10246598574006406
3720.0,0.22115048230774595
3721.0,-0.3820042636415637
3721.0,0.1933437159056224
3722.0,-0.39444996775370067
3723.0,0.1923187057015899
3725.0,0.18551093191862156
3726.0,0.2168522852947454
3727.0,-0.3521981760193862
3728.0,0.267481175336567
3729.0,-0.32385836735501633
3729.0,0.1890847515021356
3730.0,0.2218384505373942
3731.0,0.22141595784648713
3733.0,-0.1951066490565106
3733.0,0.23000729980548704
3734.0,-0.22455919445353265
3734.0,0.2579257649785921
3735.0,-0.28173434636505545
3736.0,-0.22932221719502993
3738.0,0.3574272608798162
3739.0,-0.2356668352579997
3739.0,0.2795246251566426
3741.0,0.33102245406759834
3743.0,-0.16884099142138273
3744.0,0.4087765390707175
3745.0,-0.21070867376956895
3746.0,-0.08730672858379811
3746.0,0.2947679140993519
3747.0,0.37034491659811225
3748.0,0.4071775326557429
3749.0,-0.15839419537230232
3750.0,-0.056223899536456894
3750.0,0.3903242307147874
3751.0,-0.08978327971827882
3751.0,0.3556984201865329
3752.0,0.45038030289507175
3753.0,-0.15372468763045302
3755.0,0.02410060712346745
3755.0,0.3481488170657402
3756.0,0.4466916134091686
3758.0,-0.05142798448548055
3759.0,0.002308293679780975
3759.0,0.4469086616010619
3760.0,-0.05798885577425222
3761.0,0.01973746085286968
3761.0,0.4748464163296364
3762.0,-0.03782564485790337
3764.0,-0.4390459925099311
3764.0,-0.061038484281162916
3766.0,-0.4634620423605025
3767.0,-0.4866491110308392
3768.0,-0.46793470828454303
3769.0,-0.4136978298608153
3769.0,0.04293211813288387
3770.0,-0.4498631739444686
3770.0,0.04963972534492933
3771.0,-0.4362375911596332
3771.0,0.08176201078058525
3772.0,-0.4761402612528048
3775.0,0.1359630468513934
3778.0,0.19641814060522605
3779.0,-0.45708939753486927
3781.0,0.17356817024112406
3782.0,0.1306941792227015
3784.0,0.2493786757903834
3785.0,-0.35377607015839246
3785.0,0.22157190938879362
3786.0,-0.3662217742710632
3787.0,0.22054689918476114
3789.0,0.21373912540125897
3790.0,0.24508047877738284
3791.0,-0.32396998253674875
3792.0,0.29570936881973825
3793.0,-0.29563017387237894
3793.0,0.21731294498477305
3794.0,0.25006664402003165
3795.0,0.24964415132912457
3797.0,-0.16687845557387315
3797.0,0.25823549328812445
3798.0,-0.1963310009708952
3798.0,0.28615395846122954
3799.0,-0.2535061528818842
3800.0,-0.20109402371239252
3802.0,0.38565545436245363
3803.0,-0.20743864177536225
3803.0,0.30775281863928006
3805.0,0.3592506475502358
3807.0,-0.1406127979387453
3808.0,0.4370047325533549
3809.0,-0.18248048028693153
3810.0,-0.05907853510116067
3810.0,0.32299610758198927
3811.0,0.3985731100812835
3812.0,0.43540572613838036
3813.0,-0.13016600188913108
3814.0,-0.027995706053819458
3814.0,0.41855242419742483
3815.0,-0.06155508623564138
3815.0,0.38392661366917036
3816.0,0.4786084963777092
3817.0,-0.1254964941478156
3819.0,0.05232880060610488
3819.0,0.3763770105483776
3820.0,0.4749198068923398
3822.0,-0.023199791002843115
3823.0,0.03053648716241841
3823.0,0.47513685508369935
3824.0,-0.02976066229161478
3825.0,0.047965654336040914
3825.0,0.5030746098128076
3826.0,-0.00959745137526594
3828.0,-0.41081779902729365
3828.0,-0.03281029079852549
3830.0,-0.43523384887786504
3831.0,-0.4584209175482018
3832.0,-0.4397065148013718
3833.0,-0.3854696363781779
3833.0,0.0711603116155213
3834.0,-0.4216349804612974
3834.0,0.07786791882810057
3835.0,-0.40800939767699573
3835.0,0.10999020426322269
3836.0,-0.44791206777016734
3839.0,0.16419124033456464
3842.0,0.22464633408786347
3843.0,-0.4288612040522318
3845.0,0.20179636372376147
3846.0,0.15892237270587273
3848.0,0.2776068692730208
3849.0,-0.3255478766757551
3849.0,0.24980010287143106
3850.0,-0.3379935807884258
3851.0,0.24877509266739856
3853.0,0.2419673188844302
3854.0,0.27330867226002026
3855.0,-0.2957417890541113
3856.0,0.3239375623023757
3857.0,-0.2674019803897415
3857.0,0.2455411384674105
3858.0,0.2782948375032029
3859.0,0.277872344811762
3861.0,-0.1386502620912357
3861.0,0.2864636867707619
3862.0,-0.1681028074882578
3862.0,0.314382151943867
3863.0,-0.22527795939924677
3864.0,-0.17286583022975507
3866.0,0.4138836478450911
3867.0,-0.17921044829219104
3867.0,0.33598101212245124
3869.0,0.3874788410328732
3871.0,-0.11238460445610786
3872.0,0.46523292603652616
3873.0,-0.1542522868042941
3874.0,-0.030850341617989434
3874.0,0.3512243010651605
3875.0,0.42680130356392093
3876.0,0.46363391962101774
3877.0,-0.10193780840649365
3878.0,0.00023248742881797576
3878.0,0.4467806176800623
3879.0,-0.03332689275247015
3879.0,0.4121548071523416
3881.0,-0.4931633101393467
3881.0,-0.09726830066464437
3883.0,0.08055699408874231
3883.0,0.404605204031015
3884.0,0.5031480003749773
3886.0,0.005028402480328116
3887.0,0.05876468064505584
3887.0,0.5033650485663368
3888.0,-0.0015324688089773484
3889.0,0.07619384781867834
3890.0,-0.46869719670478205
3890.0,0.018630742107371492
3892.0,-0.3825896055446562
3892.0,-0.004582097315888051
3894.0,-0.4070056553952276
3895.0,-0.43019272406556436
3896.0,-0.41147832131873435
3897.0,-0.35724144289554044
3897.0,0.09938850509815873
3898.0,-0.39340678697865994
3898.0,0.106096112310738
3899.0,-0.3797812041943583
3899.0,0.13821839774586012
3900.0,-0.4196838742869961
3903.0,0.19241943381720208
3906.0,0.25287452757050094
3907.0,-0.4006330105690606
3909.0,0.23002455720639892
3910.0,0.18715056618851014
3912.0,0.30583506275619204
3913.0,-0.29731968319311763
3913.0,0.2780282963540685
3914.0,-0.30976538730525455
3915.0,0.277003286150036
3917.0,0.2701955123670676
3918.0,0.3015368657426577
3919.0,-0.26751359557094007
3920.0,0.35216575578501313
3921.0,-0.23917378690657026
3921.0,0.27376933195058173
3922.0,0.3065230309858403
3923.0,0.3061005382943994
3925.0,-0.11042206860859828
3925.0,0.31469188025339934
3926.0,-0.13987461400508655
3926.0,0.3426103454270382
3927.0,-0.19704976591660933
3928.0,-0.14463763674658384
3930.0,0.4421118413277285
3931.0,-0.1509822548095536
3931.0,0.3642092056050887
3933.0,0.4157070345160444
3935.0,-0.08415641097347043
3936.0,0.4934611195191636
3937.0,-0.12602409332165665
3938.0,-0.002622148135352002
3938.0,0.37945249454779795
3939.0,0.4550294970465584
3940.0,0.491862113104189
3941.0,-0.0737096149238562
3942.0,0.02846068091145541
3942.0,0.4750088111626997
3943.0,-0.0050986992698327195
3943.0,0.44038300063497904
3945.0,-0.4649351166567093
3945.0,-0.06904010718200693
3947.0,0.10878518757191355
3947.0,0.43283339751418626
3949.0,-0.46862380614261245
3950.0,0.03325659596296555
3951.0,0.08699287412769327
3952.0,-0.4684067579507191
3952.0,0.026695724674193885
3953.0,0.10442204130131577
3954.0,-0.4404690032216108
3954.0,0.04685893559054273
3956.0,-0.35436141206201877
3956.0,0.023646096166749384
3958.0,-0.3787774619125902
3959.0,-0.4019645305823931
3960.0,-0.3832501278360969
3961.0,-0.3290132494123692
3961.0,0.12761669858132998
3962.0,-0.36517859349602255
3962.0,0.13432430579337543
3963.0,-0.3515530107117209
3963.0,0.16644659122849756
3964.0,-0.39145568080435866
3967.0,0.2206476272998395
3970.0,0.2811027210531383
3971.0,-0.37240481708642315
3973.0,0.25825275068957015
3974.0,0.21537875967114758
3976.0,0.3340632562388295
3977.0,-0.2690914897104802
3977.0,0.30625648983670595
3978.0,-0.28153719382261716
3979.0,0.30523147963267344
3981.0,0.29842370584970507
3982.0,0.32976505922529514
3983.0,-0.23928540208830265
3984.0,0.3803939492676506
3985.0,-0.21094559342393282
3985.0,0.30199752543321917
3986.0,0.3347512244684777
3987.0,0.33432873177757066
3989.0,-0.08219387512596085
3989.0,0.3429200737360368
3990.0,-0.11164642052244911
3990.0,0.37083853890967566
3991.0,-0.1688215724339719
3992.0,-0.11640944326394641
3994.0,0.47034003481089975
3995.0,-0.12275406132691616
3995.0,0.3924373990877261
3997.0,0.44393522799868185
3999.0,-0.05592821749029919
4001.0,-0.4783106869978923
4001.0,-0.09779589983848543
4002.0,0.02560604534728543
4002.0,0.4076806880304354
4003.0,0.48325769052919576
4005.0,-0.47990969341340073
4005.0,-0.04548142144121878
4006.0,0.056688874394626644
4006.0,0.503237004645871
4007.0,0.023129494212804715
4007.0,0.4686111941176165
4009.0,-0.4367069231746057
4009.0,-0.0408119136993695
4011.0,0.137013381054551
4011.0,0.4610615909968237
4013.0,-0.4403956126594412
4014.0,0.06148478944560298
4015.0,0.11522106761086451
4016.0,-0.4401785644680817
4016.0,0.05492391815683132
4017.0,0.1326502347839532
4018.0,-0.4122408097389734
4018.0,0.07508712907318016
4020.0,-0.32613321857884753
4020.0,0.051874289649920614
4022.0,-0.35054926842941897
4023.0,-0.3737363370997557
4024.0,-0.35502193435345947
4025.0,-0.3007850559297318
4025.0,0.1558448920639674
4026.0,-0.3369504000133851
4026.0,0.16255249927601287
4027.0,-0.32332481722854967
4027.0,0.1946747847116688
4028.0,-0.3632274873217212
4031.0,0.24887582078247694
4034.0,0.30933091453630956
4035.0,-0.34417662360378576
4037.0,0.2864809441722076
4038.0,0.24360695315378503
4040.0,0.36229144972146693
4041.0,-0.24086329622730895
4041.0,0.3344846833198772
4042.0,-0.2533090003399797
4043.0,0.3334596731153109
4045.0,0.3266518993323425
4046.0,0.3579932527084664
4047.0,-0.21105720860566524
4048.0,0.4086221427508218
4049.0,-0.18271739994129538
4049.0,0.33022571891585656
4050.0,0.36297941795111516
4051.0,0.3625569252602081
4053.0,-0.05396568164278962
4053.0,0.371148267219208
4054.0,-0.08341822703981168
4054.0,0.39906673239231305
4055.0,-0.14059337895080068
4056.0,-0.08818124978130898
4058.0,0.4985682282935372
4059.0,-0.09452586784427873
4059.0,0.42066559257036357
4061.0,0.4721634214813193
4063.0,-0.02770002400766176
4065.0,-0.45008249351525487
4065.0,-0.069567706355848
4066.0,0.053834238829922866
4066.0,0.43590888151307283
4068.0,-0.48851411598786015
4069.0,-0.4516814999302295
4069.0,-0.017253227958047547
4070.0,0.08491706787726408
4071.0,-0.4685348018717188
4071.0,0.05135768769544215
4071.0,0.49683938760025387
4073.0,-0.40847872969196825
4073.0,-0.012583720216732064
4075.0,0.1652415745371884
4075.0,0.48928978447946114
4077.0,-0.4121674191768038
4078.0,0.08971298292824041
4079.0,0.14344926109350195
4080.0,-0.41195037098544424
4080.0,0.08315211163946876
4081.0,0.16087842826712445
4082.0,-0.384012616256336
4082.0,0.10331532255581759
4084.0,-0.2979050250962101
4084.0,0.08010248313255805
4086.0,-0.3223210749467815
4087.0,-0.34550814361711824
4088.0,-0.3267937408702883
4089.0,-0.2725568624470944
4089.0,0.18407308554660484
4090.0,-0.30872220653074767
4090.0,0.19078069275865028
4091.0,-0.2950966237459122
4091.0,0.2229029781943062
4092.0,-0.3349992938390838
4095.0,0.2771040142656482
4098.0,0.337559108018947
4099.0,-0.3159484301211483
4101.0,0.31470913765484504
4102.0,0.27183514663695624
4104.0,0.39051964320410437
4105.0,-0.2126351027446715
4105.0,0.36271287680251457
4106.0,-0.22508080685734227
4107.0,0.3616878665984821
4109.0,0.35488009281551375
4110.0,0.3862214461911038
4111.0,-0.1828290151230278
4112.0,0.43685033623345926
4113.0,-0.15448920645865796
4113.0,0.358453912398494
4114.0,0.3912076114337526
4115.0,0.39078511874284555
4117.0,-0.025737488160152186
4117.0,0.3993764607018454
4118.0,-0.05519003355717425
4118.0,0.4272949258749505
4119.0,-0.11236518546816324
4120.0,-0.05995305629867154
4123.0,-0.4732035782240525
4123.0,-0.0662976743616413
4123.0,0.448893786053001
4125.0,0.5003916149639567
4127.0,0.0005281694749756733
4129.0,-0.4218543000326174
4129.0,-0.04133951287321056
4130.0,0.0820624323125603
4130.0,0.4641370749951765
4132.0,-0.4602859225046889
4133.0,-0.42345330644759205
4133.0,0.010974965524056088
4134.0,0.1131452613604353
4135.0,-0.44030660838908137
4135.0,0.07958588117807958
4136.0,-0.47493241891680205
4137.0,-0.380250536208797
4137.0,0.01564447326537157
4139.0,0.19346976801982585
4140.0,-0.48248202203759477
4141.0,-0.3839392256941664
4142.0,0.11794117641141165
4143.0,0.17167745457613937
4144.0,-0.3837221775028068
4144.0,0.11138030512210619
4145.0,0.18910662174976187
4146.0,-0.35578442277316474
4146.0,0.13154351603845502
4148.0,-0.2696768316130389
4148.0,0.10833067661519548
4150.0,-0.2940928814636103
4151.0,-0.3172799501344808
4152.0,-0.29856554738765084
4153.0,-0.24432866896445693
4153.0,0.21230127902977608
4154.0,-0.2804940130481102
4154.0,0.21900888624182152
4155.0,-0.2668684302638086
4155.0,0.25113117167640986
4156.0,-0.30677110035591254
4159.0,0.3053322077482856
4162.0,0.36578730150211825
4163.0,-0.2877202366379771
4165.0,0.3429373311374824
4166.0,0.3000633401190599
4168.0,0.41874783668674176
4169.0,-0.18440690926150027
4169.0,0.390941070285152
4170.0,-0.19685261337470483
4171.0,0.3899160600805857
4173.0,0.3831082862976174
4174.0,0.4144496396732074
4175.0,-0.15460082163932276
4176.0,0.46507852971663044
4177.0,-0.12626101297655432
4177.0,0.38668210588113144
4178.0,0.41943580491639004
4179.0,0.41901331222548294
4181.0,0.002490705322485247
4181.0,0.42760465418394905
4182.0,-0.026961840074003016
4182.0,0.45552311935812173
4183.0,-0.08413699198552581
4184.0,-0.031724862816034115
4187.0,-0.44497538474034753
4187.0,-0.03806948087847006
4187.0,0.47712197953617225
4190.0,-0.4713801915530992
4191.0,0.028756362957613107
4193.0,-0.39362610654944624
4193.0,-0.01311131939057313
4194.0,0.11029062579573153
4194.0,0.49236526847834766
4196.0,-0.4320577290215177
4197.0,-0.3952251129649546
4197.0,0.03920315900669352
4198.0,0.14137345484307273
4199.0,-0.4120784149064439
4199.0,0.10781407466071702
4200.0,-0.4467042254341646
4201.0,-0.35202234272562577
4201.0,0.0438726667485428
4203.0,0.2216979615029971
4204.0,-0.45425382855495733
4205.0,-0.35571103221152894
4206.0,0.14616936989404908
4207.0,0.1999056480587768
4208.0,-0.3554939840196356
4208.0,0.1396084986052774
4209.0,0.2173348152323993
4210.0,-0.3275562292899935
4210.0,0.15977170952162625
4212.0,-0.24144863813040143
4212.0,0.1365588700978329
4214.0,-0.26586468798097285
4215.0,-0.28905175665130955
4216.0,-0.2703373539050134
4217.0,-0.2161004754818195
4217.0,0.2405294725124135
4218.0,-0.2522658195654728
4218.0,0.24723707972445896
4219.0,-0.23864023678117113
4219.0,0.2793593651590473
4220.0,-0.27854290687327515
4223.0,0.33356040123092306
4226.0,0.3940154949847557
4227.0,-0.25949204315533964
4229.0,0.37116552462065366
4230.0,0.3282915336016973
4232.0,0.4469760301693792
4233.0,-0.15617871577886286
4233.0,0.41916926376778946
4234.0,-0.1686244198915336
4235.0,0.41814425356322316
4237.0,0.41133647978025484
4238.0,0.44267783315584486
4239.0,-0.12637262815668532
4240.0,0.4933067231992679
4241.0,-0.09803281949338309
4241.0,0.4149102993643027
4242.0,0.4476639983990275
4243.0,0.4472415057086542
4245.0,0.030718898805122682
4245.0,0.4558328476665865
4246.0,0.0012663534086344186
4246.0,0.4837513128407592
4247.0,-0.05590879850288837
4248.0,-0.0034966693328628796
4251.0,-0.4167471912577101
4251.0,-0.009841287395832631
4252.0,-0.49464982698141746
4254.0,-0.44315199807046174
4255.0,0.05698455644078434
4257.0,-0.365397913066275
4257.0,0.015116874092598103
4258.0,0.13851881927836895
4259.0,-0.47940653803924205
4260.0,-0.40382953553888024
4261.0,-0.36699691948231716
4261.0,0.06743135248933095
4262.0,0.16960164832624397
4263.0,-0.3838502214238065
4263.0,0.13604226814335446
4264.0,-0.41847603195152716
4265.0,-0.3237941492429883
4265.0,0.07210086023118023
4267.0,0.24992615498563453
4268.0,-0.42602563507231994
4269.0,-0.3274828387283577
4270.0,0.17439756337668652
4271.0,0.22813384154141425
4272.0,-0.32726579053699817
4272.0,0.16783669208791485
4273.0,0.24556300871503675
4274.0,-0.29932803580735606
4274.0,0.1879999030042637
4276.0,-0.21322044464776402
4276.0,0.16478706358100415
4278.0,-0.23763649449833543
4279.0,-0.26082356316867217
4280.0,-0.24210916042237596
4281.0,-0.18787228199918204
4281.0,0.26875766599558476
4282.0,-0.22403762608283537
4282.0,0.2754652732070964
4283.0,-0.21041204329799992
4283.0,0.30758755864221854
4284.0,-0.2503147133906377
4287.0,0.36178859471356045
4290.0,0.4222436884679269
4291.0,-0.2312638496727022
4293.0,0.3993937181032911
4294.0,0.35651972708433477
4296.0,0.47520422365201664
4297.0,-0.12795052229569162
4297.0,0.4473974572509607
4298.0,-0.14039622640889618
4299.0,0.4463724470458606
4301.0,0.4395646732628922
4302.0,0.4709060266390161
4303.0,-0.09814443467404789
4305.0,-0.47846508331778803
4305.0,-0.06980462601074565
4305.0,0.4431384928469401
4306.0,0.47589219188166487
4307.0,0.4754696991912916
4309.0,0.058947092288293916
4309.0,0.48406104114975773
4310.0,0.02949454689127185
4311.0,-0.48802049367683054
4311.0,-0.027680605020250937
4312.0,0.024731524149774555
4315.0,-0.38851899777507265
4315.0,0.0183869060868048
4316.0,-0.4664216334982463
4318.0,-0.4149238045878243
4319.0,0.08521274992342177
4321.0,-0.33716971958363756
4321.0,0.043345067575235534
4322.0,0.1667470127610064
4323.0,-0.4511783445560708
4324.0,-0.3756013420562428
4325.0,-0.3387687259996798
4325.0,0.0956595459719684
4326.0,0.1978298418088814
4327.0,-0.35562202794116904
4327.0,0.16427046162599188
4328.0,-0.3902478384683559
4329.0,-0.2955659557603509
4329.0,0.10032905371381767
4331.0,0.278154348468272
4332.0,-0.3977974415896825
4333.0,-0.29925464524572026
4334.0,0.20262575685932394
4335.0,0.2563620350245855
4336.0,-0.2990375970543607
4336.0,0.1960648855705523
4337.0,0.27379120219820796
4338.0,-0.2710998423247186
4338.0,0.21622809648690114
4340.0,-0.18499225116512658
4340.0,0.1930152570636416
4342.0,-0.2094083010151642
4343.0,-0.2325953696860347
4344.0,-0.21388096693920472
4345.0,-0.15964408851654463
4345.0,0.29698585947822215
4346.0,-0.19580943260019792
4346.0,0.30369346668973385
4347.0,-0.18218384981536248
4347.0,0.3358157521248559
4348.0,-0.22208651990800027
4351.0,0.3900167881967317
4354.0,0.45047188195056437
4355.0,-0.20303565619006478
4357.0,0.42762191158592855
4358.0,0.3847479205669722
4360.0,0.503432417134654
4361.0,-0.09972232881305419
4361.0,0.47562565073359814
4362.0,-0.11216803292625874
4363.0,0.47460064052903184
4365.0,0.46779286674552967
4366.0,0.49913422012165354
4367.0,-0.06991624119141046
4369.0,-0.4502368898351506
4369.0,-0.04157643252810822
4369.0,0.47136668632957757
4371.0,-0.49587961463539104
4372.0,-0.4963021073262981
4373.0,0.08717528577093135
4374.0,-0.487710765367832
4374.0,0.05772274037390929
4375.0,-0.4597923001936593
4375.0,0.0005475884629202963
4376.0,0.05295971763241199
4379.0,-0.3602908042924352
4379.0,0.04661509956944224
4380.0,-0.43819344001560884
4382.0,-0.3866956111046531
4383.0,0.1134409434060592
4385.0,-0.3089415261010001
4385.0,0.07157326105787297
4386.0,0.19497520624364384
4387.0,-0.42295015107343337
4388.0,-0.34737314857360535
4389.0,-0.31054053251650854
4389.0,0.12388773945513962
4390.0,0.22605803529151883
4391.0,-0.3273938344579978
4391.0,0.1924986551091631
4392.0,-0.3620196449857185
4393.0,-0.2673377622777135
4393.0,0.12855724719645512
4395.0,0.30638254195090936
4396.0,-0.36956924810651126
4397.0,-0.2710264517630828
4398.0,0.23085395034249517
4399.0,0.28459022850722293
4400.0,-0.2708094035717233
4400.0,0.2242930790531897
4401.0,0.3020193956808454
4402.0,-0.2428716488420812
4402.0,0.24445628996953855
4404.0,-0.15676405768248913
4404.0,0.221243450546279
4406.0,-0.18118010753252675
4407.0,-0.20436717620339728
4408.0,-0.1856527734565673
4409.0,-0.1314158950339072
4409.0,0.3252140529608596
4410.0,-0.1675812391170267
4410.0,0.3319216601729051
4411.0,-0.15395565633272504
4411.0,0.36404394560749337
4412.0,-0.19385832642589662
4415.0,0.41824498167936913
4418.0,0.47870007543320175
4419.0,-0.17480746270742734
4421.0,0.455850105068566
4422.0,0.4129761140501434
4425.0,-0.4683393893824018
4425.0,-0.07149413533041675
4426.0,-0.49614615578399157
4426.0,-0.0839398394436213
4427.0,0.5028288340116692
4429.0,0.4960210602287009
4431.0,-0.4726375863954024
4431.0,-0.04168804770823922
4433.0,-0.42200869635251315
4433.0,-0.013348239045470786
4433.0,0.49959487981221495
4435.0,-0.4676514211527536
4436.0,-0.46807391384312685
4437.0,0.11540347925356878
4438.0,-0.45948257188466074
4438.0,0.08595093385708052
4439.0,-0.43156410671102186
4439.0,0.02877578194555773
4440.0,0.08118791111504942
4443.0,-0.33206261080926397
4443.0,0.07484329305261347
4444.0,-0.4099652465329714
4446.0,-0.35846741762201567
4447.0,0.14166913688869665
4449.0,-0.2807133326183627
4449.0,0.0998014545405104
4450.0,0.22320339972681505
4451.0,-0.3947219575907959
4452.0,-0.31914495509096796
4453.0,-0.2823123390338711
4453.0,0.15211593293777706
4454.0,0.2542862287741563
4455.0,-0.2991656409753604
4455.0,0.22072684859180056
4456.0,-0.33379145150308104
4457.0,-0.23910956879454223
4457.0,0.15678544067962633
4459.0,0.3346107354335468
4460.0,-0.3413410546238738
4461.0,-0.2427982582804454
4462.0,0.2590821438251326
4463.0,0.3128184219898603
4464.0,-0.24258121008855205
4464.0,0.252521272536361
4465.0,0.33024758916348285
4466.0,-0.21464345535944376
4466.0,0.272684483452176
4468.0,-0.12853586419985172
4468.0,0.24947164402891644
4470.0,-0.1529519140498893
4471.0,-0.17613898272022604
4472.0,-0.15742457997392986
4473.0,-0.10318770155126976
4473.0,0.35344224644349703
4474.0,-0.13935304563438927
4474.0,0.3601498536555425
4475.0,-0.12572746285008762
4475.0,0.3922721390901308
4476.0,-0.1656301329427254
4479.0,0.4464731751620066
4483.0,-0.49307173108385416
4483.0,-0.1465792692242561
4485.0,0.48407829855173723
4486.0,0.44120430753278084
4489.0,-0.4401111958997644
4489.0,-0.04326594184777932
4490.0,-0.46791796230082033
4490.0,-0.05571164596045007
4492.0,-0.46894297250538663
4494.0,-0.4757507462888888
4495.0,-0.44440939291276493
4495.0,-0.013459854225601793
4497.0,-0.3937805028693419
4497.0,0.014879954437700446
4498.0,-0.47217692670484096
4499.0,-0.43942322767011616
4500.0,-0.4398457203604894
4501.0,0.14363167273620622
4502.0,-0.43125437840202335
4502.0,0.11417912733971795
4503.0,-0.40333591322838447
4503.0,0.057003975428195165
4504.0,0.10941610459822065
4507.0,-0.3038344173266265
4507.0,0.1030714865352509
4508.0,-0.38173705305033395
4510.0,-0.33023922413937823
4511.0,0.16989733037186788
4513.0,-0.25248513913572523
4513.0,0.12802964802314784
4514.0,0.2514315932094525
4515.0,-0.3664937641081585
4516.0,-0.2909167616077967
4517.0,-0.25408414555123365
4517.0,0.18034412642041447
4518.0,0.2825144222573275
4519.0,-0.27093744749272297
4519.0,0.24895504207443797
4520.0,-0.30556325802044365
4521.0,-0.21088137531190482
4521.0,0.18501363416226377
4523.0,0.36283892891671804
4524.0,-0.3131128611412364
4525.0,-0.21457006479727417
4526.0,0.28731033730777006
4527.0,0.34104661547249776
4528.0,-0.21435301660591463
4528.0,0.28074946601899836
4529.0,0.3584757826461203
4530.0,-0.18641526187627253
4530.0,0.30091267693534723
4532.0,-0.10030767071668048
4532.0,0.27769983751208765
4534.0,-0.12472372056725188
4535.0,-0.1479107892375886
4536.0,-0.12919638649129242
4537.0,-0.07495950806809852
4537.0,0.38167043992666827
4538.0,-0.11112485215175183
4538.0,0.3883780471381799
4539.0,-0.09749926936691637
4539.0,0.42050033257330205
4540.0,-0.13740193946008797
4543.0,0.474701368644644
4547.0,-0.4648435376012167
4547.0,-0.11835107574161867
4550.0,-0.4876935079658525
4550.0,0.4694325010154183
4553.0,-0.41188300241712694
4553.0,-0.015037748365141886
4554.0,-0.43968976881818295
4554.0,-0.027483452477812635
4556.0,-0.4407147790227492
4558.0,-0.44752255280571757
4559.0,-0.41618119943012755
4559.0,0.014768339257035641
4561.0,-0.36555230938670447
4561.0,0.04310814792033788
4562.0,-0.4439487332222035
4563.0,-0.4111950341869449
4564.0,-0.41161752687785197
4565.0,0.17185986621937743
4566.0,-0.4030261849193859
4566.0,0.14240732082235538
4567.0,-0.375107719745747
4567.0,0.0852321689108326
4568.0,0.1376442980808581
4571.0,-0.2756062238439891
4571.0,0.13129968001788833
4572.0,-0.3535088595671627
4574.0,-0.3020110306567408
4575.0,0.1981255238545053
4577.0,-0.22425694565255402
4577.0,0.15625784150631908
4578.0,0.2796597866920899
4579.0,-0.33826557062498724
4580.0,-0.2626885681251593
4581.0,-0.2258559520685962
4581.0,0.20857231990305192
4582.0,0.3107426157399649
4583.0,-0.24270925401008553
4583.0,0.2771832355570754
4584.0,-0.2773350645372724
4585.0,-0.18265318182926737
4585.0,0.2132418276449012
4587.0,0.3910671223993555
4588.0,-0.28488466765859893
4589.0,-0.18634187131463673
4590.0,0.3155385307904075
4591.0,0.369274808955669
4592.0,-0.1861248231232772
4592.0,0.3089776595016358
4593.0,0.38670397612875773
4594.0,-0.1581870683936351
4594.0,0.3291408704179847
4596.0,-0.07207947723404305
4596.0,0.3059280309947251
4598.0,-0.09649552708408066
4599.0,-0.11968259575495117
4600.0,-0.10096819300865499
4601.0,-0.04673131458546109
4601.0,0.4098986334093057
4602.0,-0.0828966586691144
4602.0,0.41660624062081736
4603.0,-0.06927107588427894
4603.0,0.4487285260559395
4604.0,-0.10917374597745053
4607.0,0.5029295621272815
4611.0,-0.4366153441185793
4611.0,-0.09012288225898124
4614.0,-0.4594653144832151
4614.0,0.4976606944980557
4617.0,-0.38365480893395576
4617.0,0.013190445118029347
4618.0,-0.4114615753355455
4618.0,0.0007447410048247986
4620.0,-0.4124865855401118
4622.0,-0.4192943593230801
4623.0,-0.3879530059474901
4623.0,0.04299653273967308
4625.0,-0.3373241159040671
4625.0,0.07133634140297532
4626.0,-0.4157205397390323
4627.0,-0.3829668407043075
4628.0,-0.3833893333952146
4629.0,0.20008805970201488
4630.0,-0.37479799143674847
4630.0,0.17063551430499282
4631.0,-0.3468795262625758
4631.0,0.11346036239400382
4632.0,0.1658724915634955
4635.0,-0.24737803036135167
4635.0,0.15952787350052577
4636.0,-0.32528066608452527
4638.0,-0.27378283717356955
4639.0,0.22635371733660894
4641.0,-0.19602875216991658
4641.0,0.1844860349889565
4642.0,0.30788798017472735
4643.0,-0.31003737714234986
4644.0,-0.23446037464252184
4645.0,-0.197627758585425
4645.0,0.23680051338622315
4646.0,0.33897080922260237
4647.0,-0.2144810605274481
4647.0,0.30541142903971286
4648.0,-0.24910687105463497
4649.0,-0.15442498834662993
4649.0,0.24147002112753863
4651.0,0.4192953158819929
4652.0,-0.25665647417542775
4653.0,-0.15811367783199928
4654.0,0.3437667242730449
4655.0,0.39750300243830644
4656.0,-0.15789662964063975
4656.0,0.33720585298427325
4657.0,0.41493216961192897
4658.0,-0.12995887491099767
4658.0,0.3573690639006221
4660.0,-0.043851283751405616
4660.0,0.33415622447736254
4662.0,-0.06826733360144321
4663.0,-0.09145440227231375
4664.0,-0.07273999952548377
4665.0,-0.018503121102823657
4665.0,0.43812682689194316
4666.0,-0.05466846518594317
4666.0,0.4448344341039886
4667.0,-0.041042882401641514
4667.0,0.47695671953857693
4668.0,-0.0809455524948131
4672.0,-0.46884224438977445
4675.0,-0.40838715063594183
4675.0,-0.0618946887763438
4678.0,-0.43123712100004385
4679.0,-0.4741111120190002
4681.0,-0.3554266154513183
4681.0,0.04141863860066678
4682.0,-0.38323338185290806
4682.0,0.028972934487462233
4684.0,-0.38425839205747436
4686.0,-0.3910661658404427
4687.0,-0.35972481246485266
4687.0,0.0712247262223105
4689.0,-0.30909592242142964
4689.0,0.09956453488561275
4690.0,-0.38749234625639484
4691.0,-0.35473864722167003
4692.0,-0.35516113991204334
4693.0,0.22831625318465232
4694.0,-0.346569797954111
4694.0,0.19886370778763024
4695.0,-0.31865133277993835
4695.0,0.14168855587664125
4696.0,0.19410068504613295
4699.0,-0.21914983687818043
4699.0,0.187756066983697
4700.0,-0.2970524726018879
4702.0,-0.24555464369093213
4703.0,0.25458191081924636
4705.0,-0.16780055868727914
4705.0,0.21271422847159394
4706.0,0.3361161736578986
4707.0,-0.2818091836597124
4708.0,-0.2062321811598844
4709.0,-0.16939956510278756
4709.0,0.2650287068688606
4710.0,0.3671990027052398
4711.0,-0.18625286704427685
4711.0,0.3336396225228841
4712.0,-0.22087867757199753
4713.0,-0.1261967948634587
4713.0,0.26969821461070986
4715.0,0.44752350936463037
4716.0,-0.22842828069279028
4717.0,-0.12988548434936187
4718.0,0.3719949177562161
4719.0,0.4257311959209439
4720.0,-0.1296684361574685
4720.0,0.3654340464674445
4721.0,0.44316036309456636
4722.0,-0.10173068142836024
4722.0,0.3855972573832595
4724.0,-0.01562309026876818
4724.0,0.36238441796
4726.0,-0.040039140118805785
4727.0,-0.06322620878914251
4728.0,-0.04451180604284633
4729.0,0.009725072379813777
4729.0,0.46635502037458054
4730.0,-0.026440271703305734
4730.0,0.47306262758662604
4731.0,-0.012814688919004079
4732.0,-0.494815086978479
4732.0,-0.052717359011641866
4736.0,-0.44061405090713707
4739.0,-0.3801589571527706
4739.0,-0.03366649529317257
4742.0,-0.4030089275174064
4743.0,-0.44588291853636275
4745.0,-0.3271984219686809
4745.0,0.06964683208330422
4746.0,-0.3550051883697368
4746.0,0.05720112797063347
4748.0,-0.3560301985748369
4750.0,-0.3628379723578053
4751.0,-0.3314966189816814
4751.0,0.09945291970548174
4753.0,-0.2808677289382584
4753.0,0.12779272836878397
4754.0,-0.3592641527737574
4755.0,-0.32651045373903265
4756.0,-0.3269329464294059
4757.0,0.25654444666728976
4758.0,-0.3183416044709398
4758.0,0.22709190127080148
4759.0,-0.2904231392973009
4759.0,0.1699167493592787
4760.0,0.2223288785293042
4763.0,-0.19092164339554302
4763.0,0.21598426046633443
4764.0,-0.26882427911925044
4766.0,-0.2173264502082947
4767.0,0.2828101043024176
4769.0,-0.13957236520464172
4769.0,0.24094242195423138
4770.0,0.36434436714053603
4771.0,-0.25358099017707497
4772.0,-0.17800398767671316
4773.0,-0.14117137162015012
4773.0,0.29325690035149804
4774.0,0.39542719618841105
4775.0,-0.15802467356163943
4775.0,0.36186781600552154
4776.0,-0.19265048408936009
4777.0,-0.09796860138082128
4777.0,0.2979264080933473
4779.0,0.4757517028478016
4780.0,-0.20020008721015287
4781.0,-0.10165729086672443
4782.0,0.40022311123885357
4783.0,0.4539593894035813
4784.0,-0.1014402426748311
4784.0,0.3936622399500819
4785.0,0.4713885565772038
4786.0,-0.073502487945189
4786.0,0.41382545086643074
4788.0,0.012605103213869253
4788.0,0.3906126114426374
4790.0,-0.011810946636168353
4791.0,-0.03499801530650508
4792.0,-0.016283612560208896
4793.0,0.03795326586298501
4793.0,0.4945832138577518
4794.0,0.0017879217793316997
4794.0,0.5012908210692635
4795.0,0.015413504563633355
4796.0,-0.4665868934958416
4796.0,-0.02448916552900443
4800.0,-0.41238585742396583
4803.0,-0.35193076367013315
4803.0,-0.005438301810535135
4806.0,-0.37478073403476897
4807.0,-0.4176547250531915
4809.0,-0.29897022848550964
4809.0,0.09787502556594165
4810.0,-0.3267769948870994
4810.0,0.0854293214532709
4812.0,-0.3278020050916657
4814.0,-0.33460977887410026
4815.0,-0.3032684254985102
4815.0,0.12768111318811917
4817.0,-0.25263953545508716
4817.0,0.1560209218519552
4818.0,-0.33103595929058616
4819.0,-0.2982822602553276
4820.0,-0.29870475294623466
4821.0,0.284772640150461
4822.0,-0.29011341098776855
4822.0,0.2553200947545065
4823.0,-0.26219494581412967
4823.0,0.19814494284191614
4824.0,0.2505570720124754
4827.0,-0.16269344991183798
4827.0,0.24421245394950566
4828.0,-0.240596085636613
4830.0,-0.18909825672458966
4831.0,0.31103829778558884
4833.0,-0.11134417172147049
4833.0,0.2691706154379364
4834.0,0.39257256062424106
4835.0,-0.22535279669390373
4836.0,-0.14977579419407575
4837.0,-0.11294317813751269
4837.0,0.3214850938341354
4838.0,0.4236553896710485
4839.0,-0.1297964800779344
4839.0,0.39009600948976036
4840.0,-0.16442229060565505
4841.0,-0.06974040789711625
4841.0,0.32615460157705234
4844.0,-0.49602010366925436
4844.0,-0.17197189372591404
4845.0,-0.07342909738301939
4846.0,0.4284513047220248
4847.0,0.4821875828862187
4848.0,-0.07321204919165986
4848.0,0.42189043343378696
4849.0,0.49961675006090883
4850.0,-0.04527429446255157
4850.0,0.442053644349602
4852.0,0.04083329669757429
4852.0,0.41884080492527487
4854.0,0.01641724684807048
4855.0,-0.006769821822800044
4856.0,0.011944580923496137
4857.0,0.06618145934562245
4858.0,-0.47718859265877034
4858.0,0.03001611526357053
4859.0,-0.47048098544725864
4859.0,0.04364169804680459
4860.0,-0.43835870001267035
4860.0,0.003739027954166801
4864.0,-0.3841576639407946
4867.0,-0.32370257018696197
4867.0,0.0227898916726361
4870.0,-0.34655254055159773
4871.0,-0.3894265315710879
4873.0,-0.2707420350028722
4873.0,0.1261032190496467
4874.0,-0.29854880140446194
4874.0,0.11365751493697593
4876.0,-0.29957381160902824
4878.0,-0.3063815853914628
4879.0,-0.27504023201587274
4879.0,0.1559093066718242
4881.0,-0.22441134197244972
4881.0,0.18424911533566024
4882.0,-0.3028077658068811
4883.0,-0.27005406677269017
4884.0,-0.2704765594635972
4885.0,0.3130008336330984
4886.0,-0.2618852175040635
4886.0,0.28354828823714395
4887.0,-0.23396675233042463
4887.0,0.22637313632562117
4888.0,0.27878526549511284
4891.0,-0.13446525642920054
4891.0,0.2724406474321431
4892.0,-0.21236789215290797
4894.0,-0.16087006324301983
4895.0,0.33926649126929387
4897.0,-0.08311597823883306
4897.0,0.29739880892057385
4898.0,0.4208007541058109
4899.0,-0.1971246032112663
4900.0,-0.12154760071037071
4901.0,-0.08471498465380765
4901.0,0.34971328731784046
4902.0,0.45188358315368593
4903.0,-0.10156828659636456
4903.0,0.41832420297133016
4904.0,-0.13619409712408523
4905.0,-0.04151221441447881
4905.0,0.3543827950596898
4908.0,-0.4677919101866169
4908.0,-0.14374370024434419
4909.0,-0.04520090390144956
4910.0,0.45667949820572984
4912.0,-0.4895842236303034
4912.0,-0.04498385570902242
4912.0,0.45011862691535676
4914.0,-0.4721550564566809
4914.0,-0.01704610097884654
4914.0,0.470281837833307
4916.0,0.06906149018021172
4916.0,0.4470689984089799
4918.0,0.04464544032964031
4919.0,0.02145837165983739
4920.0,0.04017277440613357
4921.0,0.09440965282932748
4922.0,-0.4489603991772005
4922.0,0.05824430874514037
4923.0,-0.44225279196462125
4923.0,0.07186989152944202
4924.0,-0.4101305065300329
4924.0,0.03196722143787183
4928.0,-0.35592947045815715
4931.0,-0.2954743767043245
4931.0,0.05101808515527353
4934.0,-0.3183243470678927
4935.0,-0.3611983380873829
4937.0,-0.24251384152023478
4937.0,0.15433141253121652
4938.0,-0.2703206079207569
4938.0,0.14188570841961337
4940.0,-0.2713456181263908
4942.0,-0.2781533919077578
4943.0,-0.24681203853216774
4943.0,0.18413750015446165
4945.0,-0.19618314848981228
4945.0,0.2124773088172301
4946.0,-0.2745795723253113
4947.0,-0.24182587328898514
4948.0,-0.2422483659809598
4949.0,0.34122902711573583
4950.0,-0.2336570240224937
4950.0,0.3117764817197814
4951.0,-0.2057385588488548
4951.0,0.25460132980719097
4952.0,0.3070134589788179
4955.0,-0.10623706294656311
4955.0,0.3006688409147805
4956.0,-0.18413969867133811
4958.0,-0.1326418697593148
4959.0,0.3674946847508637
4961.0,-0.05488778475512802
4961.0,0.3256270024042789
4962.0,0.44902894758951595
4963.0,-0.16889640972862888
4964.0,-0.09331940722880087
4965.0,-0.05648679117223782
4965.0,0.3779414807994103
4966.0,0.48011177663739096
4967.0,-0.07334009311265953
4967.0,0.4465523964550352
4968.0,-0.1079659036403802
4969.0,-0.013284020931841375
4969.0,0.3826109885423272
4972.0,-0.4395637167039795
4972.0,-0.11551550676063915
4973.0,-0.01697271041774453
4974.0,0.4849076916872997
4976.0,-0.46135603014766596
4976.0,-0.016755662226384988
4976.0,0.4783468203990618
4978.0,-0.44392686297404343
4978.0,0.011182092502723296
4978.0,0.49851003131487687
4980.0,0.09728968366391676
4980.0,0.4752971918916173
4982.0,0.07287363381334534
4983.0,0.049686565142474826
4984.0,0.06840096788877101
4985.0,0.12263784631196491
4986.0,-0.42073220569349545
4986.0,0.0864725022288454
4987.0,-0.4140245984819838
4987.0,0.10009808501207945
4988.0,-0.38190231304739547
4988.0,0.060195414919441664
4992.0,-0.3277012769755197
4995.0,-0.2672461832216871
4995.0,0.07924627863791096
4998.0,-0.2900961535863229
4999.0,-0.33297014460474544
5001.0,-0.21428564803759734
5001.0,0.18255960601492155
5002.0,-0.24209241443918708
5002.0,0.17011390190225079
5004.0,-0.2431174246426858
5006.0,-0.24992519842618793
5007.0,-0.21858384505059789
5007.0,0.21236569363709906
5009.0,-0.16795495500717486
5009.0,0.2407055023009351
5010.0,-0.24635137884160627
5011.0,-0.21359767980741529
5012.0,-0.21402017249832236
5013.0,0.36945722059944086
5014.0,-0.20542883053878866
5014.0,0.34000467520241884
5015.0,-0.17751036536514977
5015.0,0.282829523290896
5016.0,0.33524165246038773
5019.0,-0.07800886946392567
5019.0,0.32889703439741796
5020.0,-0.15591150518763308
5022.0,-0.10441367627667736
5023.0,0.39572287823456875
5025.0,-0.026659591273558186
5025.0,0.3538551958858487
5026.0,0.47725714107108574
5027.0,-0.14066821624492384
5028.0,-0.06509121374509584
5029.0,-0.02825859768853279
5029.0,0.40616967428311535
5031.0,-0.4916600298812664
5031.0,-0.04511189963108969
5031.0,0.47478058993660505
5032.0,-0.07973771015774277
5033.0,0.014944172550796057
5033.0,0.4108391820249646
5036.0,-0.41133552322027445
5036.0,-0.08728731327800172
5037.0,0.011255483064892904
5039.0,-0.4868641148292224
5040.0,-0.4331278366650285
5040.0,0.011472531256252444
5041.0,-0.4934249861185279
