TIE_Seconds,TIE_Picoseconds,Bit,Edge_Index,Bit_Prev_1,Bit_Prev_2,Bit_Prev_3,Bit_Prev_4,Bit_Prev_5,Bit_Prev_6,Bit_Prev_7,Bit_Prev_8,Bit_Prev_9,Bit_Prev_10
-4.972341e-12,-4.972341e+00,0,13,1,1,1,1,1,1,1,1,1,1
3.422367e-13,3.422367e-01,1,14,0,1,1,1,1,1,1,1,1,1
1.909323e-13,1.909323e-01,0,16,1,1,0,1,1,1,1,1,1,1
-4.728113e-12,-4.728113e+00,1,17,0,1,1,0,1,1,1,1,1,1
7.430566e-14,7.430566e-02,0,19,1,1,0,1,1,0,1,1,1,1
-4.758818e-12,-4.758818e+00,1,20,0,1,1,0,1,1,0,1,1,1
-1.764634e-13,-1.764634e-01,0,22,1,1,0,1,1,0,1,1,0,1
2.758820e-13,2.758820e-01,1,23,0,1,1,0,1,1,0,1,1,0
-4.922401e-12,-4.922401e+00,0,27,1,1,1,1,0,1,1,0,1,1
-4.719334e-12,-4.719334e+00,1,29,0,0,1,1,1,1,0,1,1,0
-2.509279e-12,-2.509279e+00,0,33,1,1,1,1,0,0,1,1,1,1
1.071858e-12,1.071858e+00,1,35,0,0,1,1,1,1,0,0,1,1
-6.225642e-12,-6.225642e+00,0,37,1,1,0,0,1,1,1,1,0,0
-3.407990e-12,-3.407990e+00,1,38,0,1,1,0,0,1,1,1,1,0
-9.808330e-13,-9.808330e-01,0,39,1,0,1,1,0,0,1,1,1,1
1.957605e-12,1.957605e+00,1,40,0,1,0,1,1,0,0,1,1,1
-6.506255e-12,-6.506255e+00,0,41,1,0,1,0,1,1,0,0,1,1
5.104460e-13,5.104460e-01,1,42,0,1,0,1,0,1,1,0,0,1
-4.548105e-12,-4.548105e+00,0,44,1,1,0,1,0,1,0,1,1,0
5.792894e-12,5.792894e+00,1,47,0,0,0,1,1,0,1,0,1,0
-8.056548e-12,-8.056548e+00,0,55,1,1,1,1,1,1,1,1,0,0
1.207845e-12,1.207845e+00,1,59,0,0,0,0,1,1,1,1,1,1
-2.051883e-12,-2.051883e+00,0,61,1,1,0,0,0,0,1,1,1,1
7.738426e-12,7.738426e+00,1,62,0,1,1,0,0,0,0,1,1,1
-2.869503e-12,-2.869503e+00,0,64,1,1,0,1,1,0,0,0,0,1
-5.131778e-12,-5.131778e+00,1,65,0,1,1,0,1,1,0,0,0,0
-5.829801e-12,-5.829801e+00,0,68,1,1,1,0,1,1,0,1,1,0
-2.272777e-13,-2.272777e-01,1,69,0,1,1,1,0,1,1,0,1,1
2.455919e-11,2.455919e+01,0,72,1,1,1,0,1,1,1,0,1,1
3.932254e-13,3.932254e-01,1,74,0,0,1,1,1,0,1,1,1,0
1.391919e-12,1.391919e+00,0,78,1,1,1,1,0,0,1,1,1,0
-3.860798e-11,-3.860798e+01,1,79,0,1,1,1,1,0,0,1,1,1
4.587686e-11,4.587686e+01,0,80,1,0,1,1,1,1,0,0,1,1
-1.735480e-12,-1.735480e+00,1,84,0,0,0,0,1,0,1,1,1,1
-1.291614e-12,-1.291614e+00,0,87,1,1,1,0,0,0,0,1,0,1
-5.496767e-12,-5.496767e+00,1,88,0,1,1,1,0,0,0,0,1,0
-3.657568e-12,-3.657568e+00,0,93,1,1,1,1,1,0,1,1,1,0
-3.068072e-13,-3.068072e-01,1,94,0,1,1,1,1,1,0,1,1,1
-1.062659e-11,-1.062659e+01,0,97,1,1,1,0,1,1,1,1,1,0
-5.062649e-11,-5.062649e+01,1,98,0,1,1,1,0,1,1,1,1,1
-9.062638e-11,-9.062638e+01,0,99,1,0,1,1,1,0,1,1,1,1
-5.377759e-12,-5.377759e+00,1,105,0,0,0,0,0,0,1,0,1,1
-3.255655e-12,-3.255655e+00,0,106,1,0,0,0,0,0,0,1,0,1
3.520713e-11,3.520713e+01,1,107,0,1,0,0,0,0,0,0,1,0
2.982666e-11,2.982666e+01,0,112,1,1,1,1,1,0,1,0,0,0
7.285351e-13,7.285351e-01,1,113,0,1,1,1,1,1,0,1,0,0
4.026958e-11,4.026958e+01,0,115,1,1,0,1,1,1,1,1,0,1
2.696790e-13,2.696790e-01,1,116,0,1,1,0,1,1,1,1,1,0
-2.379342e-12,-2.379342e+00,0,117,1,0,1,1,0,1,1,1,1,1
9.659517e-13,9.659517e-01,1,119,0,0,1,0,1,1,0,1,1,1
-1.214297e-11,-1.214297e+01,0,121,1,1,0,0,1,0,1,1,0,1
-1.123247e-12,-1.123247e+00,1,122,0,1,1,0,0,1,0,1,1,0
-7.718489e-12,-7.718489e+00,0,126,1,1,1,1,0,1,1,0,0,1
-4.702900e-13,-4.702900e-01,1,128,0,0,1,1,1,1,0,1,1,0
2.344854e-12,2.344854e+00,0,129,1,0,0,1,1,1,1,0,1,1
-3.033855e-12,-3.033855e+00,1,130,0,1,0,0,1,1,1,1,0,1
6.205145e-13,6.205145e-01,0,131,1,0,1,0,0,1,1,1,1,0
-2.549746e-11,-2.549746e+01,1,132,0,1,0,1,0,0,1,1,1,1
1.307296e-12,1.307296e+00,0,133,1,0,1,0,1,0,0,1,1,1
8.597906e-13,8.597906e-01,1,138,0,0,0,0,0,1,0,1,0,1
-1.469602e-12,-1.469602e+00,0,146,1,1,1,1,1,1,1,1,0,0
-1.040483e-11,-1.040483e+01,1,147,0,1,1,1,1,1,1,1,1,0
2.458597e-12,2.458597e+00,0,149,1,1,0,1,1,1,1,1,1,1
2.607259e-12,2.607259e+00,1,158,0,0,0,0,0,0,0,0,0,1
-7.784891e-13,-7.784891e-01,0,159,1,0,0,0,0,0,0,0,0,0
-2.067600e-11,-2.067600e+01,1,160,0,1,0,0,0,0,0,0,0,0
4.187668e-11,4.187668e+01,0,161,1,0,1,0,0,0,0,0,0,0
1.876779e-12,1.876779e+00,1,162,0,1,0,1,0,0,0,0,0,0
3.648432e-11,3.648432e+01,0,164,1,1,0,1,0,1,0,0,0,0
-3.515574e-12,-3.515574e+00,1,165,0,1,1,0,1,0,1,0,0,0
1.263303e-12,1.263303e+00,0,167,1,1,0,1,1,0,1,0,1,0
4.824633e-13,4.824633e-01,1,168,0,1,1,0,1,1,0,1,0,1
-4.567893e-12,-4.567893e+00,0,175,1,1,1,1,1,1,1,0,1,1
4.570855e-13,4.570855e-01,1,177,0,0,1,1,1,1,1,1,1,0
1.274040e-11,1.274040e+01,0,181,1,1,1,1,0,0,1,1,1,1
-2.660995e-11,-2.660995e+01,1,182,0,1,1,1,1,0,0,1,1,1
-1.032148e-11,-1.032148e+01,0,184,1,1,0,1,1,1,1,0,0,1
9.485919e-13,9.485919e-01,1,185,0,1,1,0,1,1,1,1,0,0
4.802368e-13,4.802368e-01,0,188,1,1,1,0,1,1,0,1,1,1
-3.983699e-12,-3.983699e+00,1,193,0,0,0,0,0,1,1,1,0,1
-5.976624e-12,-5.976624e+00,0,194,1,0,0,0,0,0,1,1,1,0
-3.282141e-12,-3.282141e+00,1,195,0,1,0,0,0,0,0,1,1,1
-5.284590e-12,-5.284590e+00,0,196,1,0,1,0,0,0,0,0,1,1
7.228536e-13,7.228536e-01,1,200,0,0,0,0,1,0,1,0,0,0
-2.185545e-12,-2.185545e+00,0,202,1,1,0,0,0,0,1,0,1,0
1.479142e-12,1.479142e+00,1,203,0,1,1,0,0,0,0,1,0,1
6.449982e-13,6.449982e-01,0,209,1,1,1,1,1,1,0,1,1,0
2.139097e-11,2.139097e+01,1,210,0,1,1,1,1,1,1,0,1,1
-3.606052e-12,-3.606052e+00,0,213,1,1,1,0,1,1,1,1,1,1
-2.598013e-12,-2.598013e+00,1,215,0,0,1,1,1,0,1,1,1,1
-5.133501e-12,-5.133501e+00,0,217,1,1,0,0,1,1,1,0,1,1
-4.513340e-11,-4.513340e+01,1,218,0,1,1,0,0,1,1,1,0,1
2.322343e-12,2.322343e+00,0,220,1,1,0,1,1,0,0,1,1,1
-2.601266e-12,-2.601266e+00,1,222,0,0,1,1,0,1,1,0,0,1
6.893467e-12,6.893467e+00,0,224,1,1,0,0,1,1,0,1,1,0
8.372388e-14,8.372388e-02,1,227,0,0,0,1,1,0,0,1,1,0
1.368773e-12,1.368773e+00,0,231,1,1,1,1,0,0,0,1,1,0
3.490949e-11,3.490949e+01,1,234,0,0,0,1,1,1,1,0,0,0
-3.816574e-12,-3.816574e+00,0,237,1,1,1,0,0,0,1,1,1,1
1.299508e-12,1.299508e+00,1,238,0,1,1,1,0,0,0,1,1,1
-2.451911e-12,-2.451911e+00,0,239,1,0,1,1,1,0,0,0,1,1
1.959959e-12,1.959959e+00,1,240,0,1,0,1,1,1,0,0,0,1
-4.812668e-12,-4.812668e+00,0,242,1,1,0,1,0,1,1,1,0,0
-4.509919e-11,-4.509919e+01,1,246,0,0,0,0,1,1,0,1,0,1
-4.036543e-12,-4.036543e+00,0,248,1,1,0,0,0,0,1,1,0,1
-7.156917e-13,-7.156917e-01,1,250,0,0,1,1,0,0,0,0,1,1
-1.647887e-12,-1.647887e+00,0,251,1,0,0,1,1,0,0,0,0,1
-1.117383e-11,-1.117383e+01,1,254,0,0,0,1,0,0,1,1,0,0
3.986583e-11,3.986583e+01,0,256,1,1,0,0,0,1,0,0,1,1
-1.340701e-13,-1.340701e-01,1,257,0,1,1,0,0,0,1,0,0,1
1.170267e-12,1.170267e+00,0,258,1,0,1,1,0,0,0,1,0,0
-3.882963e-11,-3.882963e+01,1,259,0,1,0,1,1,0,0,0,1,0
4.143656e-11,4.143656e+01,0,260,1,0,1,0,1,1,0,0,0,1
1.436661e-12,1.436661e+00,1,261,0,1,0,1,0,1,1,0,0,0
-2.735599e-12,-2.735599e+00,0,262,1,0,1,0,1,0,1,1,0,0
-1.288260e-12,-1.288260e+00,1,266,0,0,0,0,1,0,1,0,1,0
-1.062450e-11,-1.062450e+01,0,275,1,1,1,1,1,1,1,1,1,0
4.727070e-11,4.727070e+01,1,276,0,1,1,1,1,1,1,1,1,1
-5.609061e-12,-5.609061e+00,0,279,1,1,1,0,1,1,1,1,1,1
-5.580367e-12,-5.580367e+00,1,280,0,1,1,1,0,1,1,1,1,1
-1.075009e-12,-1.075009e+00,0,282,1,1,0,1,1,1,0,1,1,1
4.458750e-12,4.458750e+00,1,283,0,1,1,0,1,1,1,0,1,1
2.248891e-12,2.248891e+00,0,285,1,1,0,1,1,0,1,1,1,0
-3.578142e-12,-3.578142e+00,1,286,0,1,1,0,1,1,0,1,1,1
4.222277e-12,4.222277e+00,0,287,1,0,1,1,0,1,1,0,1,1
2.549341e-12,2.549341e+00,1,291,0,0,0,0,1,0,1,1,0,1
8.656429e-12,8.656429e+00,0,292,1,0,0,0,0,1,0,1,1,0
2.994489e-12,2.994489e+00,1,293,0,1,0,0,0,0,1,0,1,1
-9.065082e-13,-9.065082e-01,0,294,1,0,1,0,0,0,0,1,0,1
-9.369850e-12,-9.369850e+00,1,297,0,0,0,1,0,1,0,0,0,0
3.799476e-13,3.799476e-01,0,298,1,0,0,0,1,0,1,0,0,0
2.384624e-12,2.384624e+00,1,303,0,0,0,0,0,1,0,0,0,1
-2.137193e-12,-2.137193e+00,0,304,1,0,0,0,0,0,1,0,0,0
5.390737e-12,5.390737e+00,1,306,0,0,1,0,0,0,0,0,1,0
3.105854e-13,3.105854e-01,0,308,1,1,0,0,1,0,0,0,0,0
5.974358e-12,5.974358e+00,1,310,0,0,1,1,0,0,1,0,0,0
-4.331713e-12,-4.331713e+00,0,312,1,1,0,0,1,1,0,0,1,0
-3.473516e-12,-3.473516e+00,1,313,0,1,1,0,0,1,1,0,0,1
-3.121254e-12,-3.121254e+00,0,317,1,1,1,1,0,1,1,0,0,1
-3.638745e-12,-3.638745e+00,1,320,0,0,0,1,1,1,1,0,1,1
-1.415368e-12,-1.415368e+00,0,323,1,1,1,0,0,0,1,1,1,1
4.006724e-12,4.006724e+00,1,325,0,0,1,1,1,0,0,0,1,1
5.266874e-13,5.266874e-01,0,327,1,1,0,0,1,1,1,0,0,0
-2.915056e-12,-2.915056e+00,1,328,0,1,1,0,0,1,1,1,0,0
-1.367480e-12,-1.367480e+00,0,329,1,0,1,1,0,0,1,1,1,0
2.862548e-12,2.862548e+00,1,330,0,1,0,1,1,0,0,1,1,1
1.049693e-12,1.049693e+00,0,333,1,1,1,0,1,0,1,1,0,0
-5.798356e-12,-5.798356e+00,1,334,0,1,1,1,0,1,0,1,1,0
-5.179230e-13,-5.179230e-01,0,335,1,0,1,1,1,0,1,0,1,1
8.155390e-13,8.155390e-01,1,336,0,1,0,1,1,1,0,1,0,1
1.393952e-11,1.393952e+01,0,337,1,0,1,0,1,1,1,0,1,0
-2.922701e-12,-2.922701e+00,1,338,0,1,0,1,0,1,1,1,0,1
-2.676186e-12,-2.676186e+00,0,339,1,0,1,0,1,0,1,1,1,0
-5.158879e-12,-5.158879e+00,1,341,0,0,1,0,1,0,1,0,1,1
3.424175e-12,3.424175e+00,0,342,1,0,0,1,0,1,0,1,0,1
1.661360e-12,1.661360e+00,1,343,0,1,0,0,1,0,1,0,1,0
4.359932e-13,4.359932e-01,0,352,1,1,1,1,1,1,1,1,1,0
2.987913e-11,2.987913e+01,1,354,0,0,1,1,1,1,1,1,1,1
4.276604e-12,4.276604e+00,0,355,1,0,0,1,1,1,1,1,1,1
-3.612867e-12,-3.612867e+00,1,356,0,1,0,0,1,1,1,1,1,1
-3.499976e-11,-3.499976e+01,0,358,1,1,0,1,0,0,1,1,1,1
3.092992e-12,3.092992e+00,1,359,0,1,1,0,1,0,0,1,1,1
-5.161020e-12,-5.161020e+00,0,361,1,1,0,1,1,0,1,0,0,1
7.685845e-12,7.685845e+00,1,362,0,1,1,0,1,1,0,1,0,0
4.319780e-12,4.319780e+00,0,365,1,1,1,0,1,1,0,1,1,0
-1.726286e-12,-1.726286e+00,1,367,0,0,1,1,1,0,1,1,0,1
-1.464530e-12,-1.464530e+00,0,368,1,0,0,1,1,1,0,1,1,0
-1.568269e-11,-1.568269e+01,1,369,0,1,0,0,1,1,1,0,1,1
1.217657e-11,1.217657e+01,0,370,1,0,1,0,0,1,1,1,0,1
-3.221159e-12,-3.221159e+00,1,373,0,0,0,1,0,1,0,0,1,1
2.380364e-13,2.380364e-01,0,374,1,0,0,0,1,0,1,0,0,1
3.115305e-12,3.115305e+00,1,375,0,1,0,0,0,1,0,1,0,0
5.784606e-12,5.784606e+00,0,378,1,1,1,0,1,0,0,0,1,0
-5.528957e-13,-5.528957e-01,1,380,0,0,1,1,1,0,1,0,0,0
-2.389465e-12,-2.389465e+00,0,381,1,0,0,1,1,1,0,1,0,0
1.357463e-11,1.357463e+01,1,385,0,0,0,0,1,0,0,1,1,1
4.898714e-13,4.898714e-01,0,386,1,0,0,0,0,1,0,0,1,1
-1.708143e-11,-1.708143e+01,1,390,0,0,0,0,1,0,0,0,0,1
7.167338e-12,7.167338e+00,0,394,1,1,1,1,0,0,0,0,1,0
-2.139996e-11,-2.139996e+01,1,395,0,1,1,1,1,0,0,0,0,1
1.084606e-12,1.084606e+00,0,399,1,1,1,1,0,1,1,1,1,0
-9.341315e-12,-9.341315e+00,1,400,0,1,1,1,1,0,1,1,1,1
-1.521300e-12,-1.521300e+00,0,403,1,1,1,0,1,1,1,1,0,1
-3.978483e-13,-3.978483e-01,1,404,0,1,1,1,0,1,1,1,1,0
3.727277e-13,3.727277e-01,0,408,1,1,1,1,0,1,1,1,0,1
1.913167e-12,1.913167e+00,1,409,0,1,1,1,1,0,1,1,1,0
1.802897e-12,1.802897e+00,0,413,1,1,1,1,0,1,1,1,1,0
2.079103e-12,2.079103e+00,1,414,0,1,1,1,1,0,1,1,1,1
6.604596e-12,6.604596e+00,0,415,1,0,1,1,1,1,0,1,1,1
-1.284983e-12,-1.284983e+00,1,420,0,0,0,0,0,1,0,1,1,1
-1.042308e-12,-1.042308e+00,0,421,1,0,0,0,0,0,1,0,1,1
8.833012e-13,8.833012e-01,1,422,0,1,0,0,0,0,0,1,0,1
-5.887369e-12,-5.887369e+00,0,424,1,1,0,1,0,0,0,0,0,1
-3.016578e-12,-3.016578e+00,1,426,0,0,1,1,0,1,0,0,0,0
-2.605868e-13,-2.605868e-01,0,427,1,0,0,1,1,0,1,0,0,0
2.431782e-11,2.431782e+01,1,428,0,1,0,0,1,1,0,1,0,0
-1.794583e-11,-1.794583e+01,0,430,1,1,0,1,0,0,1,1,0,1
-1.074783e-12,-1.074783e+00,1,431,0,1,1,0,1,0,0,1,1,0
-2.063593e-12,-2.063593e+00,0,432,1,0,1,1,0,1,0,0,1,1
1.610958e-12,1.610958e+00,1,434,0,0,1,0,1,1,0,1,0,0
-8.962957e-13,-8.962957e-01,0,437,1,1,1,0,0,1,0,1,1,0
-1.868167e-11,-1.868167e+01,1,439,0,0,1,1,1,0,0,1,0,1
4.214482e-11,4.214482e+01,0,440,1,0,0,1,1,1,0,0,1,0
2.144928e-12,2.144928e+00,1,441,0,1,0,0,1,1,1,0,0,1
1.607319e-12,1.607319e+00,0,442,1,0,1,0,0,1,1,1,0,0
-1.224226e-12,-1.224226e+00,1,444,0,0,1,0,1,0,0,1,1,1
2.807812e-12,2.807812e+00,0,447,1,1,1,0,0,1,0,1,0,0
-2.457155e-11,-2.457155e+01,1,448,0,1,1,1,0,0,1,0,1,0
3.501450e-12,3.501450e+00,0,449,1,0,1,1,1,0,0,1,0,1
-3.839125e-12,-3.839125e+00,1,450,0,1,0,1,1,1,0,0,1,0
3.711368e-12,3.711368e+00,0,451,1,0,1,0,1,1,1,0,0,1
-1.080403e-12,-1.080403e+00,1,453,0,0,1,0,1,0,1,1,1,0
-3.214227e-12,-3.214227e+00,0,454,1,0,0,1,0,1,0,1,1,1
-4.085120e-12,-4.085120e+00,1,455,0,1,0,0,1,0,1,0,1,1
-2.485125e-12,-2.485125e+00,0,456,1,0,1,0,0,1,0,1,0,1
-1.761995e-12,-1.761995e+00,1,457,0,1,0,1,0,0,1,0,1,0
3.126746e-12,3.126746e+00,0,464,1,1,1,1,1,1,1,0,1,0
4.532494e-13,4.532494e-01,1,466,0,0,1,1,1,1,1,1,1,0
-5.046794e-12,-5.046794e+00,0,467,1,0,0,1,1,1,1,1,1,1
-3.552717e-11,-3.552717e+01,1,469,0,0,1,0,0,1,1,1,1,1
4.217966e-12,4.217966e+00,0,471,1,1,0,0,1,0,0,1,1,1
1.808599e-11,1.808599e+01,1,472,0,1,1,0,0,1,0,0,1,1
2.017618e-12,2.017618e+00,0,474,1,1,0,1,1,0,0,1,0,0
2.402055e-12,2.402055e+00,1,475,0,1,1,0,1,1,0,0,1,0
-2.353382e-11,-2.353382e+01,0,476,1,0,1,1,0,1,1,0,0,1
4.648438e-12,4.648438e+00,1,477,0,1,0,1,1,0,1,1,0,0
-1.105735e-12,-1.105735e+00,0,478,1,0,1,0,1,1,0,1,1,0
-4.029522e-12,-4.029522e+00,1,481,0,0,0,1,0,1,0,1,1,0
-1.400511e-11,-1.400511e+01,0,485,1,1,1,1,0,0,0,1,0,1
7.149005e-13,7.149005e-01,1,487,0,0,1,1,1,1,0,0,0,1
1.858677e-12,1.858677e+00,0,488,1,0,0,1,1,1,1,0,0,0
2.218267e-11,2.218267e+01,1,490,0,0,1,0,0,1,1,1,1,0
1.172743e-12,1.172743e+00,0,492,1,1,0,0,1,0,0,1,1,1
-2.899265e-12,-2.899265e+00,1,497,0,0,0,0,0,1,1,0,0,1
-7.920424e-13,-7.920424e-01,0,501,1,1,1,1,0,0,0,0,0,1
-1.317743e-12,-1.317743e+00,1,504,0,0,0,1,1,1,1,0,0,0
1.444738e-12,1.444738e+00,0,506,1,1,0,0,0,1,1,1,1,0
-1.335524e-12,-1.335524e+00,1,507,0,1,1,0,0,0,1,1,1,1
1.009066e-12,1.009066e+00,0,510,1,1,1,0,1,1,0,0,0,1
2.238901e-12,2.238901e+00,1,511,0,1,1,1,0,1,1,0,0,0
-3.743129e-11,-3.743129e+01,0,514,1,1,1,0,1,1,1,0,1,1
6.693458e-14,6.693458e-02,1,515,0,1,1,1,0,1,1,1,0,1
2.614659e-12,2.614659e+00,0,516,1,0,1,1,1,0,1,1,1,0
2.133486e-12,2.133486e+00,1,517,0,1,0,1,1,1,0,1,1,1
2.654328e-11,2.654328e+01,0,518,1,0,1,0,1,1,1,0,1,1
7.606150e-13,7.606150e-01,1,522,0,0,0,0,1,0,1,0,1,1
-2.763808e-12,-2.763808e+00,0,523,1,0,0,0,0,1,0,1,0,1
-4.142499e-13,-4.142499e-01,1,524,0,1,0,0,0,0,1,0,1,0
-6.638424e-12,-6.638424e+00,0,531,1,1,1,1,1,1,1,0,1,0
9.560413e-14,9.560413e-02,1,532,0,1,1,1,1,1,1,1,0,1
-5.932020e-12,-5.932020e+00,0,537,1,1,1,1,1,0,1,1,1,1
7.374976e-12,7.374976e+00,1,538,0,1,1,1,1,1,0,1,1,1
2.392430e-12,2.392430e+00,0,540,1,1,0,1,1,1,1,1,0,1
-1.229241e-11,-1.229241e+01,1,541,0,1,1,0,1,1,1,1,1,0
-6.134960e-12,-6.134960e+00,0,545,1,1,1,1,0,1,1,0,1,1
7.740606e-13,7.740606e-01,1,546,0,1,1,1,1,0,1,1,0,1
1.503562e-12,1.503562e+00,0,548,1,1,0,1,1,1,1,0,1,1
-3.180649e-12,-3.180649e+00,1,550,0,0,1,1,0,1,1,1,1,0
1.107637e-12,1.107637e+00,0,554,1,1,1,1,0,0,1,1,0,1
-7.993694e-12,-7.993694e+00,1,555,0,1,1,1,1,0,0,1,1,0
-5.110676e-12,-5.110676e+00,0,559,1,1,1,1,0,1,1,1,1,0
6.374221e-12,6.374221e+00,1,562,0,0,0,1,1,1,1,0,1,1
-8.212268e-13,-8.212268e-01,0,564,1,1,0,0,0,1,1,1,1,0
-9.779146e-13,-9.779146e-01,1,565,0,1,1,0,0,0,1,1,1,1
-1.321092e-13,-1.321092e-01,0,566,1,0,1,1,0,0,0,1,1,1
-2.341779e-12,-2.341779e+00,1,571,0,0,0,0,0,1,0,1,1,0
-9.032682e-12,-9.032682e+00,0,573,1,1,0,0,0,0,0,1,0,1
-2.279806e-13,-2.279806e-01,1,576,0,0,0,1,1,0,0,0,0,0
-6.715412e-13,-6.715412e-01,0,577,1,0,0,0,1,1,0,0,0,0
2.024753e-11,2.024753e+01,1,583,0,0,0,0,0,0,1,0,0,0
6.169961e-12,6.169961e+00,0,586,1,1,1,0,0,0,0,0,0,1
-2.019805e-12,-2.019805e+00,1,587,0,1,1,1,0,0,0,0,0,0
-7.921721e-13,-7.921721e-01,0,588,1,0,1,1,1,0,0,0,0,0
1.213239e-12,1.213239e+00,1,595,0,0,0,0,0,0,0,1,0,1
-4.145967e-12,-4.145967e+00,0,597,1,1,0,0,0,0,0,0,0,1
-3.465505e-12,-3.465505e+00,1,599,0,0,1,1,0,0,0,0,0,0
3.393901e-12,3.393901e+00,0,600,1,0,0,1,1,0,0,0,0,0
2.402684e-12,2.402684e+00,1,601,0,1,0,0,1,1,0,0,0,0
1.773325e-11,1.773325e+01,0,603,1,1,0,1,0,0,1,1,0,0
4.036283e-12,4.036283e+00,1,604,0,1,1,0,1,0,0,1,1,0
-2.208167e-12,-2.208167e+00,0,606,1,1,0,1,1,0,1,0,0,1
1.635503e-11,1.635503e+01,1,609,0,0,0,1,1,0,1,1,0,1
3.228984e-12,3.228984e+00,0,614,1,1,1,1,1,0,0,0,1,1
7.464649e-12,7.464649e+00,1,616,0,0,1,1,1,1,1,0,0,0
-9.692066e-12,-9.692066e+00,0,619,1,1,1,0,0,1,1,1,1,1
-2.646462e-12,-2.646462e+00,1,620,0,1,1,1,0,0,1,1,1,1
-6.658515e-12,-6.658515e+00,0,621,1,0,1,1,1,0,0,1,1,1
-2.115415e-12,-2.115415e+00,1,622,0,1,0,1,1,1,0,0,1,1
-1.953856e-11,-1.953856e+01,0,624,1,1,0,1,0,1,1,1,0,0
2.027711e-12,2.027711e+00,1,625,0,1,1,0,1,0,1,1,1,0
8.166588e-13,8.166588e-01,0,626,1,0,1,1,0,1,0,1,1,1
-3.918324e-11,-3.918324e+01,1,627,0,1,0,1,1,0,1,0,1,1
3.837233e-11,3.837233e+01,0,628,1,0,1,0,1,1,0,1,0,1
-1.627570e-12,-1.627570e+00,1,629,0,1,0,1,0,1,1,0,1,0
-5.370790e-12,-5.370790e+00,0,635,1,1,1,1,1,1,0,1,0,1
-2.374329e-12,-2.374329e+00,1,637,0,0,1,1,1,1,1,1,0,1
2.030027e-12,2.030027e+00,0,638,1,0,0,1,1,1,1,1,1,0
1.407964e-12,1.407964e+00,1,640,0,0,1,0,0,1,1,1,1,1
9.325592e-12,9.325592e+00,0,641,1,0,0,1,0,0,1,1,1,1
-7.836699e-12,-7.836699e+00,1,642,0,1,0,0,1,0,0,1,1,1
6.465665e-13,6.465665e-01,0,644,1,1,0,1,0,0,1,0,0,1
-1.664051e-12,-1.664051e+00,1,645,0,1,1,0,1,0,0,1,0,0
7.429105e-13,7.429105e-01,0,648,1,1,1,0,1,1,0,1,0,0
2.741502e-12,2.741502e+00,1,650,0,0,1,1,1,0,1,1,0,1
5.790700e-12,5.790700e+00,0,655,1,1,1,1,1,0,0,1,1,1
-8.527279e-13,-8.527279e-01,1,657,0,0,1,1,1,1,1,0,0,1
2.971877e-12,2.971877e+00,0,659,1,1,0,0,1,1,1,1,1,0
-3.339562e-12,-3.339562e+00,1,662,0,0,0,1,1,0,0,1,1,1
2.529668e-12,2.529668e+00,0,664,1,1,0,0,0,1,1,0,0,1
7.304327e-12,7.304327e+00,1,665,0,1,1,0,0,0,1,1,0,0
4.513234e-11,4.513234e+01,0,668,1,1,1,0,1,1,0,0,0,1
-6.639434e-12,-6.639434e+00,1,671,0,0,0,1,1,1,0,1,1,0
-1.563330e-12,-1.563330e+00,0,673,1,1,0,0,0,1,1,1,0,1
1.186776e-12,1.186776e+00,1,676,0,0,0,1,1,0,0,0,1,1
-5.320723e-12,-5.320723e+00,0,677,1,0,0,0,1,1,0,0,0,1
6.433110e-12,6.433110e+00,1,678,0,1,0,0,0,1,1,0,0,0
9.299034e-13,9.299034e-01,0,681,1,1,1,0,1,0,0,0,1,1
-1.634852e-12,-1.634852e+00,1,682,0,1,1,1,0,1,0,0,0,1
2.641216e-12,2.641216e+00,0,683,1,0,1,1,1,0,1,0,0,0
7.949555e-12,7.949555e+00,1,684,0,1,0,1,1,1,0,1,0,0
1.681721e-11,1.681721e+01,0,685,1,0,1,0,1,1,1,0,1,0
-1.557569e-13,-1.557569e-01,1,686,0,1,0,1,0,1,1,1,0,1
-3.663677e-13,-3.663677e-01,0,691,1,1,1,1,1,0,1,0,1,0
-4.824839e-12,-4.824839e+00,1,692,0,1,1,1,1,1,0,1,0,1
1.253190e-12,1.253190e+00,0,693,1,0,1,1,1,1,1,0,1,0
2.498452e-12,2.498452e+00,1,695,0,0,1,0,1,1,1,1,1,0
2.291005e-11,2.291005e+01,0,696,1,0,0,1,0,1,1,1,1,1
4.395418e-11,4.395418e+01,1,698,0,0,1,0,0,1,0,1,1,1
4.607589e-12,4.607589e+00,0,700,1,1,0,0,1,0,0,1,0,1
-3.539231e-11,-3.539231e+01,1,701,0,1,1,0,0,1,0,0,1,0
-2.575713e-12,-2.575713e+00,0,706,1,1,1,1,1,0,1,1,0,0
-3.413479e-13,-3.413479e-01,1,708,0,0,1,1,1,1,1,0,1,1
9.857196e-13,9.857196e-01,0,711,1,1,1,0,0,1,1,1,1,1
-9.113534e-13,-9.113534e-01,1,713,0,0,1,1,1,0,0,1,1,1
3.902515e-12,3.902515e+00,0,715,1,1,0,0,1,1,1,0,0,1
2.606770e-12,2.606770e+00,1,716,0,1,1,0,0,1,1,1,0,0
-1.358134e-12,-1.358134e+00,0,719,1,1,1,0,1,1,0,0,1,1
2.265434e-12,2.265434e+00,1,723,0,0,0,0,1,1,1,0,1,1
-1.872936e-12,-1.872936e+00,0,726,1,1,1,0,0,0,0,1,1,1
1.625727e-12,1.625727e+00,1,728,0,0,1,1,1,0,0,0,0,1
4.089443e-12,4.089443e+00,0,730,1,1,0,0,1,1,1,0,0,0
6.458252e-12,6.458252e+00,1,735,0,0,0,0,0,1,1,0,0,1
-1.346136e-12,-1.346136e+00,0,737,1,1,0,0,0,0,0,1,1,0
1.536778e-12,1.536778e+00,1,740,0,0,0,1,1,0,0,0,0,0
3.780895e-11,3.780895e+01,0,743,1,1,1,0,0,0,1,1,0,0
-2.190948e-12,-2.190948e+00,1,744,0,1,1,1,0,0,0,1,1,0
-1.982937e-12,-1.982937e+00,0,746,1,1,0,1,1,1,0,0,0,1
-1.560224e-12,-1.560224e+00,1,749,0,0,0,1,1,0,1,1,1,0
6.015655e-12,6.015655e+00,0,751,1,1,0,0,0,1,1,0,1,1
2.090234e-12,2.090234e+00,1,755,0,0,0,0,1,1,0,0,0,1
-2.026139e-12,-2.026139e+00,0,756,1,0,0,0,0,1,1,0,0,0
3.525862e-11,3.525862e+01,1,757,0,1,0,0,0,0,1,1,0,0
-1.320967e-12,-1.320967e+00,0,758,1,0,1,0,0,0,0,1,1,0
-2.217316e-11,-2.217316e+01,1,759,0,1,0,1,0,0,0,0,1,1
-1.452104e-11,-1.452104e+01,0,762,1,1,1,0,1,0,1,0,0,0
-5.068443e-12,-5.068443e+00,1,767,0,0,0,0,0,1,1,1,0,1
-5.634625e-12,-5.634625e+00,0,768,1,0,0,0,0,0,1,1,1,0
-2.489806e-12,-2.489806e+00,1,770,0,0,1,0,0,0,0,0,1,1
3.622521e-12,3.622521e+00,0,771,1,0,0,1,0,0,0,0,0,1
-3.637738e-11,-3.637738e+01,1,772,0,1,0,0,1,0,0,0,0,0
5.316202e-12,5.316202e+00,0,775,1,1,1,0,1,0,0,1,0,0
-3.468369e-11,-3.468369e+01,1,776,0,1,1,1,0,1,0,0,1,0
-3.778070e-12,-3.778070e+00,0,778,1,1,0,1,1,1,0,1,0,0
3.498195e-11,3.498195e+01,1,780,0,0,1,1,0,1,1,1,0,1
3.182744e-12,3.182744e+00,0,785,1,1,1,1,1,0,0,1,1,0
-5.686014e-12,-5.686014e+00,1,786,0,1,1,1,1,1,0,0,1,1
3.227317e-12,3.227317e+00,0,787,1,0,1,1,1,1,1,0,0,1
1.000980e-12,1.000980e+00,1,790,0,0,0,1,0,1,1,1,1,1
-3.811254e-12,-3.811254e+00,0,793,1,1,1,0,0,0,1,0,1,1
1.036633e-12,1.036633e+00,1,794,0,1,1,1,0,0,0,1,0,1
3.211845e-12,3.211845e+00,0,796,1,1,0,1,1,1,0,0,0,1
-5.624958e-13,-5.624958e-01,1,798,0,0,1,1,0,1,1,1,0,0
-4.973294e-12,-4.973294e+00,0,799,1,0,0,1,1,0,1,1,1,0
1.353768e-12,1.353768e+00,1,800,0,1,0,0,1,1,0,1,1,1
2.340124e-12,2.340124e+00,0,803,1,1,1,0,1,0,0,1,1,0
2.806475e-12,2.806475e+00,1,804,0,1,1,1,0,1,0,0,1,1
-2.421555e-11,-2.421555e+01,0,805,1,0,1,1,1,0,1,0,0,1
2.092842e-12,2.092842e+00,1,808,0,0,0,1,0,1,1,1,0,1
-2.134122e-12,-2.134122e+00,0,813,1,1,1,1,1,0,0,0,1,0
-4.213402e-11,-4.213402e+01,1,814,0,1,1,1,1,1,0,0,0,1
9.894142e-12,9.894142e+00,0,815,1,0,1,1,1,1,1,0,0,0
-7.025990e-13,-7.025990e-01,1,817,0,0,1,0,1,1,1,1,1,0
3.588659e-11,3.588659e+01,0,819,1,1,0,0,1,0,1,1,1,1
5.173415e-13,5.173415e-01,1,825,0,0,0,0,0,0,1,1,0,0
1.311241e-12,1.311241e+00,0,826,1,0,0,0,0,0,0,1,1,0
-3.165654e-12,-3.165654e+00,1,829,0,0,0,1,0,0,0,0,0,0
4.981066e-12,4.981066e+00,0,832,1,1,1,0,0,0,1,0,0,0
-1.509349e-11,-1.509349e+01,1,833,0,1,1,1,0,0,0,1,0,0
4.261087e-12,4.261087e+00,0,835,1,1,0,1,1,1,0,0,0,1
1.003364e-12,1.003364e+00,1,836,0,1,1,0,1,1,1,0,0,0
5.980089e-12,5.980089e+00,0,837,1,0,1,1,0,1,1,1,0,0
1.398804e-11,1.398804e+01,1,841,0,0,0,0,1,0,1,1,0,1
-1.644743e-11,-1.644743e+01,0,843,1,1,0,0,0,0,1,0,1,1
-3.703420e-12,-3.703420e+00,1,845,0,0,1,1,0,0,0,0,1,0
-3.632048e-11,-3.632048e+01,0,850,1,1,1,1,1,0,0,1,1,0
-1.175253e-12,-1.175253e+00,1,851,0,1,1,1,1,1,0,0,1,1
4.563111e-11,4.563111e+01,0,854,1,1,1,0,1,1,1,1,1,0
3.395599e-12,3.395599e+00,1,857,0,0,0,1,1,1,0,1,1,1
-5.968467e-13,-5.968467e-01,0,859,1,1,0,0,0,1,1,1,0,1
-5.142546e-12,-5.142546e+00,1,860,0,1,1,0,0,0,1,1,1,0
-1.553475e-12,-1.553475e+00,0,864,1,1,1,1,0,1,1,0,0,0
-4.155337e-11,-4.155337e+01,1,865,0,1,1,1,1,0,1,1,0,0
4.066928e-11,4.066928e+01,0,866,1,0,1,1,1,1,0,1,1,0
6.693810e-13,6.693810e-01,1,867,0,1,0,1,1,1,1,0,1,1
5.862679e-12,5.862679e+00,0,870,1,1,1,0,1,0,1,1,1,1
-8.703042e-12,-8.703042e+00,1,872,0,0,1,1,1,0,1,0,1,1
-3.673430e-11,-3.673430e+01,0,874,1,1,0,0,1,1,1,0,1,0
-1.481110e-12,-1.481110e+00,1,875,0,1,1,0,0,1,1,1,0,1
-4.148101e-11,-4.148101e+01,0,876,1,0,1,1,0,0,1,1,1,0
2.003722e-11,2.003722e+01,1,878,0,0,1,0,1,1,0,0,1,1
-5.445260e-12,-5.445260e+00,0,879,1,0,0,1,0,1,1,0,0,1
-1.537399e-11,-1.537399e+01,1,880,0,1,0,0,1,0,1,1,0,0
4.727637e-13,4.727637e-01,0,883,1,1,1,0,1,0,0,1,0,1
-5.061246e-13,-5.061246e-01,1,886,0,0,0,1,1,1,0,1,0,0
-4.050602e-11,-4.050602e+01,0,887,1,0,0,0,1,1,1,0,1,0
1.835830e-11,1.835830e+01,1,890,0,0,0,1,0,0,0,1,1,1
1.783592e-11,1.783592e+01,0,891,1,0,0,0,1,0,0,0,1,1
-3.685905e-12,-3.685905e+00,1,895,0,0,0,0,1,0,0,0,1,0
1.120930e-11,1.120930e+01,0,897,1,1,0,0,0,0,1,0,0,0
1.159724e-12,1.159724e+00,1,899,0,0,1,1,0,0,0,0,1,0
-3.638186e-11,-3.638186e+01,0,901,1,1,0,0,1,1,0,0,0,0
-5.987400e-12,-5.987400e+00,1,903,0,0,1,1,0,0,1,1,0,0
1.281418e-13,1.281418e-01,0,905,1,1,0,0,1,1,0,0,1,1
-8.266367e-13,-8.266367e-01,1,906,0,1,1,0,0,1,1,0,0,1
-8.083427e-12,-8.083427e+00,0,907,1,0,1,1,0,0,1,1,0,0
-7.552741e-13,-7.552741e-01,1,908,0,1,0,1,1,0,0,1,1,0
8.223059e-12,8.223059e+00,0,909,1,0,1,0,1,1,0,0,1,1
-5.285213e-12,-5.285213e+00,1,910,0,1,0,1,0,1,1,0,0,1
3.585597e-12,3.585597e+00,0,911,1,0,1,0,1,0,1,1,0,0
1.284618e-12,1.284618e+00,1,912,0,1,0,1,0,1,0,1,1,0
8.477177e-13,8.477177e-01,0,913,1,0,1,0,1,0,1,0,1,1
2.365631e-12,2.365631e+00,1,914,0,1,0,1,0,1,0,1,0,1
1.234905e-11,1.234905e+01,0,915,1,0,1,0,1,0,1,0,1,0
1.822411e-11,1.822411e+01,1,916,0,1,0,1,0,1,0,1,0,1
2.364608e-12,2.364608e+00,0,917,1,0,1,0,1,0,1,0,1,0
-9.665373e-13,-9.665373e-01,1,919,0,0,1,0,1,0,1,0,1,0
9.309441e-13,9.309441e-01,0,920,1,0,0,1,0,1,0,1,0,1
-2.936985e-11,-2.936985e+01,1,922,0,0,1,0,0,1,0,1,0,1
2.314579e-11,2.314579e+01,0,923,1,0,0,1,0,0,1,0,1,0
-2.587791e-12,-2.587791e+00,1,925,0,0,1,0,0,1,0,0,1,0
2.065117e-12,2.065117e+00,0,926,1,0,0,1,0,0,1,0,0,1
4.050908e-12,4.050908e+00,1,928,0,0,1,0,0,1,0,0,1,0
-2.681110e-12,-2.681110e+00,0,929,1,0,0,1,0,0,1,0,0,1
-1.881325e-12,-1.881325e+00,1,930,0,1,0,0,1,0,0,1,0,0
-9.031402e-13,-9.031402e-01,0,931,1,0,1,0,0,1,0,0,1,0
1.865843e-12,1.865843e+00,1,934,0,0,0,1,0,1,0,0,1,0
-2.916408e-11,-2.916408e+01,0,935,1,0,0,0,1,0,1,0,0,1
5.231703e-12,5.231703e+00,1,936,0,1,0,0,0,1,0,1,0,0
-3.919974e-12,-3.919974e+00,0,937,1,0,1,0,0,0,1,0,1,0
2.805413e-12,2.805413e+00,1,940,0,0,0,1,0,1,0,0,0,1
3.085989e-12,3.085989e+00,0,941,1,0,0,0,1,0,1,0,0,0
-3.102798e-12,-3.102798e+00,1,943,0,0,1,0,0,0,1,0,1,0
7.096738e-12,7.096738e+00,0,945,1,1,0,0,1,0,0,0,1,0
4.735790e-12,4.735790e+00,1,947,0,0,1,1,0,0,1,0,0,0
-6.739389e-12,-6.739389e+00,0,948,1,0,0,1,1,0,0,1,0,0
6.807700e-12,6.807700e+00,1,952,0,0,0,0,1,0,0,1,1,0
1.260741e-11,1.260741e+01,0,953,1,0,0,0,0,1,0,0,1,1
-1.987476e-12,-1.987476e+00,1,954,0,1,0,0,0,0,1,0,0,1
-1.333724e-12,-1.333724e+00,0,955,1,0,1,0,0,0,0,1,0,0
-1.100482e-13,-1.100482e-01,1,956,0,1,0,1,0,0,0,0,1,0
6.662544e-13,6.662544e-01,0,957,1,0,1,0,1,0,0,0,0,1
5.998202e-12,5.998202e+00,1,958,0,1,0,1,0,1,0,0,0,0
-1.352986e-13,-1.352986e-01,0,959,1,0,1,0,1,0,1,0,0,0
1.350223e-12,1.350223e+00,1,964,0,0,0,0,0,1,0,1,0,1
7.182347e-12,7.182347e+00,0,965,1,0,0,0,0,0,1,0,1,0
-3.222739e-13,-3.222739e-01,1,967,0,0,1,0,0,0,0,0,1,0
5.391121e-12,5.391121e+00,0,968,1,0,0,1,0,0,0,0,0,1
2.697052e-12,2.697052e+00,1,970,0,0,1,0,0,1,0,0,0,0
4.858283e-12,4.858283e+00,0,971,1,0,0,1,0,0,1,0,0,0
8.547520e-12,8.547520e+00,1,972,0,1,0,0,1,0,0,1,0,0
2.161502e-12,2.161502e+00,0,974,1,1,0,1,0,0,1,0,0,1
7.163131e-13,7.163131e-01,1,975,0,1,1,0,1,0,0,1,0,0
-4.241582e-12,-4.241582e+00,0,976,1,0,1,1,0,1,0,0,1,0
-1.984265e-12,-1.984265e+00,1,979,0,0,0,1,0,1,1,0,1,0
1.723798e-13,1.723798e-01,0,980,1,0,0,0,1,0,1,1,0,1
-3.475053e-13,-3.475053e-01,1,981,0,1,0,0,0,1,0,1,1,0
4.281464e-11,4.281464e+01,0,982,1,0,1,0,0,0,1,0,1,1
2.966082e-11,2.966082e+01,1,984,0,0,1,0,1,0,0,0,1,0
6.600042e-12,6.600042e+00,0,989,1,1,1,1,1,0,0,1,0,1
5.470698e-12,5.470698e+00,1,990,0,1,1,1,1,1,0,0,1,0
2.436106e-12,2.436106e+00,0,991,1,0,1,1,1,1,1,0,0,1
-5.567098e-12,-5.567098e+00,1,993,0,0,1,0,1,1,1,1,1,0
-1.455508e-13,-1.455508e-01,0,994,1,0,0,1,0,1,1,1,1,1
-9.042021e-13,-9.042021e-01,1,995,0,1,0,0,1,0,1,1,1,1
-3.151775e-11,-3.151775e+01,0,996,1,0,1,0,0,1,0,1,1,1
-2.334099e-12,-2.334099e+00,1,997,0,1,0,1,0,0,1,0,1,1
-2.596844e-13,-2.596844e-01,0,999,1,1,0,1,0,1,0,0,1,0
3.584008e-12,3.584008e+00,1,1000,0,1,1,0,1,0,1,0,0,1
6.787526e-12,6.787526e+00,0,1001,1,0,1,1,0,1,0,1,0,0
4.704204e-12,4.704204e+00,1,1003,0,0,1,0,1,1,0,1,0,1
7.741145e-12,7.741145e+00,0,1010,1,1,1,1,1,1,1,0,0,1
7.742477e-13,7.742477e-01,1,1012,0,0,1,1,1,1,1,1,1,0
2.406751e-11,2.406751e+01,0,1013,1,0,0,1,1,1,1,1,1,1
8.070834e-12,8.070834e+00,1,1014,0,1,0,0,1,1,1,1,1,1
-1.593473e-11,-1.593473e+01,0,1015,1,0,1,0,0,1,1,1,1,1
-6.596554e-12,-6.596554e+00,1,1016,0,1,0,1,0,0,1,1,1,1
8.041788e-12,8.041788e+00,0,1018,1,1,0,1,0,1,0,0,1,1
-1.037163e-11,-1.037163e+01,1,1019,0,1,1,0,1,0,1,0,0,1
3.642326e-11,3.642326e+01,0,1021,1,1,0,1,1,0,1,0,1,0
4.261746e-13,4.261746e-01,1,1024,0,0,0,1,1,0,1,1,0,1
4.141636e-12,4.141636e+00,0,1025,1,0,0,0,1,1,0,1,1,0
-1.867708e-12,-1.867708e+00,1,1027,0,0,1,0,0,0,1,1,0,1
3.050643e-12,3.050643e+00,0,1028,1,0,0,1,0,0,0,1,1,0
4.081786e-12,4.081786e+00,1,1029,0,1,0,0,1,0,0,0,1,1
5.181223e-12,5.181223e+00,0,1030,1,0,1,0,0,1,0,0,0,1
-3.789455e-12,-3.789455e+00,1,1033,0,0,0,1,0,1,0,0,1,0
1.667985e-11,1.667985e+01,0,1035,1,1,0,0,0,1,0,1,0,0
1.159372e-12,1.159372e+00,1,1037,0,0,1,1,0,0,0,1,0,1
2.476437e-11,2.476437e+01,0,1043,1,1,1,1,1,1,0,0,1,1
-3.187685e-12,-3.187685e+00,1,1044,0,1,1,1,1,1,1,0,0,1
2.455524e-13,2.455524e-01,0,1045,1,0,1,1,1,1,1,1,0,0
-1.376364e-12,-1.376364e+00,1,1046,0,1,0,1,1,1,1,1,1,0
2.490730e-12,2.490730e+00,0,1047,1,0,1,0,1,1,1,1,1,1
2.224675e-12,2.224675e+00,1,1048,0,1,0,1,0,1,1,1,1,1
7.624935e-12,7.624935e+00,0,1049,1,0,1,0,1,0,1,1,1,1
-1.717221e-12,-1.717221e+00,1,1050,0,1,0,1,0,1,0,1,1,1
-3.041207e-13,-3.041207e-01,0,1052,1,1,0,1,0,1,0,1,0,1
2.342431e-12,2.342431e+00,1,1053,0,1,1,0,1,0,1,0,1,0
-1.503799e-13,-1.503799e-01,0,1063,1,1,1,1,1,1,1,1,1,1
1.308610e-12,1.308610e+00,1,1065,0,0,1,1,1,1,1,1,1,1
1.941604e-12,1.941604e+00,0,1067,1,1,0,0,1,1,1,1,1,1
5.749168e-13,5.749168e-01,1,1068,0,1,1,0,0,1,1,1,1,1
1.504867e-13,1.504867e-01,0,1070,1,1,0,1,1,0,0,1,1,1
3.360942e-11,3.360942e+01,1,1071,0,1,1,0,1,1,0,0,1,1
-1.860454e-12,-1.860454e+00,0,1073,1,1,0,1,1,0,1,1,0,0
5.553225e-12,5.553225e+00,1,1074,0,1,1,0,1,1,0,1,1,0
4.212258e-12,4.212258e+00,0,1075,1,0,1,1,0,1,1,0,1,1
3.946585e-12,3.946585e+00,1,1076,0,1,0,1,1,0,1,1,0,1
2.518927e-12,2.518927e+00,0,1077,1,0,1,0,1,1,0,1,1,0
3.383824e-12,3.383824e+00,1,1078,0,1,0,1,0,1,1,0,1,1
4.371591e-12,4.371591e+00,0,1079,1,0,1,0,1,0,1,1,0,1
4.574942e-12,4.574942e+00,1,1082,0,0,0,1,0,1,0,1,0,1
3.773801e-12,3.773801e+00,0,1083,1,0,0,0,1,0,1,0,1,0
2.961244e-12,2.961244e+00,1,1084,0,1,0,0,0,1,0,1,0,1
2.052794e-12,2.052794e+00,0,1085,1,0,1,0,0,0,1,0,1,0
3.227561e-12,3.227561e+00,1,1087,0,0,1,0,1,0,0,0,1,0
-1.737083e-12,-1.737083e+00,0,1088,1,0,0,1,0,1,0,0,0,1
1.353064e-12,1.353064e+00,1,1090,0,0,1,0,0,1,0,1,0,0
4.271966e-12,4.271966e+00,0,1091,1,0,0,1,0,0,1,0,1,0
6.801803e-13,6.801803e-01,1,1092,0,1,0,0,1,0,0,1,0,1
-5.269240e-12,-5.269240e+00,0,1098,1,1,1,1,1,1,0,1,0,0
-2.514639e-12,-2.514639e+00,1,1100,0,0,1,1,1,1,1,1,0,1
-2.949010e-12,-2.949010e+00,0,1105,1,1,1,1,1,0,0,1,1,1
2.394618e-12,2.394618e+00,1,1106,0,1,1,1,1,1,0,0,1,1
-2.767567e-13,-2.767567e-01,0,1108,1,1,0,1,1,1,1,1,0,0
-1.743717e-11,-1.743717e+01,1,1109,0,1,1,0,1,1,1,1,1,0
1.008173e-11,1.008173e+01,0,1110,1,0,1,1,0,1,1,1,1,1
-6.699060e-12,-6.699060e+00,1,1111,0,1,0,1,1,0,1,1,1,1
2.713582e-12,2.713582e+00,0,1112,1,0,1,0,1,1,0,1,1,1
-3.531470e-12,-3.531470e+00,1,1113,0,1,0,1,0,1,1,0,1,1
4.142446e-12,4.142446e+00,0,1115,1,1,0,1,0,1,0,1,1,0
5.442991e-12,5.442991e+00,1,1116,0,1,1,0,1,0,1,0,1,1
7.824160e-12,7.824160e+00,0,1117,1,0,1,1,0,1,0,1,0,1
-2.045632e-11,-2.045632e+01,1,1120,0,0,0,1,0,1,1,0,1,0
2.090240e-11,2.090240e+01,0,1121,1,0,0,0,1,0,1,1,0,1
5.332832e-12,5.332832e+00,1,1123,0,0,1,0,0,0,1,0,1,1
6.198897e-12,6.198897e+00,0,1124,1,0,0,1,0,0,0,1,0,1
9.605829e-13,9.605829e-01,1,1127,0,0,0,1,0,0,1,0,0,0
-5.911804e-12,-5.911804e+00,0,1128,1,0,0,0,1,0,0,1,0,0
2.552210e-12,2.552210e+00,1,1132,0,0,0,0,1,0,0,0,1,0
-1.366115e-12,-1.366115e+00,0,1133,1,0,0,0,0,1,0,0,0,1
6.904529e-12,6.904529e+00,1,1134,0,1,0,0,0,0,1,0,0,0
1.266150e-12,1.266150e+00,0,1135,1,0,1,0,0,0,0,1,0,0
6.076041e-12,6.076041e+00,1,1139,0,0,0,0,1,0,1,0,0,0
-4.071902e-12,-4.071902e+00,0,1140,1,0,0,0,0,1,0,1,0,0
3.393322e-13,3.393322e-01,1,1141,0,1,0,0,0,0,1,0,1,0
-3.520828e-12,-3.520828e+00,0,1143,1,1,0,1,0,0,0,0,1,0
3.691491e-12,3.691491e+00,1,1145,0,0,1,1,0,1,0,0,0,0
-1.764724e-11,-1.764724e+01,0,1146,1,0,0,1,1,0,1,0,0,0
-5.296871e-13,-5.296871e-01,1,1151,0,0,0,0,0,1,0,0,1,1
-4.890627e-12,-4.890627e+00,0,1152,1,0,0,0,0,0,1,0,0,1
-2.553519e-12,-2.553519e+00,1,1155,0,0,0,1,0,0,0,0,0,1
-8.133191e-13,-8.133191e-01,0,1159,1,1,1,1,0,0,0,1,0,0
-1.405545e-12,-1.405545e+00,1,1160,0,1,1,1,1,0,0,0,1,0
3.541649e-11,3.541649e+01,0,1162,1,1,0,1,1,1,1,0,0,0
-5.464227e-13,-5.464227e-01,1,1164,0,0,1,1,0,1,1,1,1,0
-8.835644e-13,-8.835644e-01,0,1166,1,1,0,0,1,1,0,1,1,1
2.900628e-12,2.900628e+00,1,1171,0,0,0,0,0,1,1,0,0,1
-4.103001e-12,-4.103001e+00,0,1172,1,0,0,0,0,0,1,1,0,0
1.247471e-12,1.247471e+00,1,1173,0,1,0,0,0,0,0,1,1,0
1.695294e-12,1.695294e+00,0,1174,1,0,1,0,0,0,0,0,1,1
2.023836e-12,2.023836e+00,1,1175,0,1,0,1,0,0,0,0,0,1
4.437295e-12,4.437295e+00,0,1176,1,0,1,0,1,0,0,0,0,0
4.514667e-13,4.514667e-01,1,1177,0,1,0,1,0,1,0,0,0,0
1.484222e-12,1.484222e+00,0,1178,1,0,1,0,1,0,1,0,0,0
2.257161e-12,2.257161e+00,1,1179,0,1,0,1,0,1,0,1,0,0
1.487992e-12,1.487992e+00,0,1181,1,1,0,1,0,1,0,1,0,1
-3.851190e-11,-3.851190e+01,1,1182,0,1,1,0,1,0,1,0,1,0
5.985706e-11,5.985706e+01,0,1183,1,0,1,1,0,1,0,1,0,1
-7.062383e-13,-7.062383e-01,1,1185,0,0,1,0,1,1,0,1,0,1
-8.935745e-13,-8.935745e-01,0,1186,1,0,0,1,0,1,1,0,1,0
1.362031e-12,1.362031e+00,1,1188,0,0,1,0,0,1,0,1,1,0
-6.464222e-12,-6.464222e+00,0,1189,1,0,0,1,0,0,1,0,1,1
9.975073e-13,9.975073e-01,1,1191,0,0,1,0,0,1,0,0,1,0
-2.710500e-11,-2.710500e+01,0,1196,1,1,1,1,1,0,0,1,0,0
-1.566500e-12,-1.566500e+00,1,1198,0,0,1,1,1,1,1,0,0,1
5.076927e-12,5.076927e+00,0,1202,1,1,1,1,0,0,1,1,1,1
6.585216e-12,6.585216e+00,1,1208,0,0,0,0,0,0,1,1,1,1
-4.437677e-12,-4.437677e+00,0,1211,1,1,1,0,0,0,0,0,0,1
-2.031992e-11,-2.031992e+01,1,1212,0,1,1,1,0,0,0,0,0,0
3.192114e-12,3.192114e+00,0,1215,1,1,1,0,1,1,1,0,0,0
-9.505704e-13,-9.505704e-01,1,1216,0,1,1,1,0,1,1,1,0,0
2.968894e-12,2.968894e+00,0,1218,1,1,0,1,1,1,0,1,1,1
-2.970650e-11,-2.970650e+01,1,1219,0,1,1,0,1,1,1,0,1,1
1.160400e-12,1.160400e+00,0,1220,1,0,1,1,0,1,1,1,0,1
1.473940e-12,1.473940e+00,1,1221,0,1,0,1,1,0,1,1,1,0
-3.427072e-12,-3.427072e+00,0,1225,1,1,1,1,0,1,0,1,1,0
1.122308e-11,1.122308e+01,1,1226,0,1,1,1,1,0,1,0,1,1
1.242799e-11,1.242799e+01,0,1227,1,0,1,1,1,1,0,1,0,1
1.423268e-13,1.423268e-01,1,1230,0,0,0,1,0,1,1,1,1,0
-4.215392e-12,-4.215392e+00,0,1231,1,0,0,0,1,0,1,1,1,1
1.477233e-12,1.477233e+00,1,1233,0,0,1,0,0,0,1,0,1,1
3.621107e-12,3.621107e+00,0,1235,1,1,0,0,1,0,0,0,1,0
-3.772669e-12,-3.772669e+00,1,1236,0,1,1,0,0,1,0,0,0,1
-4.377257e-11,-4.377257e+01,0,1237,1,0,1,1,0,0,1,0,0,0
-7.554638e-13,-7.554638e-01,1,1239,0,0,1,0,1,1,0,0,1,0
-2.700503e-12,-2.700503e+00,0,1241,1,1,0,0,1,0,1,1,0,0
-5.026133e-12,-5.026133e+00,1,1243,0,0,1,1,0,0,1,0,1,1
-5.407029e-12,-5.407029e+00,0,1246,1,1,1,0,0,1,1,0,0,1
1.027882e-11,1.027882e+01,1,1248,0,0,1,1,1,0,0,1,1,0
-1.900815e-11,-1.900815e+01,0,1249,1,0,0,1,1,1,0,0,1,1
2.724080e-12,2.724080e+00,1,1250,0,1,0,0,1,1,1,0,0,1
-3.727582e-11,-3.727582e+01,0,1251,1,0,1,0,0,1,1,1,0,0
1.704859e-11,1.704859e+01,1,1252,0,1,0,1,0,0,1,1,1,0
-2.500143e-12,-2.500143e+00,0,1253,1,0,1,0,1,0,0,1,1,1
6.225066e-13,6.225066e-01,1,1254,0,1,0,1,0,1,0,0,1,1
-5.184373e-12,-5.184373e+00,0,1255,1,0,1,0,1,0,1,0,0,1
-2.748163e-12,-2.748163e+00,1,1256,0,1,0,1,0,1,0,1,0,0
3.696683e-11,3.696683e+01,0,1259,1,1,1,0,1,0,1,0,1,0
-3.179401e-12,-3.179401e+00,1,1261,0,0,1,1,1,0,1,0,1,0
-1.139858e-12,-1.139858e+00,0,1262,1,0,0,1,1,1,0,1,0,1
3.060574e-12,3.060574e+00,1,1264,0,0,1,0,0,1,1,1,0,1
1.254157e-12,1.254157e+00,0,1265,1,0,0,1,0,0,1,1,1,0
-3.692998e-12,-3.692998e+00,1,1267,0,0,1,0,0,1,0,0,1,1
-1.278508e-13,-1.278508e-01,0,1268,1,0,0,1,0,0,1,0,0,1
5.479910e-12,5.479910e+00,1,1269,0,1,0,0,1,0,0,1,0,0
-4.276188e-12,-4.276188e+00,0,1272,1,1,1,0,1,0,0,1,0,0
-3.071084e-12,-3.071084e+00,1,1274,0,0,1,1,1,0,1,0,0,1
2.113562e-13,2.113562e-01,0,1278,1,1,1,1,0,0,1,1,1,0
-6.484409e-12,-6.484409e+00,1,1280,0,0,1,1,1,1,0,0,1,1
2.431097e-13,2.431097e-01,0,1281,1,0,0,1,1,1,1,0,0,1
3.400660e-13,3.400660e-01,1,1282,0,1,0,0,1,1,1,1,0,0
6.620292e-12,6.620292e+00,0,1285,1,1,1,0,1,0,0,1,1,1
5.959217e-12,5.959217e+00,1,1290,0,0,0,0,0,1,1,1,0,1
9.199634e-12,9.199634e+00,0,1295,1,1,1,1,1,0,0,0,0,0
-3.558429e-12,-3.558429e+00,1,1296,0,1,1,1,1,1,0,0,0,0
1.965514e-12,1.965514e+00,0,1297,1,0,1,1,1,1,1,0,0,0
-6.969926e-15,-6.969926e-03,1,1298,0,1,0,1,1,1,1,1,0,0
-1.735802e-12,-1.735802e+00,0,1300,1,1,0,1,0,1,1,1,1,1
8.913182e-13,8.913182e-01,1,1301,0,1,1,0,1,0,1,1,1,1
-1.534066e-12,-1.534066e+00,0,1302,1,0,1,1,0,1,0,1,1,1
1.767834e-12,1.767834e+00,1,1303,0,1,0,1,1,0,1,0,1,1
-2.118049e-13,-2.118049e-01,0,1305,1,1,0,1,0,1,1,0,1,0
2.814465e-12,2.814465e+00,1,1306,0,1,1,0,1,0,1,1,0,1
-9.219367e-14,-9.219367e-02,0,1307,1,0,1,1,0,1,0,1,1,0
2.007937e-12,2.007937e+00,1,1309,0,0,1,0,1,1,0,1,0,1
1.886129e-12,1.886129e+00,0,1310,1,0,0,1,0,1,1,0,1,0
-2.152880e-12,-2.152880e+00,1,1311,0,1,0,0,1,0,1,1,0,1
1.580495e-11,1.580495e+01,0,1312,1,0,1,0,0,1,0,1,1,0
2.894265e-12,2.894265e+00,1,1314,0,0,1,0,1,0,0,1,0,1
1.218247e-12,1.218247e+00,0,1315,1,0,0,1,0,1,0,0,1,0
4.193288e-12,4.193288e+00,1,1316,0,1,0,0,1,0,1,0,0,1
-3.580661e-11,-3.580661e+01,0,1317,1,0,1,0,0,1,0,1,0,0
-4.761516e-12,-4.761516e+00,1,1319,0,0,1,0,1,0,0,1,0,1
1.230831e-11,1.230831e+01,0,1325,1,1,1,1,1,1,0,0,1,0
-8.864520e-12,-8.864520e+00,1,1327,0,0,1,1,1,1,1,1,0,0
1.248552e-12,1.248552e+00,0,1328,1,0,0,1,1,1,1,1,1,0
2.174698e-11,2.174698e+01,1,1331,0,0,0,1,0,0,1,1,1,1
4.123553e-12,4.123553e+00,0,1333,1,1,0,0,0,1,0,0,1,1
-5.757813e-12,-5.757813e+00,1,1334,0,1,1,0,0,0,1,0,0,1
6.461113e-12,6.461113e+00,0,1336,1,1,0,1,1,0,0,0,1,0
-2.124792e-12,-2.124792e+00,1,1339,0,0,0,1,1,0,1,1,0,0
8.021691e-13,8.021691e-01,0,1340,1,0,0,0,1,1,0,1,1,0
-4.385571e-12,-4.385571e+00,1,1341,0,1,0,0,0,1,1,0,1,1
4.344297e-12,4.344297e+00,0,1344,1,1,1,0,1,0,0,0,1,1
1.772320e-11,1.772320e+01,1,1346,0,0,1,1,1,0,1,0,0,0
3.440161e-11,3.440161e+01,0,1349,1,1,1,0,0,1,1,1,0,1
1.931963e-12,1.931963e+00,1,1350,0,1,1,1,0,0,1,1,1,0
4.313019e-12,4.313019e+00,0,1351,1,0,1,1,1,0,0,1,1,1
3.772739e-11,3.772739e+01,1,1353,0,0,1,0,1,1,1,0,0,1
1.098975e-12,1.098975e+00,0,1355,1,1,0,0,1,0,1,1,1,0
-1.045898e-12,-1.045898e+00,1,1358,0,0,0,1,1,0,0,1,0,1
-1.535993e-12,-1.535993e+00,0,1360,1,1,0,0,0,1,1,0,0,1
-3.757606e-11,-3.757606e+01,1,1362,0,0,1,1,0,0,0,1,1,0
3.768035e-13,3.768035e-01,0,1363,1,0,0,1,1,0,0,0,1,1
3.038767e-12,3.038767e+00,1,1364,0,1,0,0,1,1,0,0,0,1
6.791801e-12,6.791801e+00,0,1365,1,0,1,0,0,1,1,0,0,0
2.048009e-12,2.048009e+00,1,1366,0,1,0,1,0,0,1,1,0,0
-1.099697e-12,-1.099697e+00,0,1367,1,0,1,0,1,0,0,1,1,0
3.294237e-12,3.294237e+00,1,1368,0,1,0,1,0,1,0,0,1,1
-5.346610e-12,-5.346610e+00,0,1371,1,1,1,0,1,0,1,0,1,0
1.361734e-12,1.361734e+00,1,1374,0,0,0,1,1,1,0,1,0,1
-5.293278e-12,-5.293278e+00,0,1375,1,0,0,0,1,1,1,0,1,0
-2.048339e-11,-2.048339e+01,1,1377,0,0,1,0,0,0,1,1,1,0
4.277001e-12,4.277001e+00,0,1378,1,0,0,1,0,0,0,1,1,1
1.534722e-12,1.534722e+00,1,1380,0,0,1,0,0,1,0,0,0,1
-2.922373e-12,-2.922373e+00,0,1382,1,1,0,0,1,0,0,1,0,0
-3.453340e-11,-3.453340e+01,1,1386,0,0,0,0,1,1,0,0,1,0
3.884405e-11,3.884405e+01,0,1387,1,0,0,0,0,1,1,0,0,1
-1.155842e-12,-1.155842e+00,1,1388,0,1,0,0,0,0,1,1,0,0
4.057502e-12,4.057502e+00,0,1389,1,0,1,0,0,0,0,1,1,0
-2.710044e-13,-2.710044e-01,1,1392,0,0,0,1,0,1,0,0,0,0
-5.400860e-12,-5.400860e+00,0,1395,1,1,1,0,0,0,1,0,1,0
8.076784e-13,8.076784e-01,1,1396,0,1,1,1,0,0,0,1,0,1
-4.082574e-12,-4.082574e+00,0,1402,1,1,1,1,1,1,0,1,1,1
-2.595330e-13,-2.595330e-01,1,1403,0,1,1,1,1,1,1,0,1,1
-4.025943e-11,-4.025943e+01,0,1404,1,0,1,1,1,1,1,1,0,1
1.035697e-11,1.035697e+01,1,1405,0,1,0,1,1,1,1,1,1,0
-1.543220e-11,-1.543220e+01,0,1409,1,1,1,1,0,1,0,1,1,1
4.793901e-12,4.793901e+00,1,1410,0,1,1,1,1,0,1,0,1,1
4.973017e-13,4.973017e-01,0,1412,1,1,0,1,1,1,1,0,1,0
-3.950259e-11,-3.950259e+01,1,1413,0,1,1,0,1,1,1,1,0,1
1.114003e-11,1.114003e+01,0,1414,1,0,1,1,0,1,1,1,1,0
-5.904509e-12,-5.904509e+00,1,1416,0,0,1,0,1,1,0,1,1,1
1.088524e-12,1.088524e+00,0,1417,1,0,0,1,0,1,1,0,1,1
6.396337e-12,6.396337e+00,1,1418,0,1,0,0,1,0,1,1,0,1
7.955395e-12,7.955395e+00,0,1420,1,1,0,1,0,0,1,0,1,1
3.700514e-13,3.700514e-01,1,1422,0,0,1,1,0,1,0,0,1,0
1.355896e-11,1.355896e+01,0,1427,1,1,1,1,1,0,0,1,1,0
-1.967793e-12,-1.967793e+00,1,1429,0,0,1,1,1,1,1,0,0,1
-5.941909e-12,-5.941909e+00,0,1430,1,0,0,1,1,1,1,1,0,0
2.348863e-12,2.348863e+00,1,1431,0,1,0,0,1,1,1,1,1,0
-3.750568e-12,-3.750568e+00,0,1432,1,0,1,0,0,1,1,1,1,1
2.464845e-12,2.464845e+00,1,1433,0,1,0,1,0,0,1,1,1,1
3.104636e-11,3.104636e+01,0,1434,1,0,1,0,1,0,0,1,1,1
-2.518854e-12,-2.518854e+00,1,1435,0,1,0,1,0,1,0,0,1,1
3.654591e-11,3.654591e+01,0,1437,1,1,0,1,0,1,0,1,0,0
-3.453989e-12,-3.453989e+00,1,1438,0,1,1,0,1,0,1,0,1,0
-1.761658e-12,-1.761658e+00,0,1439,1,0,1,1,0,1,0,1,0,1
1.586372e-12,1.586372e+00,1,1440,0,1,0,1,1,0,1,0,1,0
1.232484e-12,1.232484e+00,0,1441,1,0,1,0,1,1,0,1,0,1
2.058427e-11,2.058427e+01,1,1443,0,0,1,0,1,0,1,1,0,1
-2.312789e-12,-2.312789e+00,0,1444,1,0,0,1,0,1,0,1,1,0
-3.827674e-11,-3.827674e+01,1,1446,0,0,1,0,0,1,0,1,0,1
-1.250140e-13,-1.250140e-01,0,1447,1,0,0,1,0,0,1,0,1,0
1.054755e-11,1.054755e+01,1,1448,0,1,0,0,1,0,0,1,0,1
2.777388e-12,2.777388e+00,0,1449,1,0,1,0,0,1,0,0,1,0
-4.012923e-12,-4.012923e+00,1,1451,0,0,1,0,1,0,0,1,0,0
-4.521187e-13,-4.521187e-01,0,1452,1,0,0,1,0,1,0,0,1,0
2.315423e-11,2.315423e+01,1,1455,0,0,0,1,0,0,1,0,1,0
5.418045e-12,5.418045e+00,0,1456,1,0,0,0,1,0,0,1,0,1
2.331300e-13,2.331300e-01,1,1457,0,1,0,0,0,1,0,0,1,0
-2.820313e-11,-2.820313e+01,0,1458,1,0,1,0,0,0,1,0,0,1
-2.068058e-11,-2.068058e+01,1,1460,0,0,1,0,1,0,0,0,1,0
-1.531269e-11,-1.531269e+01,0,1461,1,0,0,1,0,1,0,0,0,1
1.007408e-11,1.007408e+01,1,1462,0,1,0,0,1,0,1,0,0,0
-5.962908e-12,-5.962908e+00,0,1463,1,0,1,0,0,1,0,1,0,0
1.400479e-12,1.400479e+00,1,1467,0,0,0,0,1,0,1,0,0,1
7.767086e-12,7.767086e+00,0,1468,1,0,0,0,0,1,0,1,0,0
2.412289e-12,2.412289e+00,1,1470,0,0,1,0,0,0,0,1,0,1
2.134164e-13,2.134164e-01,0,1476,1,1,1,1,1,1,0,0,1,0
-1.529910e-12,-1.529910e+00,1,1477,0,1,1,1,1,1,1,0,0,1
2.890616e-12,2.890616e+00,0,1481,1,1,1,1,0,1,1,1,1,1
3.378868e-12,3.378868e+00,1,1488,0,0,0,0,0,0,0,1,1,1
-4.619060e-12,-4.619060e+00,0,1489,1,0,0,0,0,0,0,0,1,1
-1.867395e-11,-1.867395e+01,1,1490,0,1,0,0,0,0,0,0,0,1
1.459503e-12,1.459503e+00,0,1492,1,1,0,1,0,0,0,0,0,0
4.921937e-12,4.921937e+00,1,1500,0,0,0,0,0,0,0,0,1,1
8.986228e-12,8.986228e+00,0,1501,1,0,0,0,0,0,0,0,0,1
8.727592e-16,8.727592e-04,1,1504,0,0,0,1,0,0,0,0,0,0
1.909849e-13,1.909849e-01,0,1506,1,1,0,0,0,1,0,0,0,0
5.899145e-12,5.899145e+00,1,1507,0,1,1,0,0,0,1,0,0,0
1.801229e-12,1.801229e+00,0,1509,1,1,0,1,1,0,0,0,1,0
-1.024928e-12,-1.024928e+00,1,1510,0,1,1,0,1,1,0,0,0,1
1.401681e-12,1.401681e+00,0,1514,1,1,1,1,0,1,1,0,1,1
-2.501267e-12,-2.501267e+00,1,1515,0,1,1,1,1,0,1,1,0,1
3.181719e-11,3.181719e+01,0,1516,1,0,1,1,1,1,0,1,1,0
-6.031070e-12,-6.031070e+00,1,1517,0,1,0,1,1,1,1,0,1,1
9.845737e-13,9.845737e-01,0,1518,1,0,1,0,1,1,1,1,0,1
9.814088e-12,9.814088e+00,1,1521,0,0,0,1,0,1,0,1,1,1
-6.090081e-12,-6.090081e+00,0,1522,1,0,0,0,1,0,1,0,1,1
1.757685e-12,1.757685e+00,1,1523,0,1,0,0,0,1,0,1,0,1
5.342884e-12,5.342884e+00,0,1525,1,1,0,1,0,0,0,1,0,1
2.170573e-11,2.170573e+01,1,1527,0,0,1,1,0,1,0,0,0,1
-3.767369e-13,-3.767369e-01,0,1528,1,0,0,1,1,0,1,0,0,0
-3.778681e-12,-3.778681e+00,1,1530,0,0,1,0,0,1,1,0,1,0
1.015922e-12,1.015922e+00,0,1532,1,1,0,0,1,0,0,1,1,0
-3.389845e-11,-3.389845e+01,1,1534,0,0,1,1,0,0,1,0,0,1
1.965449e-12,1.965449e+00,0,1535,1,0,0,1,1,0,0,1,0,0
1.076646e-12,1.076646e+00,1,1536,0,1,0,0,1,1,0,0,1,0
1.161639e-12,1.161639e+00,0,1537,1,0,1,0,0,1,1,0,0,1
3.184536e-12,3.184536e+00,1,1538,0,1,0,1,0,0,1,1,0,0
4.046217e-12,4.046217e+00,0,1539,1,0,1,0,1,0,0,1,1,0
-1.792894e-12,-1.792894e+00,1,1542,0,0,0,1,0,1,0,1,0,0
1.539878e-11,1.539878e+01,0,1545,1,1,1,0,0,0,1,0,1,0
-6.002524e-13,-6.002524e-01,1,1547,0,0,1,1,1,0,0,0,1,0
2.984895e-12,2.984895e+00,0,1548,1,0,0,1,1,1,0,0,0,1
-3.654034e-12,-3.654034e+00,1,1550,0,0,1,0,0,1,1,1,0,0
-1.849400e-13,-1.849400e-01,0,1551,1,0,0,1,0,0,1,1,1,0
-1.268899e-12,-1.268899e+00,1,1552,0,1,0,0,1,0,0,1,1,1
-6.153710e-12,-6.153710e+00,0,1555,1,1,1,0,1,0,0,1,0,0
5.735103e-12,5.735103e+00,1,1556,0,1,1,1,0,1,0,0,1,0
3.784128e-13,3.784128e-01,0,1557,1,0,1,1,1,0,1,0,0,1
-3.419180e-11,-3.419180e+01,1,1558,0,1,0,1,1,1,0,1,0,0
-3.307401e-13,-3.307401e-01,0,1559,1,0,1,0,1,1,1,0,1,0
1.822559e-11,1.822559e+01,1,1562,0,0,0,1,0,1,0,1,1,1
-6.120047e-12,-6.120047e+00,0,1563,1,0,0,0,1,0,1,0,1,1
-1.631036e-11,-1.631036e+01,1,1567,0,0,0,0,1,0,0,0,1,0
4.671563e-11,4.671563e+01,0,1568,1,0,0,0,0,1,0,0,0,1
4.593449e-13,4.593449e-01,1,1570,0,0,1,0,0,0,0,1,0,0
1.965045e-12,1.965045e+00,0,1571,1,0,0,1,0,0,0,0,1,0
6.021166e-13,6.021166e-01,1,1572,0,1,0,0,1,0,0,0,0,1
-4.880045e-11,-4.880045e+01,0,1576,1,1,1,1,0,1,0,0,1,0
5.073887e-11,5.073887e+01,1,1577,0,1,1,1,1,0,1,0,0,1
2.534155e-11,2.534155e+01,0,1581,1,1,1,1,0,1,1,1,1,0
3.294751e-12,3.294751e+00,1,1583,0,0,1,1,1,1,0,1,1,1
-3.670515e-11,-3.670515e+01,0,1584,1,0,0,1,1,1,1,0,1,1
1.008879e-11,1.008879e+01,1,1585,0,1,0,0,1,1,1,1,0,1
6.378742e-12,6.378742e+00,0,1587,1,1,0,1,0,0,1,1,1,1
-6.065102e-12,-6.065102e+00,1,1589,0,0,1,1,0,1,0,0,1,1
2.452838e-12,2.452838e+00,0,1591,1,1,0,0,1,1,0,1,0,0
2.497146e-13,2.497146e-01,1,1592,0,1,1,0,0,1,1,0,1,0
5.607740e-12,5.607740e+00,0,1593,1,0,1,1,0,0,1,1,0,1
9.945576e-12,9.945576e+00,1,1594,0,1,0,1,1,0,0,1,1,0
-1.320652e-11,-1.320652e+01,0,1595,1,0,1,0,1,1,0,0,1,1
4.979813e-12,4.979813e+00,1,1597,0,0,1,0,1,0,1,1,0,0
-2.349407e-12,-2.349407e+00,0,1600,1,1,1,0,0,1,0,1,0,1
3.891017e-12,3.891017e+00,1,1603,0,0,0,1,1,1,0,0,1,0
-6.598824e-12,-6.598824e+00,0,1604,1,0,0,0,1,1,1,0,0,1
-5.295703e-11,-5.295703e+01,1,1606,0,0,1,0,0,0,1,1,1,0
1.957725e-11,1.957725e+01,0,1607,1,0,0,1,0,0,0,1,1,1
-1.592391e-12,-1.592391e+00,1,1608,0,1,0,0,1,0,0,0,1,1
1.899699e-12,1.899699e+00,0,1609,1,0,1,0,0,1,0,0,0,1
1.452275e-12,1.452275e+00,1,1610,0,1,0,1,0,0,1,0,0,0
2.104313e-12,2.104313e+00,0,1613,1,1,1,0,1,0,1,0,0,1
-4.299448e-12,-4.299448e+00,1,1614,0,1,1,1,0,1,0,1,0,0
6.559421e-12,6.559421e+00,0,1615,1,0,1,1,1,0,1,0,1,0
-5.275973e-13,-5.275973e-01,1,1618,0,0,0,1,0,1,1,1,0,1
-4.776829e-14,-4.776829e-02,0,1619,1,0,0,0,1,0,1,1,1,0
-4.144733e-12,-4.144733e+00,1,1621,0,0,1,0,0,0,1,0,1,1
-4.068189e-12,-4.068189e+00,0,1622,1,0,0,1,0,0,0,1,0,1
1.263695e-12,1.263695e+00,1,1623,0,1,0,0,1,0,0,0,1,0
-4.934227e-12,-4.934227e+00,0,1628,1,1,1,1,1,0,1,0,0,1
-4.228175e-12,-4.228175e+00,1,1629,0,1,1,1,1,1,0,1,0,0
-3.130474e-12,-3.130474e+00,0,1630,1,0,1,1,1,1,1,0,1,0
8.398689e-13,8.398689e-01,1,1633,0,0,0,1,0,1,1,1,1,1
4.623911e-13,4.623911e-01,0,1634,1,0,0,0,1,0,1,1,1,1
-5.688976e-13,-5.688976e-01,1,1640,0,0,0,0,0,0,1,0,0,0
2.982020e-12,2.982020e+00,0,1641,1,0,0,0,0,0,0,1,0,0
-1.166574e-13,-1.166574e-01,1,1645,0,0,0,0,1,0,0,0,0,0
-3.959629e-12,-3.959629e+00,0,1646,1,0,0,0,0,1,0,0,0,0
-4.856740e-12,-4.856740e+00,1,1647,0,1,0,0,0,0,1,0,0,0
7.102051e-12,7.102051e+00,0,1649,1,1,0,1,0,0,0,0,1,0
7.185807e-12,7.185807e+00,1,1650,0,1,1,0,1,0,0,0,0,1
8.496670e-13,8.496670e-01,0,1654,1,1,1,1,0,1,1,0,1,0
-7.233767e-13,-7.233767e-01,1,1655,0,1,1,1,1,0,1,1,0,1
-3.458433e-11,-3.458433e+01,0,1660,1,1,1,1,1,0,1,1,1,1
3.861148e-11,3.861148e+01,1,1662,0,0,1,1,1,1,1,0,1,1
5.890195e-12,5.890195e+00,0,1664,1,1,0,0,1,1,1,1,1,0
-3.410970e-11,-3.410970e+01,1,1665,0,1,1,0,0,1,1,1,1,1
2.123087e-11,2.123087e+01,0,1666,1,0,1,1,0,0,1,1,1,1
2.661602e-12,2.661602e+00,1,1672,0,0,0,0,0,0,1,0,1,1
2.594405e-12,2.594405e+00,0,1675,1,1,1,0,0,0,0,0,0,1
2.406242e-12,2.406242e+00,1,1677,0,0,1,1,1,0,0,0,0,0
-2.306428e-12,-2.306428e+00,0,1678,1,0,0,1,1,1,0,0,0,0
2.688282e-12,2.688282e+00,1,1679,0,1,0,0,1,1,1,0,0,0
-2.901477e-12,-2.901477e+00,0,1681,1,1,0,1,0,0,1,1,1,0
-2.450006e-12,-2.450006e+00,1,1682,0,1,1,0,1,0,0,1,1,1
-1.070720e-11,-1.070720e+01,0,1685,1,1,1,0,1,1,0,1,0,0
3.910832e-11,3.910832e+01,1,1686,0,1,1,1,0,1,1,0,1,0
-8.915725e-13,-8.915725e-01,0,1687,1,0,1,1,1,0,1,1,0,1
-4.089147e-11,-4.089147e+01,1,1688,0,1,0,1,1,1,0,1,1,0
4.296215e-11,4.296215e+01,0,1689,1,0,1,0,1,1,1,0,1,1
-2.630390e-11,-2.630390e+01,1,1691,0,0,1,0,1,0,1,1,1,0
-4.567771e-12,-4.567771e+00,0,1695,1,1,1,1,0,0,1,0,1,0
1.225931e-12,1.225931e+00,1,1696,0,1,1,1,1,0,0,1,0,1
1.062728e-12,1.062728e+00,0,1697,1,0,1,1,1,1,0,0,1,0
7.453337e-13,7.453337e-01,1,1699,0,0,1,0,1,1,1,1,0,0
9.979551e-13,9.979551e-01,0,1700,1,0,0,1,0,1,1,1,1,0
6.856606e-12,6.856606e+00,1,1703,0,0,0,1,0,0,1,0,1,1
1.145928e-12,1.145928e+00,0,1705,1,1,0,0,0,1,0,0,1,0
7.345933e-12,7.345933e+00,1,1706,0,1,1,0,0,0,1,0,0,1
-2.964390e-11,-2.964390e+01,0,1707,1,0,1,1,0,0,0,1,0,0
-4.670772e-11,-4.670772e+01,1,1709,0,0,1,0,1,1,0,0,0,1
-4.660007e-12,-4.660007e+00,0,1713,1,1,1,1,0,0,1,0,1,1
-1.423264e-12,-1.423264e+00,1,1714,0,1,1,1,1,0,0,1,0,1
1.301633e-12,1.301633e+00,0,1715,1,0,1,1,1,1,0,0,1,0
1.229130e-12,1.229130e+00,1,1716,0,1,0,1,1,1,1,0,0,1
5.227985e-12,5.227985e+00,0,1717,1,0,1,0,1,1,1,1,0,0
-2.200920e-12,-2.200920e+00,1,1719,0,0,1,0,1,0,1,1,1,1
-2.499226e-12,-2.499226e+00,0,1722,1,1,1,0,0,1,0,1,0,1
-4.322007e-12,-4.322007e+00,1,1723,0,1,1,1,0,0,1,0,1,0
1.946789e-11,1.946789e+01,0,1730,1,1,1,1,1,1,1,0,1,1
-3.547697e-11,-3.547697e+01,1,1734,0,0,0,0,1,1,1,1,1,1
5.208492e-14,5.208492e-02,0,1735,1,0,0,0,0,1,1,1,1,1
2.603034e-12,2.603034e+00,1,1736,0,1,0,0,0,0,1,1,1,1
2.503410e-12,2.503410e+00,0,1738,1,1,0,1,0,0,0,0,1,1
2.385104e-12,2.385104e+00,1,1739,0,1,1,0,1,0,0,0,0,1
1.765800e-13,1.765800e-01,0,1741,1,1,0,1,1,0,1,0,0,0
4.169878e-13,4.169878e-01,1,1746,0,0,0,0,0,1,1,0,1,1
-1.602851e-12,-1.602851e+00,0,1747,1,0,0,0,0,0,1,1,0,1
8.013269e-14,8.013269e-02,1,1750,0,0,0,1,0,0,0,0,0,1
2.231927e-12,2.231927e+00,0,1751,1,0,0,0,1,0,0,0,0,0
3.471031e-12,3.471031e+00,1,1752,0,1,0,0,0,1,0,0,0,0
9.453502e-13,9.453502e-01,0,1753,1,0,1,0,0,0,1,0,0,0
-5.888465e-13,-5.888465e-01,1,1754,0,1,0,1,0,0,0,1,0,0
2.514210e-12,2.514210e+00,0,1756,1,1,0,1,0,1,0,0,0,1
1.411682e-12,1.411682e+00,1,1757,0,1,1,0,1,0,1,0,0,0
1.428133e-13,1.428133e-01,0,1758,1,0,1,1,0,1,0,1,0,0
-3.524785e-12,-3.524785e+00,1,1762,0,0,0,0,1,0,1,1,0,1
3.120629e-12,3.120629e+00,0,1763,1,0,0,0,0,1,0,1,1,0
-2.265097e-12,-2.265097e+00,1,1765,0,0,1,0,0,0,0,1,0,1
-3.340694e-13,-3.340694e-01,0,1766,1,0,0,1,0,0,0,0,1,0
1.261181e-11,1.261181e+01,1,1767,0,1,0,0,1,0,0,0,0,1
-4.962877e-12,-4.962877e+00,0,1768,1,0,1,0,0,1,0,0,0,0
-4.730618e-13,-4.730618e-01,1,1770,0,0,1,0,1,0,0,1,0,0
-3.395613e-12,-3.395613e+00,0,1772,1,1,0,0,1,0,1,0,0,1
3.042974e-12,3.042974e+00,1,1773,0,1,1,0,0,1,0,1,0,0
1.154826e-12,1.154826e+00,0,1774,1,0,1,1,0,0,1,0,1,0
-2.830657e-12,-2.830657e+00,1,1777,0,0,0,1,0,1,1,0,0,1
2.029196e-12,2.029196e+00,0,1778,1,0,0,0,1,0,1,1,0,0
-6.915057e-13,-6.915057e-01,1,1780,0,0,1,0,0,0,1,0,1,1
1.357882e-12,1.357882e+00,0,1783,1,1,1,0,0,1,0,0,0,1
-2.383966e-12,-2.383966e+00,1,1785,0,0,1,1,1,0,0,1,0,0
-1.733128e-12,-1.733128e+00,0,1786,1,0,0,1,1,1,0,0,1,0
-3.548488e-12,-3.548488e+00,1,1787,0,1,0,0,1,1,1,0,0,1
1.397701e-12,1.397701e+00,0,1791,1,1,1,1,0,1,0,0,1,1
-1.853790e-13,-1.853790e-01,1,1795,0,0,0,0,1,1,1,1,0,1
-3.353591e-12,-3.353591e+00,0,1800,1,1,1,1,1,0,0,0,0,1
-1.155310e-11,-1.155310e+01,1,1801,0,1,1,1,1,1,0,0,0,0
-2.458390e-12,-2.458390e+00,0,1804,1,1,1,0,1,1,1,1,1,0
4.879543e-12,4.879543e+00,1,1805,0,1,1,1,0,1,1,1,1,1
7.603663e-12,7.603663e+00,0,1808,1,1,1,0,1,1,1,0,1,1
-3.239623e-11,-3.239623e+01,1,1809,0,1,1,1,0,1,1,1,0,1
-5.989906e-13,-5.989906e-01,0,1811,1,1,0,1,1,1,0,1,1,1
2.997905e-12,2.997905e+00,1,1813,0,0,1,1,0,1,1,1,0,1
-1.848532e-13,-1.848532e-01,0,1815,1,1,0,0,1,1,0,1,1,1
-1.826272e-11,-1.826272e+01,1,1817,0,0,1,1,0,0,1,1,0,1
6.919579e-12,6.919579e+00,0,1819,1,1,0,0,1,1,0,0,1,1
6.538379e-12,6.538379e+00,1,1821,0,0,1,1,0,0,1,1,0,0
6.222170e-12,6.222170e+00,0,1824,1,1,1,0,0,1,1,0,0,1
1.344589e-12,1.344589e+00,1,1827,0,0,0,1,1,1,0,0,1,1
-7.661229e-14,-7.661229e-02,0,1830,1,1,1,0,0,0,1,1,1,0
-5.192241e-14,-5.192241e-02,1,1833,0,0,0,1,1,1,0,0,0,1
-5.110261e-12,-5.110261e+00,0,1835,1,1,0,0,0,1,1,1,0,0
-1.716932e-12,-1.716932e+00,1,1839,0,0,0,0,1,1,0,0,0,1
2.394756e-11,2.394756e+01,0,1841,1,1,0,0,0,0,1,1,0,0
2.740059e-12,2.740059e+00,1,1845,0,0,0,0,1,1,0,0,0,0
5.203254e-11,5.203254e+01,0,1848,1,1,1,0,0,0,0,1,1,0
1.203265e-11,1.203265e+01,1,1849,0,1,1,1,0,0,0,0,1,1
3.170137e-11,3.170137e+01,0,1852,1,1,1,0,1,1,1,0,0,0
1.251245e-13,1.251245e-01,1,1857,0,0,0,0,0,1,1,1,0,1
1.674224e-12,1.674224e+00,0,1859,1,1,0,0,0,0,0,1,1,1
3.755942e-11,3.755942e+01,1,1861,0,0,1,1,0,0,0,0,0,1
-1.884429e-11,-1.884429e+01,0,1863,1,1,0,0,1,1,0,0,0,0
-3.572231e-12,-3.572231e+00,1,1869,0,0,0,0,0,0,1,1,0,0
-3.282990e-12,-3.282990e+00,0,1872,1,1,1,0,0,0,0,0,0,1
-3.796204e-11,-3.796204e+01,1,1875,0,0,0,1,1,1,0,0,0,0
-2.996116e-11,-2.996116e+01,0,1877,1,1,0,0,0,1,1,1,0,0
4.314272e-11,4.314272e+01,1,1878,0,1,1,0,0,0,1,1,1,0
5.553059e-12,5.553059e+00,0,1880,1,1,0,1,1,0,0,0,1,1
-4.173696e-13,-4.173696e-01,1,1884,0,0,0,0,1,1,0,1,1,0
5.090831e-12,5.090831e+00,0,1886,1,1,0,0,0,0,1,1,0,1
7.995800e-11,7.995800e+01,1,1889,0,0,0,1,1,0,0,0,0,1
3.995810e-11,3.995810e+01,0,1890,1,0,0,0,1,1,0,0,0,0
-4.179777e-14,-4.179777e-02,1,1891,0,1,0,0,0,1,1,0,0,0
2.626382e-11,2.626382e+01,0,1892,1,0,1,0,0,0,1,1,0,0
-3.201454e-12,-3.201454e+00,1,1893,0,1,0,1,0,0,0,1,1,0
4.739060e-11,4.739060e+01,0,1895,1,1,0,1,0,1,0,0,0,1
4.188837e-11,4.188837e+01,1,1898,0,0,0,1,1,0,1,0,1,0
3.459685e-12,3.459685e+00,0,1900,1,1,0,0,0,1,1,0,1,0
4.584520e-11,4.584520e+01,1,1902,0,0,1,1,0,0,0,1,1,0
5.845303e-12,5.845303e+00,0,1903,1,0,0,1,1,0,0,0,1,1
1.181252e-12,1.181252e+00,1,1905,0,0,1,0,0,1,1,0,0,0
5.823519e-12,5.823519e+00,0,1908,1,1,1,0,0,1,0,0,1,1
6.926874e-13,6.926874e-01,1,1909,0,1,1,1,0,0,1,0,0,1
-4.481053e-12,-4.481053e+00,0,1910,1,0,1,1,1,0,0,1,0,0
9.404685e-12,9.404685e+00,1,1911,0,1,0,1,1,1,0,0,1,0
-3.423071e-13,-3.423071e-01,0,1912,1,0,1,0,1,1,1,0,0,1
-3.185803e-12,-3.185803e+00,1,1913,0,1,0,1,0,1,1,1,0,0
4.679991e-12,4.679991e+00,0,1914,1,0,1,0,1,0,1,1,1,0
1.929721e-11,1.929721e+01,1,1917,0,0,0,1,0,1,0,1,0,1
6.307923e-12,6.307923e+00,0,1919,1,1,0,0,0,1,0,1,0,1
-1.522632e-12,-1.522632e+00,1,1921,0,0,1,1,0,0,0,1,0,1
8.225966e-13,8.225966e-01,0,1922,1,0,0,1,1,0,0,0,1,0
-1.127972e-13,-1.127972e-01,1,1924,0,0,1,0,0,1,1,0,0,0
-4.436978e-12,-4.436978e+00,0,1925,1,0,0,1,0,0,1,1,0,0
-2.122714e-12,-2.122714e+00,1,1929,0,0,0,0,1,0,0,1,0,0
2.215818e-13,2.215818e-01,0,1932,1,1,1,0,0,0,0,1,0,0
7.276493e-13,7.276493e-01,1,1934,0,0,1,1,1,0,0,0,0,1
-5.270202e-12,-5.270202e+00,0,1938,1,1,1,1,0,0,1,1,1,0
5.422819e-12,5.422819e+00,1,1939,0,1,1,1,1,0,0,1,1,1
4.006905e-12,4.006905e+00,0,1942,1,1,1,0,1,1,1,1,0,0
1.444543e-12,1.444543e+00,1,1943,0,1,1,1,0,1,1,1,1,0
3.211497e-11,3.211497e+01,0,1944,1,0,1,1,1,0,1,1,1,1
3.081270e-12,3.081270e+00,1,1945,0,1,0,1,1,1,0,1,1,1
8.330312e-13,8.330312e-01,0,1946,1,0,1,0,1,1,1,0,1,1
3.508009e-12,3.508009e+00,1,1947,0,1,0,1,0,1,1,1,0,1
-6.709576e-13,-6.709576e-01,0,1949,1,1,0,1,0,1,0,1,1,1
2.316119e-13,2.316119e-01,1,1951,0,0,1,1,0,1,0,1,0,1
9.950431e-13,9.950431e-01,0,1953,1,1,0,0,1,1,0,1,0,1
-8.842742e-13,-8.842742e-01,1,1955,0,0,1,1,0,0,1,1,0,1
3.729811e-12,3.729811e+00,0,1956,1,0,0,1,1,0,0,1,1,0
-6.110850e-13,-6.110850e-01,1,1958,0,0,1,0,0,1,1,0,0,1
6.469240e-12,6.469240e+00,0,1959,1,0,0,1,0,0,1,1,0,0
1.128935e-11,1.128935e+01,1,1960,0,1,0,0,1,0,0,1,1,0
-2.871054e-11,-2.871054e+01,0,1961,1,0,1,0,0,1,0,0,1,1
7.368867e-12,7.368867e+00,1,1962,0,1,0,1,0,0,1,0,0,1
-1.783070e-11,-1.783070e+01,0,1963,1,0,1,0,1,0,0,1,0,0
3.850463e-11,3.850463e+01,1,1964,0,1,0,1,0,1,0,0,1,0
-1.495265e-12,-1.495265e+00,0,1965,1,0,1,0,1,0,1,0,0,1
-1.138230e-12,-1.138230e+00,1,1966,0,1,0,1,0,1,0,1,0,0
-2.168059e-12,-2.168059e+00,0,1967,1,0,1,0,1,0,1,0,1,0
-2.820314e-11,-2.820314e+01,1,1970,0,0,0,1,0,1,0,1,0,1
3.037362e-12,3.037362e+00,0,1971,1,0,0,0,1,0,1,0,1,0
5.317979e-12,5.317979e+00,1,1973,0,0,1,0,0,0,1,0,1,0
3.793654e-12,3.793654e+00,0,1974,1,0,0,1,0,0,0,1,0,1
-8.977799e-12,-8.977799e+00,1,1976,0,0,1,0,0,1,0,0,0,1
-3.485348e-13,-3.485348e-01,0,1977,1,0,0,1,0,0,1,0,0,0
3.325955e-12,3.325955e+00,1,1979,0,0,1,0,0,1,0,0,1,0
1.158712e-13,1.158712e-01,0,1981,1,1,0,0,1,0,0,1,0,0
-1.534536e-11,-1.534536e+01,1,1983,0,0,1,1,0,0,1,0,0,1
6.320004e-13,6.320004e-01,0,1987,1,1,1,1,0,0,1,1,0,0
-8.032234e-13,-8.032234e-01,1,1989,0,0,1,1,1,1,0,0,1,1
-2.818397e-13,-2.818397e-01,0,1992,1,1,1,0,0,1,1,1,1,0
-1.924300e-11,-1.924300e+01,1,1995,0,0,0,1,1,1,0,0,1,1
-3.410999e-11,-3.410999e+01,0,1997,1,1,0,0,0,1,1,1,0,0
4.111169e-11,4.111169e+01,1,1998,0,1,1,0,0,0,1,1,1,0
1.111798e-12,1.111798e+00,0,1999,1,0,1,1,0,0,0,1,1,1
1.676413e-12,1.676413e+00,1,2000,0,1,0,1,1,0,0,0,1,1
9.056175e-12,9.056175e+00,0,2001,1,0,1,0,1,1,0,0,0,1
-1.304816e-11,-1.304816e+01,1,2002,0,1,0,1,0,1,1,0,0,0
3.216807e-12,3.216807e+00,0,2005,1,1,1,0,1,0,1,0,1,1
2.114690e-12,2.114690e+00,1,2006,0,1,1,1,0,1,0,1,0,1
-1.114224e-11,-1.114224e+01,0,2007,1,0,1,1,1,0,1,0,1,0
-2.420345e-12,-2.420345e+00,1,2008,0,1,0,1,1,1,0,1,0,1
2.129804e-12,2.129804e+00,0,2009,1,0,1,0,1,1,1,0,1,0
3.271663e-12,3.271663e+00,1,2011,0,0,1,0,1,0,1,1,1,0
-1.704782e-12,-1.704782e+00,0,2012,1,0,0,1,0,1,0,1,1,1
7.194324e-13,7.194324e-01,1,2014,0,0,1,0,0,1,0,1,0,1
1.917287e-12,1.917287e+00,0,2016,1,1,0,0,1,0,0,1,0,1
2.052114e-12,2.052114e+00,1,2018,0,0,1,1,0,0,1,0,0,1
2.216907e-12,2.216907e+00,0,2019,1,0,0,1,1,0,0,1,0,0
5.411940e-13,5.411940e-01,1,2021,0,0,1,0,0,1,1,0,0,1
2.913623e-11,2.913623e+01,0,2025,1,1,1,1,0,0,1,0,0,1
2.361144e-11,2.361144e+01,1,2028,0,0,0,1,1,1,1,0,0,1
-2.568819e-12,-2.568819e+00,0,2032,1,1,1,1,0,0,0,1,1,1
-5.381462e-12,-5.381462e+00,1,2037,0,0,0,0,0,1,1,1,1,0
1.678964e-12,1.678964e+00,0,2039,1,1,0,0,0,0,0,1,1,1
-2.074039e-11,-2.074039e+01,1,2044,0,0,0,0,0,1,1,0,0,0
3.068053e-12,3.068053e+00,0,2046,1,1,0,0,0,0,0,1,1,0
2.057839e-11,2.057839e+01,1,2047,0,1,1,0,0,0,0,0,1,1
-6.066418e-13,-6.066418e-01,0,2050,1,1,1,0,1,1,0,0,0,0
2.302052e-12,2.302052e+00,1,2056,0,0,0,0,0,0,1,1,1,0
4.371283e-12,4.371283e+00,0,2060,1,1,1,1,0,0,0,0,0,0
1.183910e-11,1.183910e+01,1,2061,0,1,1,1,1,0,0,0,0,0
-6.742384e-12,-6.742384e+00,0,2062,1,0,1,1,1,1,0,0,0,0
1.908365e-13,1.908365e-01,1,2063,0,1,0,1,1,1,1,0,0,0
4.565311e-12,4.565311e+00,0,2065,1,1,0,1,0,1,1,1,1,0
-2.672285e-12,-2.672285e+00,1,2066,0,1,1,0,1,0,1,1,1,1
-5.477956e-12,-5.477956e+00,0,2069,1,1,1,0,1,1,0,1,0,1
5.820292e-12,5.820292e+00,1,2070,0,1,1,1,0,1,1,0,1,0
-7.249389e-12,-7.249389e+00,0,2076,1,1,1,1,1,1,0,1,1,1
3.948754e-11,3.948754e+01,1,2078,0,0,1,1,1,1,1,1,0,1
-1.190162e-12,-1.190162e+00,0,2080,1,1,0,0,1,1,1,1,1,1
-4.854881e-12,-4.854881e+00,1,2082,0,0,1,1,0,0,1,1,1,1
6.473949e-13,6.473949e-01,0,2084,1,1,0,0,1,1,0,0,1,1
2.303283e-11,2.303283e+01,1,2085,0,1,1,0,0,1,1,0,0,1
5.886163e-12,5.886163e+00,0,2087,1,1,0,1,1,0,0,1,1,0
-6.271982e-13,-6.271982e-01,1,2090,0,0,0,1,1,0,1,1,0,0
-4.102026e-11,-4.102026e+01,0,2093,1,1,1,0,0,0,1,1,0,1
2.296877e-11,2.296877e+01,1,2096,0,0,0,1,1,1,0,0,0,1
-3.522434e-12,-3.522434e+00,0,2097,1,0,0,0,1,1,1,0,0,0
-6.911768e-13,-6.911768e-01,1,2098,0,1,0,0,0,1,1,1,0,0
5.425133e-13,5.425133e-01,0,2099,1,0,1,0,0,0,1,1,1,0
8.147673e-12,8.147673e+00,1,2100,0,1,0,1,0,0,0,1,1,1
3.617143e-13,3.617143e-01,0,2103,1,1,1,0,1,0,1,0,0,0
8.010791e-12,8.010791e+00,1,2104,0,1,1,1,0,1,0,1,0,0
3.775139e-12,3.775139e+00,0,2105,1,0,1,1,1,0,1,0,1,0
1.455404e-13,1.455404e-01,1,2106,0,1,0,1,1,1,0,1,0,1
-1.842459e-12,-1.842459e+00,0,2113,1,1,1,1,1,1,1,0,1,0
-1.265332e-12,-1.265332e+00,1,2114,0,1,1,1,1,1,1,1,0,1
-8.595995e-13,-8.595995e-01,0,2115,1,0,1,1,1,1,1,1,1,0
-5.498218e-12,-5.498218e+00,1,2117,0,0,1,0,1,1,1,1,1,1
-1.280773e-12,-1.280773e+00,0,2118,1,0,0,1,0,1,1,1,1,1
4.318456e-12,4.318456e+00,1,2119,0,1,0,0,1,0,1,1,1,1
2.296283e-12,2.296283e+00,0,2121,1,1,0,1,0,0,1,0,1,1
-3.770361e-11,-3.770361e+01,1,2122,0,1,1,0,1,0,0,1,0,1
-1.600187e-11,-1.600187e+01,0,2124,1,1,0,1,1,0,1,0,0,1
1.463149e-11,1.463149e+01,1,2126,0,0,1,1,0,1,1,0,1,0
2.556290e-12,2.556290e+00,0,2127,1,0,0,1,1,0,1,1,0,1
-2.186972e-12,-2.186972e+00,1,2128,0,1,0,0,1,1,0,1,1,0
2.679928e-12,2.679928e+00,0,2129,1,0,1,0,0,1,1,0,1,1
-5.508215e-12,-5.508215e+00,1,2131,0,0,1,0,1,0,0,1,1,0
6.757366e-12,6.757366e+00,0,2135,1,1,1,1,0,0,1,0,1,0
7.173830e-12,7.173830e+00,1,2138,0,0,0,1,1,1,1,0,0,1
-5.239026e-12,-5.239026e+00,0,2139,1,0,0,0,1,1,1,1,0,0
-8.419906e-13,-8.419906e-01,1,2141,0,0,1,0,0,0,1,1,1,1
3.965724e-12,3.965724e+00,0,2144,1,1,1,0,0,1,0,0,0,1
7.674720e-13,7.674720e-01,1,2145,0,1,1,1,0,0,1,0,0,0
-3.917581e-12,-3.917581e+00,0,2148,1,1,1,0,1,1,1,0,0,1
-2.113300e-12,-2.113300e+00,1,2149,0,1,1,1,0,1,1,1,0,0
1.022569e-12,1.022569e+00,0,2150,1,0,1,1,1,0,1,1,1,0
-1.139380e-13,-1.139380e-01,1,2153,0,0,0,1,0,1,1,1,0,1
-9.830151e-13,-9.830151e-01,0,2155,1,1,0,0,0,1,0,1,1,1
2.863917e-13,2.863917e-01,1,2157,0,0,1,1,0,0,0,1,0,1
2.077925e-13,2.077925e-01,0,2159,1,1,0,0,1,1,0,0,0,1
5.261851e-12,5.261851e+00,1,2161,0,0,1,1,0,0,1,1,0,0
9.246780e-12,9.246780e+00,0,2162,1,0,0,1,1,0,0,1,1,0
6.186603e-13,6.186603e-01,1,2163,0,1,0,0,1,1,0,0,1,1
1.760769e-13,1.760769e-01,0,2166,1,1,1,0,1,0,0,1,1,0
-3.689343e-11,-3.689343e+01,1,2169,0,0,0,1,1,1,0,1,0,0
-1.180014e-12,-1.180014e+00,0,2172,1,1,1,0,0,0,1,1,1,0
9.382636e-12,9.382636e+00,1,2174,0,0,1,1,1,0,0,0,1,1
-1.735553e-12,-1.735553e+00,0,2175,1,0,0,1,1,1,0,0,0,1
-1.557426e-13,-1.557426e-01,1,2176,0,1,0,0,1,1,1,0,0,0
-6.094527e-12,-6.094527e+00,0,2179,1,1,1,0,1,0,0,1,1,1
-2.424234e-12,-2.424234e+00,1,2180,0,1,1,1,0,1,0,0,1,1
-1.132625e-12,-1.132625e+00,0,2181,1,0,1,1,1,0,1,0,0,1
2.623694e-11,2.623694e+01,1,2182,0,1,0,1,1,1,0,1,0,0
-5.356430e-13,-5.356430e-01,0,2185,1,1,1,0,1,0,1,1,1,0
8.259858e-13,8.259858e-01,1,2187,0,0,1,1,1,0,1,0,1,1
3.240289e-11,3.240289e+01,0,2188,1,0,0,1,1,1,0,1,0,1
6.821660e-12,6.821660e+00,1,2189,0,1,0,0,1,1,1,0,1,0
-2.689073e-12,-2.689073e+00,0,2195,1,1,1,1,1,1,0,1,0,0
-1.558527e-11,-1.558527e+01,1,2196,0,1,1,1,1,1,1,0,1,0
4.303842e-11,4.303842e+01,0,2197,1,0,1,1,1,1,1,1,0,1
3.038527e-12,3.038527e+00,1,2198,0,1,0,1,1,1,1,1,1,0
-1.741635e-11,-1.741635e+01,0,2199,1,0,1,0,1,1,1,1,1,1
-3.922004e-11,-3.922004e+01,1,2201,0,0,1,0,1,0,1,1,1,1
4.802266e-12,4.802266e+00,0,2203,1,1,0,0,1,0,1,0,1,1
-3.519763e-11,-3.519763e+01,1,2204,0,1,1,0,0,1,0,1,0,1
2.447840e-12,2.447840e+00,0,2206,1,1,0,1,1,0,0,1,0,1
-3.651777e-11,-3.651777e+01,1,2208,0,0,1,1,0,1,1,0,0,1
4.786858e-11,4.786858e+01,0,2209,1,0,0,1,1,0,1,1,0,0
-4.658985e-12,-4.658985e+00,1,2211,0,0,1,0,0,1,1,0,1,1
-2.176532e-12,-2.176532e+00,0,2214,1,1,1,0,0,1,0,0,1,1
1.529372e-12,1.529372e+00,1,2216,0,0,1,1,1,0,0,1,0,0
3.410391e-13,3.410391e-01,0,2219,1,1,1,0,0,1,1,1,0,0
2.812933e-12,2.812933e+00,1,2221,0,0,1,1,1,0,0,1,1,1
-2.365801e-12,-2.365801e+00,0,2224,1,1,1,0,0,1,1,1,0,0
5.247061e-12,5.247061e+00,1,2225,0,1,1,1,0,0,1,1,1,0
1.454375e-12,1.454375e+00,0,2226,1,0,1,1,1,0,0,1,1,1
-4.092849e-12,-4.092849e+00,1,2227,0,1,0,1,1,1,0,0,1,1
-1.411120e-11,-1.411120e+01,0,2228,1,0,1,0,1,1,1,0,0,1
3.753983e-11,3.753983e+01,1,2229,0,1,0,1,0,1,1,1,0,0
-5.205942e-12,-5.205942e+00,0,2232,1,1,1,0,1,0,1,0,1,1
-5.271085e-13,-5.271085e-01,1,2236,0,0,0,0,1,1,1,0,1,0
-3.755099e-14,-3.755099e-02,0,2237,1,0,0,0,0,1,1,1,0,1
-8.791385e-13,-8.791385e-01,1,2239,0,0,1,0,0,0,0,1,1,1
1.630586e-12,1.630586e+00,0,2240,1,0,0,1,0,0,0,0,1,1
6.607927e-13,6.607927e-01,1,2244,0,0,0,0,1,0,0,1,0,0
-2.992250e-11,-2.992250e+01,0,2246,1,1,0,0,0,0,1,0,0,1
-1.268564e-12,-1.268564e+00,1,2247,0,1,1,0,0,0,0,1,0,0
2.643446e-12,2.643446e+00,0,2248,1,0,1,1,0,0,0,0,1,0
-3.579489e-11,-3.579489e+01,1,2251,0,0,0,1,0,1,1,0,0,0
-2.691338e-13,-2.691338e-01,0,2252,1,0,0,0,1,0,1,1,0,0
1.557913e-11,1.557913e+01,1,2253,0,1,0,0,0,1,0,1,1,0
-1.604365e-12,-1.604365e+00,0,2255,1,1,0,1,0,0,0,1,0,1
-2.378023e-12,-2.378023e+00,1,2258,0,0,0,1,1,0,1,0,0,0
-1.018094e-12,-1.018094e+00,0,2259,1,0,0,0,1,1,0,1,0,0
3.480171e-12,3.480171e+00,1,2263,0,0,0,0,1,0,0,0,1,1
9.788696e-12,9.788696e+00,0,2264,1,0,0,0,0,1,0,0,0,1
3.030805e-12,3.030805e+00,1,2267,0,0,0,1,0,0,0,0,1,0
-1.970843e-13,-1.970843e-01,0,2269,1,1,0,0,0,1,0,0,0,0
-2.232575e-12,-2.232575e+00,1,2271,0,0,1,1,0,0,0,1,0,0
1.878136e-12,1.878136e+00,0,2273,1,1,0,0,1,1,0,0,0,1
-4.968505e-12,-4.968505e+00,1,2274,0,1,1,0,0,1,1,0,0,0
1.921091e-11,1.921091e+01,0,2275,1,0,1,1,0,0,1,1,0,0
2.255886e-12,2.255886e+00,1,2279,0,0,0,0,1,0,1,1,0,0
3.804964e-12,3.804964e+00,0,2282,1,1,1,0,0,0,0,1,0,1
2.309370e-12,2.309370e+00,1,2285,0,0,0,1,1,1,0,0,0,0
-2.351562e-13,-2.351562e-01,0,2286,1,0,0,0,1,1,1,0,0,0
-1.037746e-11,-1.037746e+01,1,2291,0,0,0,0,0,1,0,0,0,1
2.145756e-12,2.145756e+00,0,2293,1,1,0,0,0,0,0,1,0,0
4.174050e-11,4.174050e+01,1,2297,0,0,0,0,1,1,0,0,0,0
1.740600e-12,1.740600e+00,0,2298,1,0,0,0,0,1,1,0,0,0
4.065451e-12,4.065451e+00,1,2299,0,1,0,0,0,0,1,1,0,0
-5.243166e-12,-5.243166e+00,0,2301,1,1,0,1,0,0,0,0,1,1
1.369754e-12,1.369754e+00,1,2302,0,1,1,0,1,0,0,0,0,1
1.629433e-11,1.629433e+01,0,2303,1,0,1,1,0,1,0,0,0,0
-3.639054e-12,-3.639054e+00,1,2304,0,1,0,1,1,0,1,0,0,0
-1.753503e-14,-1.753503e-02,0,2305,1,0,1,0,1,1,0,1,0,0
3.543507e-12,3.543507e+00,1,2306,0,1,0,1,0,1,1,0,1,0
6.766096e-12,6.766096e+00,0,2308,1,1,0,1,0,1,0,1,1,0
3.882746e-11,3.882746e+01,1,2310,0,0,1,1,0,1,0,1,0,1
-1.172432e-12,-1.172432e+00,0,2311,1,0,0,1,1,0,1,0,1,0
-4.117233e-11,-4.117233e+01,1,2312,0,1,0,0,1,1,0,1,0,1
5.727813e-12,5.727813e+00,0,2313,1,0,1,0,0,1,1,0,1,0
9.150954e-12,9.150954e+00,1,2315,0,0,1,0,1,0,0,1,1,0
4.590780e-12,4.590780e+00,0,2316,1,0,0,1,0,1,0,0,1,1
4.625651e-13,4.625651e-01,1,2318,0,0,1,0,0,1,0,1,0,0
4.669664e-13,4.669664e-01,0,2321,1,1,1,0,0,1,0,0,1,0
3.064269e-12,3.064269e+00,1,2323,0,0,1,1,1,0,0,1,0,0
2.647718e-13,2.647718e-01,0,2324,1,0,0,1,1,1,0,0,1,0
-4.009108e-12,-4.009108e+00,1,2327,0,0,0,1,0,0,1,1,1,0
-8.241427e-13,-8.241427e-01,0,2328,1,0,0,0,1,0,0,1,1,1
2.607202e-11,2.607202e+01,1,2329,0,1,0,0,0,1,0,0,1,1
3.064812e-12,3.064812e+00,0,2330,1,0,1,0,0,0,1,0,0,1
-3.307602e-13,-3.307602e-01,1,2331,0,1,0,1,0,0,0,1,0,0
1.568256e-12,1.568256e+00,0,2334,1,1,1,0,1,0,1,0,0,0
5.359242e-12,5.359242e+00,1,2336,0,0,1,1,1,0,1,0,1,0
1.878673e-12,1.878673e+00,0,2338,1,1,0,0,1,1,1,0,1,0
3.862607e-12,3.862607e+00,1,2340,0,0,1,1,0,0,1,1,1,0
9.064544e-12,9.064544e+00,0,2341,1,0,0,1,1,0,0,1,1,1
9.218929e-12,9.218929e+00,1,2343,0,0,1,0,0,1,1,0,0,1
2.802662e-12,2.802662e+00,0,2345,1,1,0,0,1,0,0,1,1,0
1.530608e-12,1.530608e+00,1,2348,0,0,0,1,1,0,0,1,0,0
-3.201742e-12,-3.201742e+00,0,2351,1,1,1,0,0,0,1,1,0,0
-3.356070e-11,-3.356070e+01,1,2353,0,0,1,1,1,0,0,0,1,1
-3.579837e-13,-3.579837e-01,0,2356,1,1,1,0,0,1,1,1,0,0
-3.753496e-13,-3.753496e-01,1,2360,0,0,0,0,1,1,1,0,0,1
2.050531e-12,2.050531e+00,0,2362,1,1,0,0,0,0,1,1,1,0
6.123847e-13,6.123847e-01,1,2365,0,0,0,1,1,0,0,0,0,1
3.196902e-13,3.196902e-01,0,2367,1,1,0,0,0,1,1,0,0,0
-2.551831e-12,-2.551831e+00,1,2372,0,0,0,0,0,1,1,0,0,0
1.514443e-12,1.514443e+00,0,2375,1,1,1,0,0,0,0,0,1,1
-1.298813e-12,-1.298813e+00,1,2376,0,1,1,1,0,0,0,0,0,1
-4.129871e-11,-4.129871e+01,0,2377,1,0,1,1,1,0,0,0,0,0
4.685413e-11,4.685413e+01,1,2378,0,1,0,1,1,1,0,0,0,0
6.854238e-12,6.854238e+00,0,2379,1,0,1,0,1,1,1,0,0,0
-3.314566e-11,-3.314566e+01,1,2380,0,1,0,1,0,1,1,1,0,0
-5.894374e-12,-5.894374e+00,0,2382,1,1,0,1,0,1,0,1,1,1
-3.450243e-11,-3.450243e+01,1,2383,0,1,1,0,1,0,1,0,1,1
1.987160e-12,1.987160e+00,0,2384,1,0,1,1,0,1,0,1,0,1
-1.512704e-12,-1.512704e+00,1,2385,0,1,0,1,1,0,1,0,1,0
-3.985334e-12,-3.985334e+00,0,2393,1,1,1,1,1,1,1,1,0,1
-4.225020e-12,-4.225020e+00,1,2395,0,0,1,1,1,1,1,1,1,1
9.292013e-13,9.292013e-01,0,2396,1,0,0,1,1,1,1,1,1,1
6.609793e-12,6.609793e+00,1,2405,0,0,0,0,0,0,0,0,0,1
-1.969806e-12,-1.969806e+00,0,2409,1,1,1,1,0,0,0,0,0,0
4.321356e-12,4.321356e+00,1,2410,0,1,1,1,1,0,0,0,0,0
-1.249027e-12,-1.249027e+00,0,2412,1,1,0,1,1,1,1,0,0,0
-7.018092e-13,-7.018092e-01,1,2413,0,1,1,0,1,1,1,1,0,0
7.268220e-12,7.268220e+00,0,2415,1,1,0,1,1,0,1,1,1,1
5.875945e-12,5.875945e+00,1,2416,0,1,1,0,1,1,0,1,1,1
-4.479053e-12,-4.479053e+00,0,2417,1,0,1,1,0,1,1,0,1,1
-4.086400e-12,-4.086400e+00,1,2418,0,1,0,1,1,0,1,1,0,1
-4.160244e-12,-4.160244e+00,0,2420,1,1,0,1,0,1,1,0,1,1
1.251959e-12,1.251959e+00,1,2422,0,0,1,1,0,1,0,1,1,0
-2.985302e-12,-2.985302e+00,0,2426,1,1,1,1,0,0,1,1,0,1
2.852558e-12,2.852558e+00,1,2428,0,0,1,1,1,1,0,0,1,1
2.295057e-12,2.295057e+00,0,2429,1,0,0,1,1,1,1,0,0,1
-5.256056e-12,-5.256056e+00,1,2432,0,0,0,1,0,0,1,1,1,1
3.596080e-12,3.596080e+00,0,2435,1,1,1,0,0,0,1,0,0,1
3.235277e-13,3.235277e-01,1,2436,0,1,1,1,0,0,0,1,0,0
-5.666228e-12,-5.666228e+00,0,2439,1,1,1,0,1,1,1,0,0,0
-4.924043e-12,-4.924043e+00,1,2441,0,0,1,1,1,0,1,1,1,0
-3.603979e-11,-3.603979e+01,0,2443,1,1,0,0,1,1,1,0,1,1
-1.646922e-11,-1.646922e+01,1,2447,0,0,0,0,1,1,0,0,1,1
5.057846e-11,5.057846e+01,0,2448,1,0,0,0,0,1,1,0,0,1
1.057857e-11,1.057857e+01,1,2449,0,1,0,0,0,0,1,1,0,0
1.961351e-12,1.961351e+00,0,2452,1,1,1,0,1,0,0,0,0,1
2.758823e-11,2.758823e+01,1,2455,0,0,0,1,1,1,0,1,0,0
1.092818e-12,1.092818e+00,0,2457,1,1,0,0,0,1,1,1,0,1
6.069590e-13,6.069590e-01,1,2458,0,1,1,0,0,0,1,1,1,0
-3.939294e-11,-3.939294e+01,0,2459,1,0,1,1,0,0,0,1,1,1
8.539399e-12,8.539399e+00,1,2461,0,0,1,0,1,1,0,0,0,1
-3.321614e-13,-3.321614e-01,0,2463,1,1,0,0,1,0,1,1,0,0
-5.924917e-13,-5.924917e-01,1,2467,0,0,0,0,1,1,0,0,1,0
-1.351982e-12,-1.351982e+00,0,2472,1,1,1,1,1,0,0,0,0,1
-1.514014e-12,-1.514014e+00,1,2475,0,0,0,1,1,1,1,1,0,0
2.662922e-12,2.662922e+00,0,2477,1,1,0,0,0,1,1,1,1,1
1.536065e-12,1.536065e+00,1,2478,0,1,1,0,0,0,1,1,1,1
-1.656272e-12,-1.656272e+00,0,2479,1,0,1,1,0,0,0,1,1,1
-9.621212e-12,-9.621212e+00,1,2480,0,1,0,1,1,0,0,0,1,1
-1.272187e-12,-1.272187e+00,0,2482,1,1,0,1,0,1,1,0,0,0
2.591319e-12,2.591319e+00,1,2483,0,1,1,0,1,0,1,1,0,0
2.782868e-12,2.782868e+00,0,2484,1,0,1,1,0,1,0,1,1,0
-1.119380e-11,-1.119380e+01,1,2485,0,1,0,1,1,0,1,0,1,1
-3.854139e-12,-3.854139e+00,0,2488,1,1,1,0,1,0,1,1,0,1
-2.516499e-12,-2.516499e+00,1,2490,0,0,1,1,1,0,1,0,1,1
5.852054e-12,5.852054e+00,0,2491,1,0,0,1,1,1,0,1,0,1
1.147095e-11,1.147095e+01,1,2494,0,0,0,1,0,0,1,1,1,0
1.705458e-11,1.705458e+01,0,2495,1,0,0,0,1,0,0,1,1,1
-2.506056e-13,-2.506056e-01,1,2497,0,0,1,0,0,0,1,0,0,1
-1.364553e-12,-1.364553e+00,0,2499,1,1,0,0,1,0,0,0,1,0
-1.396359e-11,-1.396359e+01,1,2502,0,0,0,1,1,0,0,1,0,0
1.763573e-11,1.763573e+01,0,2503,1,0,0,0,1,1,0,0,1,0
-2.137960e-12,-2.137960e+00,1,2504,0,1,0,0,0,1,1,0,0,1
-8.844308e-13,-8.844308e-01,0,2508,1,1,1,1,0,1,0,0,0,1
-4.997100e-12,-4.997100e+00,1,2511,0,0,0,1,1,1,1,0,1,0
1.982377e-12,1.982377e+00,0,2513,1,1,0,0,0,1,1,1,1,0
6.302143e-13,6.302143e-01,1,2515,0,0,1,1,0,0,0,1,1,1
1.772361e-12,1.772361e+00,0,2516,1,0,0,1,1,0,0,0,1,1
5.080184e-12,5.080184e+00,1,2517,0,1,0,0,1,1,0,0,0,1
-4.044834e-14,-4.044834e-02,0,2519,1,1,0,1,0,0,1,1,0,0
1.007927e-11,1.007927e+01,1,2523,0,0,0,0,1,1,0,1,0,0
1.276912e-11,1.276912e+01,0,2526,1,1,1,0,0,0,0,1,1,0
-2.398869e-12,-2.398869e+00,1,2528,0,0,1,1,1,0,0,0,0,1
7.171842e-12,7.171842e+00,0,2529,1,0,0,1,1,1,0,0,0,0
-3.282805e-11,-3.282805e+01,1,2530,0,1,0,0,1,1,1,0,0,0
3.985938e-11,3.985938e+01,0,2531,1,0,1,0,0,1,1,1,0,0
-1.405214e-13,-1.405214e-01,1,2532,0,1,0,1,0,0,1,1,1,0
-1.542359e-12,-1.542359e+00,0,2534,1,1,0,1,0,1,0,0,1,1
6.682988e-12,6.682988e+00,1,2538,0,0,0,0,1,1,0,1,0,1
-2.168453e-12,-2.168453e+00,0,2545,1,1,1,1,1,1,1,0,0,0
2.139092e-12,2.139092e+00,1,2550,0,0,0,0,0,1,1,1,1,1
2.542351e-11,2.542351e+01,0,2552,1,1,0,0,0,0,0,1,1,1
-2.327744e-12,-2.327744e+00,1,2553,0,1,1,0,0,0,0,0,1,1
3.191524e-12,3.191524e+00,0,2555,1,1,0,1,1,0,0,0,0,0
-3.680837e-11,-3.680837e+01,1,2556,0,1,1,0,1,1,0,0,0,0
7.285011e-12,7.285011e+00,0,2557,1,0,1,1,0,1,1,0,0,0
8.799635e-13,8.799635e-01,1,2558,0,1,0,1,1,0,1,1,0,0
1.762713e-11,1.762713e+01,0,2560,1,1,0,1,0,1,1,0,1,1
-1.435401e-11,-1.435401e+01,1,2561,0,1,1,0,1,0,1,1,0,1
3.668272e-11,3.668272e+01,0,2562,1,0,1,1,0,1,0,1,1,0
-3.317172e-12,-3.317172e+00,1,2563,0,1,0,1,1,0,1,0,1,1
1.408541e-12,1.408541e+00,0,2564,1,0,1,0,1,1,0,1,0,1
-1.814963e-12,-1.814963e+00,1,2567,0,0,0,1,0,1,0,1,1,0
1.271199e-12,1.271199e+00,0,2568,1,0,0,0,1,0,1,0,1,1
1.609975e-12,1.609975e+00,1,2570,0,0,1,0,0,0,1,0,1,0
-8.826066e-13,-8.826066e-01,0,2577,1,1,1,1,1,1,1,0,0,1
1.064686e-13,1.064686e-01,1,2578,0,1,1,1,1,1,1,1,0,0
1.335951e-12,1.335951e+00,0,2579,1,0,1,1,1,1,1,1,1,0
-5.742763e-12,-5.742763e+00,1,2582,0,0,0,1,0,1,1,1,1,1
-8.574266e-11,-8.574266e+01,0,2584,1,1,0,0,0,1,0,1,1,1
7.651404e-11,7.651404e+01,1,2585,0,1,1,0,0,0,1,0,1,1
-3.485852e-12,-3.485852e+00,0,2587,1,1,0,1,1,0,0,0,1,0
1.989558e-12,1.989558e+00,1,2588,0,1,1,0,1,1,0,0,0,1
1.414643e-12,1.414643e+00,0,2589,1,0,1,1,0,1,1,0,0,0
6.650772e-12,6.650772e+00,1,2591,0,0,1,0,1,1,0,1,1,0
3.960106e-12,3.960106e+00,0,2593,1,1,0,0,1,0,1,1,0,1
-2.459187e-12,-2.459187e+00,1,2596,0,0,0,1,1,0,0,1,0,1
1.767221e-12,1.767221e+00,0,2597,1,0,0,0,1,1,0,0,1,0
-2.853639e-12,-2.853639e+00,1,2598,0,1,0,0,0,1,1,0,0,1
1.187151e-12,1.187151e+00,0,2599,1,0,1,0,0,0,1,1,0,0
4.864544e-13,4.864544e-01,1,2601,0,0,1,0,1,0,0,0,1,1
-8.292446e-12,-8.292446e+00,0,2604,1,1,1,0,0,1,0,1,0,0
3.461118e-12,3.461118e+00,1,2608,0,0,0,0,1,1,1,0,0,1
2.866552e-11,2.866552e+01,0,2609,1,0,0,0,0,1,1,1,0,0
-9.991329e-12,-9.991329e+00,1,2611,0,0,1,0,0,0,0,1,1,1
-2.089280e-12,-2.089280e+00,0,2614,1,1,1,0,0,1,0,0,0,0
3.569634e-12,3.569634e+00,1,2615,0,1,1,1,0,0,1,0,0,0
2.165443e-11,2.165443e+01,0,2616,1,0,1,1,1,0,0,1,0,0
-1.259840e-12,-1.259840e+00,1,2617,0,1,0,1,1,1,0,0,1,0
-6.771606e-13,-6.771606e-01,0,2619,1,1,0,1,0,1,1,1,0,0
-3.029359e-12,-3.029359e+00,1,2621,0,0,1,1,0,1,0,1,1,1
-1.691536e-12,-1.691536e+00,0,2624,1,1,1,0,0,1,1,0,1,0
-2.885486e-11,-2.885486e+01,1,2625,0,1,1,1,0,0,1,1,0,1
3.366421e-12,3.366421e+00,0,2626,1,0,1,1,1,0,0,1,1,0
-2.927527e-13,-2.927527e-01,1,2628,0,0,1,0,1,1,1,0,0,1
1.331571e-12,1.331571e+00,0,2629,1,0,0,1,0,1,1,1,0,0
6.011279e-12,6.011279e+00,1,2630,0,1,0,0,1,0,1,1,1,0
3.704225e-12,3.704225e+00,0,2631,1,0,1,0,0,1,0,1,1,1
5.230431e-12,5.230431e+00,1,2632,0,1,0,1,0,0,1,0,1,1
-6.049380e-13,-6.049380e-01,0,2633,1,0,1,0,1,0,0,1,0,1
3.649813e-12,3.649813e+00,1,2634,0,1,0,1,0,1,0,0,1,0
-8.877218e-13,-8.877218e-01,0,2639,1,1,1,1,1,0,1,0,1,0
-1.261403e-13,-1.261403e-01,1,2641,0,0,1,1,1,1,1,0,1,0
5.385464e-13,5.385464e-01,0,2642,1,0,0,1,1,1,1,1,0,1
-9.464474e-13,-9.464474e-01,1,2644,0,0,1,0,0,1,1,1,1,1
5.649356e-13,5.649356e-01,0,2645,1,0,0,1,0,0,1,1,1,1
6.091915e-12,6.091915e+00,1,2651,0,0,0,0,0,0,1,0,0,1
2.115021e-12,2.115021e+00,0,2655,1,1,1,1,0,0,0,0,0,0
-2.365315e-13,-2.365315e-01,1,2657,0,0,1,1,1,1,0,0,0,0
1.071835e-12,1.071835e+00,0,2659,1,1,0,0,1,1,1,1,0,0
-1.853323e-12,-1.853323e+00,1,2660,0,1,1,0,0,1,1,1,1,0
-2.898624e-11,-2.898624e+01,0,2662,1,1,0,1,1,0,0,1,1,1
2.997071e-12,2.997071e+00,1,2667,0,0,0,0,0,1,1,0,1,1
1.021526e-12,1.021526e+00,0,2670,1,1,1,0,0,0,0,0,1,1
3.070910e-13,3.070910e-01,1,2672,0,0,1,1,1,0,0,0,0,0
5.099595e-12,5.099595e+00,0,2675,1,1,1,0,0,1,1,1,0,0
-2.821495e-12,-2.821495e+00,1,2676,0,1,1,1,0,0,1,1,1,0
1.502933e-11,1.502933e+01,0,2678,1,1,0,1,1,1,0,0,1,1
-1.842175e-13,-1.842175e-01,1,2682,0,0,0,0,1,1,0,1,1,1
-4.593569e-12,-4.593569e+00,0,2685,1,1,1,0,0,0,0,1,1,0
1.284299e-12,1.284299e+00,1,2686,0,1,1,1,0,0,0,0,1,1
3.248681e-12,3.248681e+00,0,2687,1,0,1,1,1,0,0,0,0,1
3.174224e-12,3.174224e+00,1,2690,0,0,0,1,0,1,1,1,0,0
4.229984e-11,4.229984e+01,0,2692,1,1,0,0,0,1,0,1,1,1
2.299943e-12,2.299943e+00,1,2693,0,1,1,0,0,0,1,0,1,1
-3.769995e-11,-3.769995e+01,0,2694,1,0,1,1,0,0,0,1,0,1
-7.769985e-11,-7.769985e+01,1,2695,0,1,0,1,1,0,0,0,1,0
-2.984277e-12,-2.984277e+00,0,2700,1,1,1,1,1,0,1,0,1,1
3.200710e-11,3.200710e+01,1,2701,0,1,1,1,1,1,0,1,0,1
9.824447e-13,9.824447e-01,0,2702,1,0,1,1,1,1,1,0,1,0
-3.057991e-12,-3.057991e+00,1,2703,0,1,0,1,1,1,1,1,0,1
1.789256e-12,1.789256e+00,0,2704,1,0,1,0,1,1,1,1,1,0
4.658976e-12,4.658976e+00,1,2706,0,0,1,0,1,0,1,1,1,1
-5.110367e-12,-5.110367e+00,0,2707,1,0,0,1,0,1,0,1,1,1
3.170297e-11,3.170297e+01,1,2708,0,1,0,0,1,0,1,0,1,1
1.460515e-12,1.460515e+00,0,2710,1,1,0,1,0,0,1,0,1,0
-6.194631e-12,-6.194631e+00,1,2711,0,1,1,0,1,0,0,1,0,1
2.186561e-13,2.186561e-01,0,2712,1,0,1,1,0,1,0,0,1,0
1.131583e-12,1.131583e+00,1,2714,0,0,1,0,1,1,0,1,0,0
7.770954e-13,7.770954e-01,0,2715,1,0,0,1,0,1,1,0,1,0
-3.270340e-12,-3.270340e+00,1,2718,0,0,0,1,0,0,1,0,1,1
1.112550e-11,1.112550e+01,0,2719,1,0,0,0,1,0,0,1,0,1
5.077725e-12,5.077725e+00,1,2722,0,0,0,1,0,0,0,1,0,0
-4.411264e-12,-4.411264e+00,0,2723,1,0,0,0,1,0,0,0,1,0
8.641209e-12,8.641209e+00,1,2726,0,0,0,1,0,0,0,1,0,0
-5.761293e-12,-5.761293e+00,0,2727,1,0,0,0,1,0,0,0,1,0
1.028033e-12,1.028033e+00,1,2728,0,1,0,0,0,1,0,0,0,1
2.796549e-11,2.796549e+01,0,2732,1,1,1,1,0,1,0,0,0,1
-7.225016e-13,-7.225016e-01,1,2733,0,1,1,1,1,0,1,0,0,0
2.840980e-12,2.840980e+00,0,2734,1,0,1,1,1,1,0,1,0,0
-9.545248e-13,-9.545248e-01,1,2738,0,0,0,0,1,0,1,1,1,1
2.699970e-12,2.699970e+00,0,2739,1,0,0,0,0,1,0,1,1,1
-5.271814e-12,-5.271814e+00,1,2744,0,0,0,0,0,1,0,0,0,0
-7.550597e-13,-7.550597e-01,0,2745,1,0,0,0,0,0,1,0,0,0
3.796688e-11,3.796688e+01,1,2750,0,0,0,0,0,1,0,0,0,0
-6.565295e-13,-6.565295e-01,0,2751,1,0,0,0,0,0,1,0,0,0
-2.817932e-11,-2.817932e+01,1,2752,0,1,0,0,0,0,0,1,0,0
2.410812e-12,2.410812e+00,0,2754,1,1,0,1,0,0,0,0,0,1
-3.481076e-11,-3.481076e+01,1,2755,0,1,1,0,1,0,0,0,0,0
2.670708e-11,2.670708e+01,0,2756,1,0,1,1,0,1,0,0,0,0
-4.860824e-11,-4.860824e+01,1,2762,0,0,0,0,0,0,1,0,1,1
1.813018e-11,1.813018e+01,0,2763,1,0,0,0,0,0,0,1,0,1
3.161875e-11,3.161875e+01,1,2766,0,0,0,1,0,0,0,0,0,0
5.459836e-12,5.459836e+00,0,2767,1,0,0,0,1,0,0,0,0,0
3.838494e-12,3.838494e+00,1,2774,0,0,0,0,0,0,0,1,0,0
3.694904e-12,3.694904e+00,0,2775,1,0,0,0,0,0,0,0,1,0
2.706729e-12,2.706729e+00,1,2776,0,1,0,0,0,0,0,0,0,1
7.124982e-13,7.124982e-01,0,2780,1,1,1,1,0,1,0,0,0,0
-1.089574e-12,-1.089574e+00,1,2781,0,1,1,1,1,0,1,0,0,0
-2.056025e-12,-2.056025e+00,0,2783,1,1,0,1,1,1,1,0,1,0
3.338061e-12,3.338061e+00,1,2784,0,1,1,0,1,1,1,1,0,1
-1.985115e-12,-1.985115e+00,0,2789,1,1,1,1,1,0,1,1,0,1
-5.216318e-12,-5.216318e+00,1,2790,0,1,1,1,1,1,0,1,1,0
-9.354520e-13,-9.354520e-01,0,2794,1,1,1,1,0,1,1,1,1,1
-2.304188e-11,-2.304188e+01,1,2796,0,0,1,1,1,1,0,1,1,1
-5.852148e-12,-5.852148e+00,0,2798,1,1,0,0,1,1,1,1,0,1
4.079162e-13,4.079162e-01,1,2799,0,1,1,0,0,1,1,1,1,0
-3.727800e-13,-3.727800e-01,0,2803,1,1,1,1,0,1,1,0,0,1
7.081393e-13,7.081393e-01,1,2804,0,1,1,1,1,0,1,1,0,0
-3.411045e-12,-3.411045e+00,0,2807,1,1,1,0,1,1,1,1,0,1
5.613030e-12,5.613030e+00,1,2810,0,0,0,1,1,1,0,1,1,1
2.278029e-12,2.278029e+00,0,2811,1,0,0,0,1,1,1,0,1,1
-2.996313e-11,-2.996313e+01,1,2812,0,1,0,0,0,1,1,1,0,1
-4.703578e-12,-4.703578e+00,0,2814,1,1,0,1,0,0,0,1,1,1
-4.131809e-13,-4.131809e-01,1,2816,0,0,1,1,0,1,0,0,0,1
-3.608639e-11,-3.608639e+01,0,2818,1,1,0,0,1,1,0,1,0,0
3.064726e-12,3.064726e+00,1,2822,0,0,0,0,1,1,0,0,1,1
-1.181770e-12,-1.181770e+00,0,2823,1,0,0,0,0,1,1,0,0,1
2.444713e-12,2.444713e+00,1,2826,0,0,0,1,0,0,0,0,1,1
-1.523688e-12,-1.523688e+00,0,2829,1,1,1,0,0,0,1,0,0,0
-5.810541e-12,-5.810541e+00,1,2834,0,0,0,0,0,1,1,1,0,0
1.816511e-11,1.816511e+01,0,2835,1,0,0,0,0,0,1,1,1,0
-4.419926e-12,-4.419926e+00,1,2836,0,1,0,0,0,0,0,1,1,1
1.018173e-11,1.018173e+01,0,2839,1,1,1,0,1,0,0,0,0,0
1.684769e-11,1.684769e+01,1,2840,0,1,1,1,0,1,0,0,0,0
4.194429e-12,4.194429e+00,0,2841,1,0,1,1,1,0,1,0,0,0
1.728766e-12,1.728766e+00,1,2842,0,1,0,1,1,1,0,1,0,0
-4.955923e-12,-4.955923e+00,0,2844,1,1,0,1,0,1,1,1,0,1
-4.056984e-12,-4.056984e+00,1,2845,0,1,1,0,1,0,1,1,1,0
2.665010e-11,2.665010e+01,0,2846,1,0,1,1,0,1,0,1,1,1
-4.556294e-11,-4.556294e+01,1,2848,0,0,1,0,1,1,0,1,0,1
3.216025e-11,3.216025e+01,0,2850,1,1,0,0,1,0,1,1,0,1
4.418081e-14,4.418081e-02,1,2852,0,0,1,1,0,0,1,0,1,1
1.988194e-12,1.988194e+00,0,2853,1,0,0,1,1,0,0,1,0,1
-6.993352e-13,-6.993352e-01,1,2856,0,0,0,1,0,0,1,1,0,0
2.941331e-12,2.941331e+00,0,2857,1,0,0,0,1,0,0,1,1,0
6.262222e-12,6.262222e+00,1,2860,0,0,0,1,0,0,0,1,0,0
5.769389e-12,5.769389e+00,0,2863,1,1,1,0,0,0,1,0,0,0
-1.052833e-12,-1.052833e+00,1,2865,0,0,1,1,1,0,0,0,1,0
4.930858e-11,4.930858e+01,0,2867,1,1,0,0,1,1,1,0,0,0
-1.790293e-12,-1.790293e+00,1,2869,0,0,1,1,0,0,1,1,1,0
2.807909e-12,2.807909e+00,0,2871,1,1,0,0,1,1,0,0,1,1
4.080903e-12,4.080903e+00,1,2875,0,0,0,0,1,1,0,0,1,1
-8.129688e-13,-8.129688e-01,0,2878,1,1,1,0,0,0,0,1,1,0
-3.642506e-11,-3.642506e+01,1,2881,0,0,0,1,1,1,0,0,0,0
2.382182e-12,2.382182e+00,0,2884,1,1,1,0,0,0,1,1,1,0
-7.457588e-12,-7.457588e+00,1,2885,0,1,1,1,0,0,0,1,1,1
-6.197799e-12,-6.197799e+00,0,2888,1,1,1,0,1,1,1,0,0,0
-1.337544e-12,-1.337544e+00,1,2889,0,1,1,1,0,1,1,1,0,0
9.772329e-12,9.772329e+00,0,2890,1,0,1,1,1,0,1,1,1,0
-4.579321e-12,-4.579321e+00,1,2891,0,1,0,1,1,1,0,1,1,1
6.204392e-12,6.204392e+00,0,2894,1,1,1,0,1,0,1,1,1,0
-3.379550e-11,-3.379550e+01,1,2895,0,1,1,1,0,1,0,1,1,1
5.255409e-13,5.255409e-01,0,2896,1,0,1,1,1,0,1,0,1,1
-1.510583e-12,-1.510583e+00,1,2900,0,0,0,0,1,0,1,1,1,0
2.996006e-12,2.996006e+00,0,2901,1,0,0,0,0,1,0,1,1,1
-2.342433e-11,-2.342433e+01,1,2903,0,0,1,0,0,0,0,1,0,1
2.487570e-12,2.487570e+00,0,2905,1,1,0,0,1,0,0,0,0,1
-2.924693e-12,-2.924693e+00,1,2907,0,0,1,1,0,0,1,0,0,0
-5.274703e-12,-5.274703e+00,0,2908,1,0,0,1,1,0,0,1,0,0
-1.131931e-12,-1.131931e+00,1,2909,0,1,0,0,1,1,0,0,1,0
3.300729e-11,3.300729e+01,0,2911,1,1,0,1,0,0,1,1,0,0
3.692650e-11,3.692650e+01,1,2913,0,0,1,1,0,1,0,0,1,1
-4.171733e-12,-4.171733e+00,0,2916,1,1,1,0,0,1,1,0,1,0
-1.348504e-11,-1.348504e+01,1,2919,0,0,0,1,1,1,0,0,1,1
4.716560e-12,4.716560e+00,0,2920,1,0,0,0,1,1,1,0,0,1
-6.234470e-13,-6.234470e-01,1,2923,0,0,0,1,0,0,0,1,1,1
-2.351673e-11,-2.351673e+01,0,2926,1,1,1,0,0,0,1,0,0,0
-2.556862e-13,-2.556862e-01,1,2927,0,1,1,1,0,0,0,1,0,0
-4.025558e-11,-4.025558e+01,0,2928,1,0,1,1,1,0,0,0,1,0
4.786743e-11,4.786743e+01,1,2929,0,1,0,1,1,1,0,0,0,1
1.474926e-13,1.474926e-01,0,2933,1,1,1,1,0,1,0,1,1,1
-9.519194e-13,-9.519194e-01,1,2934,0,1,1,1,1,0,1,0,1,1
5.316528e-12,5.316528e+00,0,2935,1,0,1,1,1,1,0,1,0,1
-3.468337e-11,-3.468337e+01,1,2936,0,1,0,1,1,1,1,0,1,0
-2.265110e-12,-2.265110e+00,0,2942,1,1,1,1,1,1,0,1,0,1
1.674602e-13,1.674602e-01,1,2943,0,1,1,1,1,1,1,0,1,0
4.957749e-11,4.957749e+01,0,2949,1,1,1,1,1,1,0,1,1,1
9.577591e-12,9.577591e+00,1,2950,0,1,1,1,1,1,1,0,1,1
1.104576e-11,1.104576e+01,0,2952,1,1,0,1,1,1,1,1,1,0
-5.558805e-12,-5.558805e+00,1,2953,0,1,1,0,1,1,1,1,1,1
-2.909602e-12,-2.909602e+00,0,2954,1,0,1,1,0,1,1,1,1,1
4.937255e-13,4.937255e-01,1,2961,0,0,0,0,0,0,0,1,0,1
1.167111e-12,1.167111e+00,0,2962,1,0,0,0,0,0,0,0,1,0
8.331054e-12,8.331054e+00,1,2963,0,1,0,0,0,0,0,0,0,1
-1.047040e-11,-1.047040e+01,0,2964,1,0,1,0,0,0,0,0,0,0
7.111142e-13,7.111142e-01,1,2966,0,0,1,0,1,0,0,0,0,0
1.108836e-12,1.108836e+00,0,2968,1,1,0,0,1,0,1,0,0,0
6.066528e-13,6.066528e-01,1,2969,0,1,1,0,0,1,0,1,0,0
-7.080249e-12,-7.080249e+00,0,2971,1,1,0,1,1,0,0,1,0,1
8.110154e-14,8.110154e-02,1,2972,0,1,1,0,1,1,0,0,1,0
-8.429303e-13,-8.429303e-01,0,2973,1,0,1,1,0,1,1,0,0,1
3.595943e-12,3.595943e+00,1,2975,0,0,1,0,1,1,0,1,1,0
-1.752124e-13,-1.752124e-01,0,2976,1,0,0,1,0,1,1,0,1,1
2.070309e-12,2.070309e+00,1,2977,0,1,0,0,1,0,1,1,0,1
-8.750790e-13,-8.750790e-01,0,2978,1,0,1,0,0,1,0,1,1,0
7.070056e-12,7.070056e+00,1,2979,0,1,0,1,0,0,1,0,1,1
3.500659e-14,3.500659e-02,0,2980,1,0,1,0,1,0,0,1,0,1
-2.005210e-12,-2.005210e+00,1,2983,0,0,0,1,0,1,0,1,0,0
-3.799877e-12,-3.799877e+00,0,2984,1,0,0,0,1,0,1,0,1,0
-2.603952e-11,-2.603952e+01,1,2987,0,0,0,1,0,0,0,1,0,1
6.896702e-12,6.896702e+00,0,2988,1,0,0,0,1,0,0,0,1,0
-3.508906e-11,-3.508906e+01,1,2990,0,0,1,0,0,0,1,0,0,0
2.189965e-12,2.189965e+00,0,2991,1,0,0,1,0,0,0,1,0,0
2.824879e-12,2.824879e+00,1,2995,0,0,0,0,1,0,0,1,0,0
5.761199e-12,5.761199e+00,0,2996,1,0,0,0,0,1,0,0,1,0
-2.290037e-11,-2.290037e+01,1,2997,0,1,0,0,0,0,1,0,0,1
-6.160553e-12,-6.160553e+00,0,3001,1,1,1,1,0,1,0,0,0,0
2.163579e-12,2.163579e+00,1,3003,0,0,1,1,1,1,0,1,0,0
5.257460e-13,5.257460e-01,0,3005,1,1,0,0,1,1,1,1,0,1
-2.024649e-12,-2.024649e+00,1,3006,0,1,1,0,0,1,1,1,1,0
7.973663e-13,7.973663e-01,0,3007,1,0,1,1,0,0,1,1,1,1
-5.702813e-14,-5.702813e-02,1,3009,0,0,1,0,1,1,0,0,1,1
-6.757228e-12,-6.757228e+00,0,3011,1,1,0,0,1,0,1,1,0,0
-7.324475e-12,-7.324475e+00,1,3012,0,1,1,0,0,1,0,1,1,0
-4.380532e-12,-4.380532e+00,0,3013,1,0,1,1,0,0,1,0,1,1
3.900059e-14,3.900059e-02,1,3014,0,1,0,1,1,0,0,1,0,1
9.885530e-12,9.885530e+00,0,3015,1,0,1,0,1,1,0,0,1,0
5.957005e-12,5.957005e+00,1,3016,0,1,0,1,0,1,1,0,0,1
6.988205e-12,6.988205e+00,0,3017,1,0,1,0,1,0,1,1,0,0
3.240897e-11,3.240897e+01,1,3019,0,0,1,0,1,0,1,0,1,1
-9.186362e-13,-9.186362e-01,0,3022,1,1,1,0,0,1,0,1,0,1
9.321942e-13,9.321942e-01,1,3024,0,0,1,1,1,0,0,1,0,1
3.795908e-12,3.795908e+00,0,3025,1,0,0,1,1,1,0,0,1,0
3.042336e-11,3.042336e+01,1,3027,0,0,1,0,0,1,1,1,0,0
1.661201e-12,1.661201e+00,0,3028,1,0,0,1,0,0,1,1,1,0
7.814284e-12,7.814284e+00,1,3031,0,0,0,1,0,0,1,0,0,1
2.698434e-12,2.698434e+00,0,3033,1,1,0,0,0,1,0,0,1,0
-3.644966e-12,-3.644966e+00,1,3036,0,0,0,1,1,0,0,0,1,0
-5.613739e-12,-5.613739e+00,0,3037,1,0,0,0,1,1,0,0,0,1
2.252111e-12,2.252111e+00,1,3038,0,1,0,0,0,1,1,0,0,0
-4.699881e-12,-4.699881e+00,0,3039,1,0,1,0,0,0,1,1,0,0
1.575000e-12,1.575000e+00,1,3043,0,0,0,0,1,0,1,0,0,0
1.058332e-12,1.058332e+00,0,3046,1,1,1,0,0,0,0,1,0,1
2.367030e-12,2.367030e+00,1,3047,0,1,1,1,0,0,0,0,1,0
-2.621699e-12,-2.621699e+00,0,3048,1,0,1,1,1,0,0,0,0,1
-1.313252e-12,-1.313252e+00,1,3050,0,0,1,0,1,1,1,0,0,0
2.115076e-11,2.115076e+01,0,3051,1,0,0,1,0,1,1,1,0,0
3.355842e-12,3.355842e+00,1,3052,0,1,0,0,1,0,1,1,1,0
5.199343e-12,5.199343e+00,0,3054,1,1,0,1,0,0,1,0,1,1
-1.339046e-12,-1.339046e+00,1,3058,0,0,0,0,1,1,0,1,0,0
-1.354621e-11,-1.354621e+01,0,3059,1,0,0,0,0,1,1,0,1,0
-2.871967e-11,-2.871967e+01,1,3062,0,0,0,1,0,0,0,0,1,1
5.256415e-15,5.256415e-03,0,3063,1,0,0,0,1,0,0,0,0,1
-7.332066e-13,-7.332066e-01,1,3066,0,0,0,1,0,0,0,1,0,0
-7.623315e-12,-7.623315e+00,0,3068,1,1,0,0,0,1,0,0,0,1
1.216039e-12,1.216039e+00,1,3069,0,1,1,0,0,0,1,0,0,0
3.826569e-11,3.826569e+01,0,3070,1,0,1,1,0,0,0,1,0,0
2.787806e-11,2.787806e+01,1,3074,0,0,0,0,1,0,1,1,0,0
-4.561933e-12,-4.561933e+00,0,3075,1,0,0,0,0,1,0,1,1,0
2.698455e-11,2.698455e+01,1,3076,0,1,0,0,0,0,1,0,1,1
-1.022182e-12,-1.022182e+00,0,3079,1,1,1,0,1,0,0,0,0,1
-2.593053e-12,-2.593053e+00,1,3081,0,0,1,1,1,0,1,0,0,0
6.399533e-12,6.399533e+00,0,3082,1,0,0,1,1,1,0,1,0,0
-3.465774e-12,-3.465774e+00,1,3083,0,1,0,0,1,1,1,0,1,0
-1.077313e-15,-1.077313e-03,0,3085,1,1,0,1,0,0,1,1,1,0
-4.242923e-12,-4.242923e+00,1,3087,0,0,1,1,0,1,0,0,1,1
-7.511924e-13,-7.511924e-01,0,3088,1,0,0,1,1,0,1,0,0,1
-1.677170e-12,-1.677170e+00,1,3089,0,1,0,0,1,1,0,1,0,0
8.490898e-12,8.490898e+00,0,3092,1,1,1,0,1,0,0,1,1,0
5.984062e-12,5.984062e+00,1,3094,0,0,1,1,1,0,1,0,0,1
3.079510e-12,3.079510e+00,0,3095,1,0,0,1,1,1,0,1,0,0
-3.448418e-12,-3.448418e+00,1,3096,0,1,0,0,1,1,1,0,1,0
2.139237e-12,2.139237e+00,0,3097,1,0,1,0,0,1,1,1,0,1
3.187028e-12,3.187028e+00,1,3098,0,1,0,1,0,0,1,1,1,0
-9.901373e-12,-9.901373e+00,0,3099,1,0,1,0,1,0,0,1,1,1
-1.329821e-12,-1.329821e+00,1,3101,0,0,1,0,1,0,1,0,0,1
-1.327185e-11,-1.327185e+01,0,3103,1,1,0,0,1,0,1,0,1,0
7.001610e-12,7.001610e+00,1,3106,0,0,0,1,1,0,0,1,0,1
-4.461116e-13,-4.461116e-01,0,3107,1,0,0,0,1,1,0,0,1,0
2.230476e-11,2.230476e+01,1,3109,0,0,1,0,0,0,1,1,0,0
-9.570707e-12,-9.570707e+00,0,3110,1,0,0,1,0,0,0,1,1,0
-1.685697e-12,-1.685697e+00,1,3113,0,0,0,1,0,0,1,0,0,0
-4.705380e-12,-4.705380e+00,0,3116,1,1,1,0,0,0,1,0,0,1
-4.334010e-12,-4.334010e+00,1,3117,0,1,1,1,0,0,0,1,0,0
4.073525e-12,4.073525e+00,0,3118,1,0,1,1,1,0,0,0,1,0
3.676614e-11,3.676614e+01,1,3121,0,0,0,1,0,1,1,1,0,0
-4.340416e-13,-4.340416e-01,0,3122,1,0,0,0,1,0,1,1,1,0
-7.237927e-13,-7.237927e-01,1,3123,0,1,0,0,0,1,0,1,1,1
-4.748623e-12,-4.748623e+00,0,3126,1,1,1,0,1,0,0,0,1,0
1.503627e-11,1.503627e+01,1,3127,0,1,1,1,0,1,0,0,0,1
-3.767370e-12,-3.767370e+00,0,3128,1,0,1,1,1,0,1,0,0,0
-4.195315e-11,-4.195315e+01,1,3130,0,0,1,0,1,1,1,0,1,0
-4.369126e-12,-4.369126e+00,0,3132,1,1,0,0,1,0,1,1,1,0
1.217969e-11,1.217969e+01,1,3134,0,0,1,1,0,0,1,0,1,1
2.107486e-12,2.107486e+00,0,3135,1,0,0,1,1,0,0,1,0,1
-3.789241e-11,-3.789241e+01,1,3136,0,1,0,0,1,1,0,0,1,0
-3.109878e-13,-3.109878e-01,0,3141,1,1,1,1,1,0,1,0,0,1
-1.150304e-11,-1.150304e+01,1,3144,0,0,0,1,1,1,1,1,0,1
2.427836e-12,2.427836e+00,0,3149,1,1,1,1,1,0,0,0,1,1
-6.421178e-12,-6.421178e+00,1,3150,0,1,1,1,1,1,0,0,0,1
2.997904e-12,2.997904e+00,0,3152,1,1,0,1,1,1,1,1,0,0
-5.900584e-12,-5.900584e+00,1,3156,0,0,0,0,1,1,0,1,1,1
-7.115362e-12,-7.115362e+00,0,3158,1,1,0,0,0,0,1,1,0,1
-2.381372e-12,-2.381372e+00,1,3159,0,1,1,0,0,0,0,1,1,0
7.707789e-12,7.707789e+00,0,3163,1,1,1,1,0,1,1,0,0,0
6.696489e-13,6.696489e-01,1,3168,0,0,0,0,0,1,1,1,1,0
-5.029588e-12,-5.029588e+00,0,3172,1,1,1,1,0,0,0,0,0,1
-4.583791e-12,-4.583791e+00,1,3173,0,1,1,1,1,0,0,0,0,0
2.051129e-12,2.051129e+00,0,3176,1,1,1,0,1,1,1,1,0,0
1.531624e-12,1.531624e+00,1,3177,0,1,1,1,0,1,1,1,1,0
-4.969714e-11,-4.969714e+01,0,3179,1,1,0,1,1,1,0,1,1,1
-4.063846e-12,-4.063846e+00,1,3184,0,0,0,0,0,1,1,0,1,1
2.486989e-11,2.486989e+01,0,3185,1,0,0,0,0,0,1,1,0,1
-1.355058e-12,-1.355058e+00,1,3186,0,1,0,0,0,0,0,1,1,0
-5.107521e-13,-5.107521e-01,0,3190,1,1,1,1,0,1,0,0,0,0
-6.026845e-12,-6.026845e+00,1,3196,0,0,0,0,0,0,1,1,1,1
2.572556e-12,2.572556e+00,0,3197,1,0,0,0,0,0,0,1,1,1
-1.601348e-12,-1.601348e+00,1,3202,0,0,0,0,0,1,0,0,0,0
-5.282100e-12,-5.282100e+00,0,3204,1,1,0,0,0,0,0,1,0,0
-1.164091e-12,-1.164091e+00,1,3205,0,1,1,0,0,0,0,0,1,0
7.398233e-12,7.398233e+00,0,3207,1,1,0,1,1,0,0,0,0,0
-7.517474e-12,-7.517474e+00,1,3209,0,0,1,1,0,1,1,0,0,0
5.791240e-12,5.791240e+00,0,3211,1,1,0,0,1,1,0,1,1,0
-6.403821e-12,-6.403821e+00,1,3212,0,1,1,0,0,1,1,0,1,1
3.125400e-13,3.125400e-01,0,3215,1,1,1,0,1,1,0,0,1,1
8.873031e-12,8.873031e+00,1,3217,0,0,1,1,1,0,1,1,0,0
-5.183659e-12,-5.183659e+00,0,3220,1,1,1,0,0,1,1,1,0,1
-3.540747e-12,-3.540747e+00,1,3223,0,0,0,1,1,1,0,0,1,1
-4.337640e-12,-4.337640e+00,0,3224,1,0,0,0,1,1,1,0,0,1
1.541403e-11,1.541403e+01,1,3225,0,1,0,0,0,1,1,1,0,0
-2.410836e-12,-2.410836e+00,0,3228,1,1,1,0,1,0,0,0,1,1
-2.860108e-12,-2.860108e+00,1,3232,0,0,0,0,1,1,1,0,1,0
-2.651722e-11,-2.651722e+01,0,3234,1,1,0,0,0,0,1,1,1,0
7.760770e-11,7.760770e+01,1,3236,0,0,1,1,0,0,0,0,1,1
3.760780e-11,3.760780e+01,0,3237,1,0,0,1,1,0,0,0,0,1
-2.392097e-12,-2.392097e+00,1,3238,0,1,0,0,1,1,0,0,0,0
-4.749075e-12,-4.749075e+00,0,3241,1,1,1,0,1,0,0,1,1,0
5.689585e-13,5.689585e-01,1,3242,0,1,1,1,0,1,0,0,1,1
-3.481125e-12,-3.481125e+00,0,3245,1,1,1,0,1,1,1,0,1,0
3.737044e-11,3.737044e+01,1,3248,0,0,0,1,1,1,0,1,1,1
-2.629453e-12,-2.629453e+00,0,3249,1,0,0,0,1,1,1,0,1,1
1.448900e-12,1.448900e+00,1,3253,0,0,0,0,1,0,0,0,1,1
9.109302e-13,9.109302e-01,0,3254,1,0,0,0,0,1,0,0,0,1
-8.671369e-12,-8.671369e+00,1,3255,0,1,0,0,0,0,1,0,0,0
-3.014085e-11,-3.014085e+01,0,3258,1,1,1,0,1,0,0,0,0,1
1.062254e-12,1.062254e+00,1,3259,0,1,1,1,0,1,0,0,0,0
-1.643044e-12,-1.643044e+00,0,3260,1,0,1,1,1,0,1,0,0,0
1.131000e-12,1.131000e+00,1,3265,0,0,0,0,0,1,0,1,1,1
-5.087085e-12,-5.087085e+00,0,3266,1,0,0,0,0,0,1,0,1,1
-5.962769e-12,-5.962769e+00,1,3270,0,0,0,0,1,0,0,0,0,0
4.579318e-12,4.579318e+00,0,3271,1,0,0,0,0,1,0,0,0,0
-4.482254e-12,-4.482254e+00,1,3277,0,0,0,0,0,0,1,0,0,0
1.752789e-12,1.752789e+00,0,3278,1,0,0,0,0,0,0,1,0,0
-9.796928e-12,-9.796928e+00,1,3279,0,1,0,0,0,0,0,0,1,0
4.546992e-12,4.546992e+00,0,3281,1,1,0,1,0,0,0,0,0,0
-1.074494e-11,-1.074494e+01,1,3283,0,0,1,1,0,1,0,0,0,0
5.117386e-11,5.117386e+01,0,3285,1,1,0,0,1,1,0,1,0,0
1.117396e-11,1.117396e+01,1,3286,0,1,1,0,0,1,1,0,1,0
-2.335406e-11,-2.335406e+01,0,3288,1,1,0,1,1,0,0,1,1,0
3.533530e-11,3.533530e+01,1,3290,0,0,1,1,0,1,1,0,0,1
-4.664600e-12,-4.664600e+00,0,3291,1,0,0,1,1,0,1,1,0,0
-1.231161e-13,-1.231161e-01,1,3292,0,1,0,0,1,1,0,1,1,0
6.579694e-13,6.579694e-01,0,3293,1,0,1,0,0,1,1,0,1,1
-8.686652e-12,-8.686652e+00,1,3294,0,1,0,1,0,0,1,1,0,1
-7.007949e-12,-7.007949e+00,0,3295,1,0,1,0,1,0,0,1,1,0
-6.766826e-12,-6.766826e+00,1,3296,0,1,0,1,0,1,0,0,1,1
-2.872150e-13,-2.872150e-01,0,3297,1,0,1,0,1,0,1,0,0,1
-9.258821e-12,-9.258821e+00,1,3300,0,0,0,1,0,1,0,1,0,1
-7.500663e-12,-7.500663e+00,0,3310,1,1,1,1,1,1,1,1,1,1
-4.619152e-12,-4.619152e+00,1,3311,0,1,1,1,1,1,1,1,1,1
-4.383983e-12,-4.383983e+00,0,3312,1,0,1,1,1,1,1,1,1,1
-3.457102e-12,-3.457102e+00,1,3313,0,1,0,1,1,1,1,1,1,1
-4.809836e-12,-4.809836e+00,0,3315,1,1,0,1,0,1,1,1,1,1
-2.600184e-12,-2.600184e+00,1,3316,0,1,1,0,1,0,1,1,1,1
-7.547929e-12,-7.547929e+00,0,3318,1,1,0,1,1,0,1,0,1,1
-2.910050e-12,-2.910050e+00,1,3319,0,1,1,0,1,1,0,1,0,1
2.332447e-12,2.332447e+00,0,3321,1,1,0,1,1,0,1,1,0,1
1.162153e-11,1.162153e+01,1,3323,0,0,1,1,0,1,1,0,1,1
-9.100645e-12,-9.100645e+00,0,3324,1,0,0,1,1,0,1,1,0,1
5.226550e-13,5.226550e-01,1,3327,0,0,0,1,0,0,1,1,0,1
5.272843e-12,5.272843e+00,0,3328,1,0,0,0,1,0,0,1,1,0
-7.310819e-12,-7.310819e+00,1,3329,0,1,0,0,0,1,0,0,1,1
-3.944192e-12,-3.944192e+00,0,3330,1,0,1,0,0,0,1,0,0,1
2.172048e-11,2.172048e+01,1,3333,0,0,0,1,0,1,0,0,0,1
-3.041316e-12,-3.041316e+00,0,3337,1,1,1,1,0,0,0,1,0,1
-6.181698e-12,-6.181698e+00,1,3338,0,1,1,1,1,0,0,0,1,0
-1.653421e-12,-1.653421e+00,0,3339,1,0,1,1,1,1,0,0,0,1
-1.549488e-12,-1.549488e+00,1,3341,0,0,1,0,1,1,1,1,0,0
1.725517e-11,1.725517e+01,0,3342,1,0,0,1,0,1,1,1,1,0
-3.520288e-12,-3.520288e+00,1,3343,0,1,0,0,1,0,1,1,1,1
-3.524093e-12,-3.524093e+00,0,3346,1,1,1,0,1,0,0,1,0,1
-5.332142e-12,-5.332142e+00,1,3347,0,1,1,1,0,1,0,0,1,0
-3.615528e-12,-3.615528e+00,0,3352,1,1,1,1,1,0,1,1,1,0
-8.697308e-12,-8.697308e+00,1,3354,0,0,1,1,1,1,1,0,1,1
-8.376903e-12,-8.376903e+00,0,3355,1,0,0,1,1,1,1,1,0,1
-2.935905e-12,-2.935905e+00,1,3356,0,1,0,0,1,1,1,1,1,0
-1.963637e-12,-1.963637e+00,0,3360,1,1,1,1,0,1,0,0,1,1
-1.383056e-12,-1.383056e+00,1,3361,0,1,1,1,1,0,1,0,0,1
1.128776e-11,1.128776e+01,0,3363,1,1,0,1,1,1,1,0,1,0
4.786509e-12,4.786509e+00,1,3366,0,0,0,1,1,0,1,1,1,1
-9.459776e-12,-9.459776e+00,0,3367,1,0,0,0,1,1,0,1,1,1
-3.507206e-12,-3.507206e+00,1,3372,0,0,0,0,0,1,0,0,0,1
-1.146261e-12,-1.146261e+00,0,3373,1,0,0,0,0,0,1,0,0,0
-4.553113e-12,-4.553113e+00,1,3374,0,1,0,0,0,0,0,1,0,0
5.000988e-12,5.000988e+00,0,3375,1,0,1,0,0,0,0,0,1,0
-2.401452e-11,-2.401452e+01,1,3376,0,1,0,1,0,0,0,0,0,1
-3.367991e-12,-3.367991e+00,0,3380,1,1,1,1,0,1,0,1,0,0
-1.281854e-12,-1.281854e+00,1,3381,0,1,1,1,1,0,1,0,1,0
1.306869e-11,1.306869e+01,0,3383,1,1,0,1,1,1,1,0,1,0
-7.510310e-12,-7.510310e+00,1,3385,0,0,1,1,0,1,1,1,1,0
8.014880e-12,8.014880e+00,0,3386,1,0,0,1,1,0,1,1,1,1
-4.333705e-12,-4.333705e+00,1,3388,0,0,1,0,0,1,1,0,1,1
7.505025e-12,7.505025e+00,0,3390,1,1,0,0,1,0,0,1,1,0
-3.724107e-12,-3.724107e+00,1,3391,0,1,1,0,0,1,0,0,1,1
-5.939258e-12,-5.939258e+00,0,3392,1,0,1,1,0,0,1,0,0,1
2.079482e-12,2.079482e+00,1,3395,0,0,0,1,0,1,1,0,0,1
-1.115555e-11,-1.115555e+01,0,3399,1,1,1,1,0,0,0,1,0,1
-1.533138e-11,-1.533138e+01,1,3402,0,0,0,1,1,1,1,0,0,0
-3.095414e-12,-3.095414e+00,0,3403,1,0,0,0,1,1,1,1,0,0
-4.647484e-12,-4.647484e+00,1,3407,0,0,0,0,1,0,0,0,1,1
-4.957076e-12,-4.957076e+00,0,3409,1,1,0,0,0,0,1,0,0,0
5.549156e-12,5.549156e+00,1,3410,0,1,1,0,0,0,0,1,0,0
1.741352e-12,1.741352e+00,0,3411,1,0,1,1,0,0,0,0,1,0
-8.266201e-12,-8.266201e+00,1,3412,0,1,0,1,1,0,0,0,0,1
2.610949e-12,2.610949e+00,0,3416,1,1,1,1,0,1,0,1,1,0
-6.902989e-12,-6.902989e+00,1,3417,0,1,1,1,1,0,1,0,1,1
2.995681e-12,2.995681e+00,0,3420,1,1,1,0,1,1,1,1,0,1
-3.422047e-12,-3.422047e+00,1,3422,0,0,1,1,1,0,1,1,1,1
-4.362795e-12,-4.362795e+00,0,3423,1,0,0,1,1,1,0,1,1,1
1.919672e-11,1.919672e+01,1,3428,0,0,0,0,0,1,0,0,1,1
-9.930117e-12,-9.930117e+00,0,3429,1,0,0,0,0,0,1,0,0,1
-3.594926e-12,-3.594926e+00,1,3430,0,1,0,0,0,0,0,1,0,0
-3.775282e-11,-3.775282e+01,0,3433,1,1,1,0,1,0,0,0,0,0
8.086397e-12,8.086397e+00,1,3435,0,0,1,1,1,0,1,0,0,0
2.911145e-12,2.911145e+00,0,3437,1,1,0,0,1,1,1,0,1,0
-1.281924e-12,-1.281924e+00,1,3438,0,1,1,0,0,1,1,1,0,1
-4.261740e-12,-4.261740e+00,0,3443,1,1,1,1,1,0,1,1,0,0
-3.392984e-13,-3.392984e-01,1,3444,0,1,1,1,1,1,0,1,1,0
-1.010934e-11,-1.010934e+01,0,3445,1,0,1,1,1,1,1,0,1,1
4.688982e-11,4.688982e+01,1,3446,0,1,0,1,1,1,1,1,0,1
6.889926e-12,6.889926e+00,0,3447,1,0,1,0,1,1,1,1,1,0
4.415294e-13,4.415294e-01,1,3448,0,1,0,1,0,1,1,1,1,1
-3.261278e-12,-3.261278e+00,0,3449,1,0,1,0,1,0,1,1,1,1
4.409925e-12,4.409925e+00,1,3455,0,0,0,0,0,0,1,0,1,0
-3.558997e-11,-3.558997e+01,0,3456,1,0,0,0,0,0,0,1,0,1
-5.477864e-12,-5.477864e+00,1,3458,0,0,1,0,0,0,0,0,0,1
7.956479e-12,7.956479e+00,0,3459,1,0,0,1,0,0,0,0,0,0
4.957578e-12,4.957578e+00,1,3461,0,0,1,0,0,1,0,0,0,0
-2.416798e-11,-2.416798e+01,0,3463,1,1,0,0,1,0,0,1,0,0
-2.180799e-12,-2.180799e+00,1,3464,0,1,1,0,0,1,0,0,1,0
-8.337493e-12,-8.337493e+00,0,3466,1,1,0,1,1,0,0,1,0,0
2.289044e-12,2.289044e+00,1,3468,0,0,1,1,0,1,1,0,0,1
-8.263678e-12,-8.263678e+00,0,3472,1,1,1,1,0,0,1,1,0,1
-1.114234e-11,-1.114234e+01,1,3475,0,0,0,1,1,1,1,0,0,1
2.317674e-11,2.317674e+01,0,3476,1,0,0,0,1,1,1,1,0,0
-1.404552e-11,-1.404552e+01,1,3477,0,1,0,0,0,1,1,1,1,0
-1.050786e-11,-1.050786e+01,0,3478,1,0,1,0,0,0,1,1,1,1
1.685979e-12,1.685979e+00,1,3479,0,1,0,1,0,0,0,1,1,1
4.748552e-12,4.748552e+00,0,3480,1,0,1,0,1,0,0,0,1,1
-1.099299e-11,-1.099299e+01,1,3481,0,1,0,1,0,1,0,0,0,1
7.463517e-14,7.463517e-02,0,3483,1,1,0,1,0,1,0,1,0,0
1.789117e-12,1.789117e+00,1,3487,0,0,0,0,1,1,0,1,0,1
-5.608461e-12,-5.608461e+00,0,3488,1,0,0,0,0,1,1,0,1,0
-5.400161e-12,-5.400161e+00,1,3490,0,0,1,0,0,0,0,1,1,0
-5.704017e-12,-5.704017e+00,0,3491,1,0,0,1,0,0,0,0,1,1
-6.372270e-12,-6.372270e+00,1,3493,0,0,1,0,0,1,0,0,0,0
-1.064902e-11,-1.064902e+01,0,3496,1,1,1,0,0,1,0,0,1,0
-6.269901e-12,-6.269901e+00,1,3497,0,1,1,1,0,0,1,0,0,1
-3.541497e-12,-3.541497e+00,0,3501,1,1,1,1,0,1,1,1,0,0
-2.644174e-12,-2.644174e+00,1,3503,0,0,1,1,1,1,0,1,1,1
-3.288595e-12,-3.288595e+00,0,3506,1,1,1,0,0,1,1,1,1,0
-2.254034e-12,-2.254034e+00,1,3507,0,1,1,1,0,0,1,1,1,1
-6.830732e-12,-6.830732e+00,0,3508,1,0,1,1,1,0,0,1,1,1
-2.268410e-12,-2.268410e+00,1,3513,0,0,0,0,0,1,0,1,1,1
2.374999e-11,2.374999e+01,0,3516,1,1,1,0,0,0,0,0,1,0
-8.275993e-12,-8.275993e+00,1,3517,0,1,1,1,0,0,0,0,0,1
-5.349022e-12,-5.349022e+00,0,3518,1,0,1,1,1,0,0,0,0,0
-2.497777e-12,-2.497777e+00,1,3520,0,0,1,0,1,1,1,0,0,0
-2.044330e-12,-2.044330e+00,0,3522,1,1,0,0,1,0,1,1,1,0
-2.316358e-11,-2.316358e+01,1,3523,0,1,1,0,0,1,0,1,1,1
-9.498441e-12,-9.498441e+00,0,3526,1,1,1,0,1,1,0,0,1,0
-3.626873e-12,-3.626873e+00,1,3527,0,1,1,1,0,1,1,0,0,1
-1.694367e-12,-1.694367e+00,0,3528,1,0,1,1,1,0,1,1,0,0
7.199326e-11,7.199326e+01,1,3530,0,0,1,0,1,1,1,0,1,1
1.938909e-12,1.938909e+00,0,3533,1,1,1,0,0,1,0,1,1,1
-3.907867e-12,-3.907867e+00,1,3535,0,0,1,1,1,0,0,1,0,1
-7.238453e-12,-7.238453e+00,0,3537,1,1,0,0,1,1,1,0,0,1
-8.556653e-12,-8.556653e+00,1,3539,0,0,1,1,0,0,1,1,1,0
-4.855655e-11,-4.855655e+01,0,3540,1,0,0,1,1,0,0,1,1,1
4.011640e-11,4.011640e+01,1,3541,0,1,0,0,1,1,0,0,1,1
1.165049e-13,1.165049e-01,0,3542,1,0,1,0,0,1,1,0,0,1
-6.884778e-12,-6.884778e+00,1,3543,0,1,0,1,0,0,1,1,0,0
-5.630370e-12,-5.630370e+00,0,3546,1,1,1,0,1,0,1,0,0,1
-5.390687e-12,-5.390687e+00,1,3549,0,0,0,1,1,1,0,1,0,1
1.688810e-14,1.688810e-02,0,3556,1,1,1,1,1,1,1,0,0,0
-3.455773e-12,-3.455773e+00,1,3557,0,1,1,1,1,1,1,1,0,0
-1.039537e-12,-1.039537e+00,0,3558,1,0,1,1,1,1,1,1,1,0
-1.405871e-12,-1.405871e+00,1,3559,0,1,0,1,1,1,1,1,1,1
-1.068795e-12,-1.068795e+00,0,3562,1,1,1,0,1,0,1,1,1,1
-3.002435e-12,-3.002435e+00,1,3563,0,1,1,1,0,1,0,1,1,1
-1.553569e-11,-1.553569e+01,0,3565,1,1,0,1,1,1,0,1,0,1
4.435609e-11,4.435609e+01,1,3566,0,1,1,0,1,1,1,0,1,0
-2.966528e-12,-2.966528e+00,0,3572,1,1,1,1,1,1,0,1,1,0
-6.093371e-12,-6.093371e+00,1,3573,0,1,1,1,1,1,1,0,1,1
-6.512469e-13,-6.512469e-01,0,3574,1,0,1,1,1,1,1,1,0,1
-1.462700e-12,-1.462700e+00,1,3577,0,0,0,1,0,1,1,1,1,1
7.644261e-12,7.644261e+00,0,3578,1,0,0,0,1,0,1,1,1,1
-1.417892e-11,-1.417892e+01,1,3579,0,1,0,0,0,1,0,1,1,1
-2.197386e-11,-2.197386e+01,0,3581,1,1,0,1,0,0,0,1,0,1
5.999513e-12,5.999513e+00,1,3582,0,1,1,0,1,0,0,0,1,0
-9.492063e-12,-9.492063e+00,0,3587,1,1,1,1,1,0,1,1,0,1
6.646679e-12,6.646679e+00,1,3588,0,1,1,1,1,1,0,1,1,0
8.764721e-12,8.764721e+00,0,3589,1,0,1,1,1,1,1,0,1,1
-2.565753e-13,-2.565753e-01,1,3591,0,0,1,0,1,1,1,1,1,0
4.039245e-12,4.039245e+00,0,3595,1,1,1,1,0,0,1,0,1,1
2.862954e-12,2.862954e+00,1,3596,0,1,1,1,1,0,0,1,0,1
-3.345550e-12,-3.345550e+00,0,3598,1,1,0,1,1,1,1,0,0,1
-3.384552e-12,-3.384552e+00,1,3600,0,0,1,1,0,1,1,1,1,0
-1.638167e-12,-1.638167e+00,0,3601,1,0,0,1,1,0,1,1,1,1
-1.069138e-11,-1.069138e+01,1,3602,0,1,0,0,1,1,0,1,1,1
-4.243360e-12,-4.243360e+00,0,3603,1,0,1,0,0,1,1,0,1,1
-4.307895e-12,-4.307895e+00,1,3604,0,1,0,1,0,0,1,1,0,1
-1.875853e-12,-1.875853e+00,0,3606,1,1,0,1,0,1,0,0,1,1
7.750287e-12,7.750287e+00,1,3608,0,0,1,1,0,1,0,1,0,0
6.602856e-12,6.602856e+00,0,3611,1,1,1,0,0,1,1,0,1,0
-2.109844e-12,-2.109844e+00,1,3613,0,0,1,1,1,0,0,1,1,0
-5.667548e-12,-5.667548e+00,0,3614,1,0,0,1,1,1,0,0,1,1
6.753525e-13,6.753525e-01,1,3616,0,0,1,0,0,1,1,1,0,0
-1.276088e-12,-1.276088e+00,0,3619,1,1,1,0,0,1,0,0,1,1
5.878457e-12,5.878457e+00,1,3623,0,0,0,0,1,1,1,0,0,1
-2.670574e-12,-2.670574e+00,0,3627,1,1,1,1,0,0,0,0,1,1
-6.412331e-12,-6.412331e+00,1,3631,0,0,0,0,1,1,1,1,0,0
3.708003e-11,3.708003e+01,0,3633,1,1,0,0,0,0,1,1,1,1
-2.919862e-12,-2.919862e+00,1,3634,0,1,1,0,0,0,0,1,1,1
-3.855671e-12,-3.855671e+00,0,3635,1,0,1,1,0,0,0,0,1,1
-2.110475e-12,-2.110475e+00,1,3636,0,1,0,1,1,0,0,0,0,1
1.530435e-12,1.530435e+00,0,3638,1,1,0,1,0,1,1,0,0,0
9.528984e-12,9.528984e+00,1,3643,0,0,0,0,0,1,1,0,1,0
-4.010353e-11,-4.010353e+01,0,3649,1,1,1,1,1,1,0,0,0,0
-5.644947e-12,-5.644947e+00,1,3655,0,0,0,0,0,0,1,1,1,1
3.840677e-11,3.840677e+01,0,3657,1,1,0,0,0,0,0,0,1,1
-1.593130e-12,-1.593130e+00,1,3658,0,1,1,0,0,0,0,0,0,1
-5.659361e-12,-5.659361e+00,0,3660,1,1,0,1,1,0,0,0,0,0
7.214875e-12,7.214875e+00,1,3667,0,0,0,0,0,0,0,1,1,0
1.919790e-11,1.919790e+01,0,3671,1,1,1,1,0,0,0,0,0,0
-1.641849e-12,-1.641849e+00,1,3679,0,0,0,0,0,0,0,0,1,1
-7.653038e-12,-7.653038e+00,0,3681,1,1,0,0,0,0,0,0,0,0
-4.670811e-12,-4.670811e+00,1,3682,0,1,1,0,0,0,0,0,0,0
-1.093365e-12,-1.093365e+00,0,3683,1,0,1,1,0,0,0,0,0,0
-4.238237e-12,-4.238237e+00,1,3684,0,1,0,1,1,0,0,0,0,0
-7.375675e-12,-7.375675e+00,0,3686,1,1,0,1,0,1,1,0,0,0
-3.648332e-12,-3.648332e+00,1,3687,0,1,1,0,1,0,1,1,0,0
8.422203e-12,8.422203e+00,0,3689,1,1,0,1,1,0,1,0,1,1
-6.814153e-12,-6.814153e+00,1,3690,0,1,1,0,1,1,0,1,0,1
-5.601669e-12,-5.601669e+00,0,3691,1,0,1,1,0,1,1,0,1,0
-1.986220e-12,-1.986220e+00,1,3692,0,1,0,1,1,0,1,1,0,1
-4.426702e-13,-4.426702e-01,0,3693,1,0,1,0,1,1,0,1,1,0
-6.983243e-12,-6.983243e+00,1,3695,0,0,1,0,1,0,1,1,0,1
-1.514036e-12,-1.514036e+00,0,3696,1,0,0,1,0,1,0,1,1,0
-8.260346e-12,-8.260346e+00,1,3697,0,1,0,0,1,0,1,0,1,1
-4.188041e-12,-4.188041e+00,0,3698,1,0,1,0,0,1,0,1,0,1
-4.539359e-12,-4.539359e+00,1,3701,0,0,0,1,0,1,0,0,1,0
-6.206235e-12,-6.206235e+00,0,3702,1,0,0,0,1,0,1,0,0,1
-8.595205e-12,-8.595205e+00,1,3704,0,0,1,0,0,0,1,0,1,0
1.178540e-12,1.178540e+00,0,3705,1,0,0,1,0,0,0,1,0,1
-3.028862e-12,-3.028862e+00,1,3706,0,1,0,0,1,0,0,0,1,0
-9.659771e-12,-9.659771e+00,0,3707,1,0,1,0,0,1,0,0,0,1
-6.620941e-12,-6.620941e+00,1,3709,0,0,1,0,1,0,0,1,0,0
-1.874013e-12,-1.874013e+00,0,3710,1,0,0,1,0,1,0,0,1,0
1.082737e-11,1.082737e+01,1,3711,0,1,0,0,1,0,1,0,0,1
-6.603633e-12,-6.603633e+00,0,3715,1,1,1,1,0,1,0,0,1,0
1.318266e-12,1.318266e+00,1,3717,0,0,1,1,1,1,0,1,0,0
-8.030607e-12,-8.030607e+00,0,3718,1,0,0,1,1,1,1,0,1,0
-2.717290e-12,-2.717290e+00,1,3721,0,0,0,1,0,0,1,1,1,1
-4.276536e-12,-4.276536e+00,0,3722,1,0,0,0,1,0,0,1,1,1
-8.714742e-12,-8.714742e+00,1,3727,0,0,0,0,0,1,0,0,0,1
-2.640805e-12,-2.640805e+00,0,3731,1,1,1,1,0,0,0,0,0,1
3.388532e-12,3.388532e+00,1,3732,0,1,1,1,1,0,0,0,0,0
7.054296e-12,7.054296e+00,0,3733,1,0,1,1,1,1,0,0,0,0
3.659276e-12,3.659276e+00,1,3739,0,0,0,0,0,0,1,0,1,1
6.908143e-13,6.908143e-01,0,3741,1,1,0,0,0,0,0,0,1,0
-1.527057e-11,-1.527057e+01,1,3742,0,1,1,0,0,0,0,0,0,1
1.862414e-11,1.862414e+01,0,3743,1,0,1,1,0,0,0,0,0,0
3.073433e-11,3.073433e+01,1,3745,0,0,1,0,1,1,0,0,0,0
-2.540218e-12,-2.540218e+00,0,3747,1,1,0,0,1,0,1,1,0,0
8.300459e-12,8.300459e+00,1,3748,0,1,1,0,0,1,0,1,1,0
-1.816099e-12,-1.816099e+00,0,3750,1,1,0,1,1,0,0,1,0,1
-6.346264e-12,-6.346264e+00,1,3753,0,0,0,1,1,0,1,1,0,0
-4.634616e-11,-4.634616e+01,0,3754,1,0,0,0,1,1,0,1,1,0
-2.538692e-12,-2.538692e+00,1,3757,0,0,0,1,0,0,0,1,1,0
-1.026851e-11,-1.026851e+01,0,3761,1,1,1,1,0,0,0,1,0,0
4.543942e-12,4.543942e+00,1,3765,0,0,0,0,1,1,1,1,0,0
-8.615812e-13,-8.615812e-01,0,3766,1,0,0,0,0,1,1,1,1,0
-1.063754e-11,-1.063754e+01,1,3767,0,1,0,0,0,0,1,1,1,1
5.137825e-11,5.137825e+01,0,3770,1,1,1,0,1,0,0,0,0,1
1.137836e-11,1.137836e+01,1,3771,0,1,1,1,0,1,0,0,0,0
-5.404471e-13,-5.404471e-01,0,3774,1,1,1,0,1,1,1,0,1,0
-1.159120e-11,-1.159120e+01,1,3775,0,1,1,1,0,1,1,1,0,1
3.811065e-11,3.811065e+01,0,3780,1,1,1,1,1,0,1,1,1,0
-1.889249e-12,-1.889249e+00,1,3781,0,1,1,1,1,1,0,1,1,1
-5.192677e-12,-5.192677e+00,0,3782,1,0,1,1,1,1,1,0,1,1
7.348905e-12,7.348905e+00,1,3786,0,0,0,0,1,0,1,1,1,1
2.702525e-12,2.702525e+00,0,3787,1,0,0,0,0,1,0,1,1,1
3.796759e-11,3.796759e+01,1,3788,0,1,0,0,0,0,1,0,1,1
3.471964e-11,3.471964e+01,0,3790,1,1,0,1,0,0,0,0,1,0
-5.280256e-12,-5.280256e+00,1,3791,0,1,1,0,1,0,0,0,0,1
-2.234128e-12,-2.234128e+00,0,3792,1,0,1,1,0,1,0,0,0,0
-5.219390e-12,-5.219390e+00,1,3794,0,0,1,0,1,1,0,1,0,0
-5.135157e-12,-5.135157e+00,0,3796,1,1,0,0,1,0,1,1,0,1
-4.342440e-12,-4.342440e+00,1,3797,0,1,1,0,0,1,0,1,1,0
7.385097e-12,7.385097e+00,0,3798,1,0,1,1,0,0,1,0,1,1
3.244645e-12,3.244645e+00,1,3800,0,0,1,0,1,1,0,0,1,0
6.595925e-12,6.595925e+00,0,3805,1,1,1,1,1,0,0,1,0,1
1.219548e-12,1.219548e+00,1,3808,0,0,0,1,1,1,1,1,0,0
-7.981752e-12,-7.981752e+00,0,3809,1,0,0,0,1,1,1,1,1,0
5.860327e-12,5.860327e+00,1,3812,0,0,0,1,0,0,0,1,1,1
-4.875783e-11,-4.875783e+01,0,3814,1,1,0,0,0,1,0,0,0,1
4.587642e-11,4.587642e+01,1,3815,0,1,1,0,0,0,1,0,0,0
1.591080e-12,1.591080e+00,0,3818,1,1,1,0,1,1,0,0,0,1
-1.227899e-11,-1.227899e+01,1,3819,0,1,1,1,0,1,1,0,0,0
-1.119100e-11,-1.119100e+01,0,3820,1,0,1,1,1,0,1,1,0,0
-8.976880e-12,-8.976880e+00,1,3824,0,0,0,0,1,0,1,1,1,0
-4.159872e-12,-4.159872e+00,0,3828,1,1,1,1,0,0,0,0,1,0
-3.317082e-12,-3.317082e+00,1,3829,0,1,1,1,1,0,0,0,0,1
-7.253666e-13,-7.253666e-01,0,3830,1,0,1,1,1,1,0,0,0,0
6.863777e-12,6.863777e+00,1,3832,0,0,1,0,1,1,1,1,0,0
1.943927e-12,1.943927e+00,0,3834,1,1,0,0,1,0,1,1,1,1
2.665455e-12,2.665455e+00,1,3835,0,1,1,0,0,1,0,1,1,1
5.756664e-12,5.756664e+00,0,3836,1,0,1,1,0,0,1,0,1,1
-1.018379e-11,-1.018379e+01,1,3837,0,1,0,1,1,0,0,1,0,1
5.459378e-14,5.459378e-02,0,3839,1,1,0,1,0,1,1,0,0,1
4.445382e-12,4.445382e+00,1,3841,0,0,1,1,0,1,0,1,1,0
2.685247e-12,2.685247e+00,0,3842,1,0,0,1,1,0,1,0,1,1
-9.794827e-12,-9.794827e+00,1,3843,0,1,0,0,1,1,0,1,0,1
-4.108157e-12,-4.108157e+00,0,3844,1,0,1,0,0,1,1,0,1,0
-2.654743e-12,-2.654743e+00,1,3845,0,1,0,1,0,0,1,1,0,1
1.464065e-11,1.464065e+01,0,3846,1,0,1,0,1,0,0,1,1,0
-6.535925e-11,-6.535925e+01,1,3848,0,0,1,0,1,0,1,0,0,1
3.524073e-11,3.524073e+01,0,3849,1,0,0,1,0,1,0,1,0,0
-4.759171e-12,-4.759171e+00,1,3850,0,1,0,0,1,0,1,0,1,0
-8.685057e-12,-8.685057e+00,0,3851,1,0,1,0,0,1,0,1,0,1
3.860511e-12,3.860511e+00,1,3852,0,1,0,1,0,0,1,0,1,0
-1.879628e-11,-1.879628e+01,0,3853,1,0,1,0,1,0,0,1,0,1
3.361462e-11,3.361462e+01,1,3855,0,0,1,0,1,0,1,0,0,1
-6.385273e-12,-6.385273e+00,0,3856,1,0,0,1,0,1,0,1,0,0
-3.918215e-12,-3.918215e+00,1,3858,0,0,1,0,0,1,0,1,0,1
-7.780073e-12,-7.780073e+00,0,3866,1,1,1,1,1,1,1,1,0,0
3.511990e-11,3.511990e+01,1,3868,0,0,1,1,1,1,1,1,1,1
2.932401e-12,2.932401e+00,0,3871,1,1,1,0,0,1,1,1,1,1
-7.819510e-12,-7.819510e+00,1,3872,0,1,1,1,0,0,1,1,1,1
-1.683724e-12,-1.683724e+00,0,3874,1,1,0,1,1,1,0,0,1,1
-5.065229e-12,-5.065229e+00,1,3875,0,1,1,0,1,1,1,0,0,1
4.198520e-12,4.198520e+00,0,3877,1,1,0,1,1,0,1,1,1,0
-3.241572e-12,-3.241572e+00,1,3880,0,0,0,1,1,0,1,1,0,1
-3.842408e-12,-3.842408e+00,0,3882,1,1,0,0,0,1,1,0,1,1
-4.576330e-12,-4.576330e+00,1,3884,0,0,1,1,0,0,0,1,1,0
-5.909396e-12,-5.909396e+00,0,3888,1,1,1,1,0,0,1,1,0,0
4.514982e-11,4.514982e+01,1,3892,0,0,0,0,1,1,1,1,0,0
-4.482348e-12,-4.482348e+00,0,3895,1,1,1,0,0,0,0,1,1,1
-5.854300e-12,-5.854300e+00,1,3900,0,0,0,0,0,1,1,1,0,0
-7.735765e-12,-7.735765e+00,0,3902,1,1,0,0,0,0,0,1,1,1
-6.147408e-12,-6.147408e+00,1,3903,0,1,1,0,0,0,0,0,1,1
1.715592e-11,1.715592e+01,0,3904,1,0,1,1,0,0,0,0,0,1
-4.388050e-13,-4.388050e-01,1,3905,0,1,0,1,1,0,0,0,0,0
-7.168332e-12,-7.168332e+00,0,3908,1,1,1,0,1,0,1,1,0,0
-8.853982e-13,-8.853982e-01,1,3909,0,1,1,1,0,1,0,1,1,0
-1.354371e-12,-1.354371e+00,0,3911,1,1,0,1,1,1,0,1,0,1
-2.446939e-12,-2.446939e+00,1,3914,0,0,0,1,1,0,1,1,1,0
-2.124593e-13,-2.124593e-01,0,3915,1,0,0,0,1,1,0,1,1,1
1.705671e-11,1.705671e+01,1,3917,0,0,1,0,0,0,1,1,0,1
-4.104480e-12,-4.104480e+00,0,3919,1,1,0,0,1,0,0,0,1,1
-7.510231e-12,-7.510231e+00,1,3921,0,0,1,1,0,0,1,0,0,0
-1.332217e-11,-1.332217e+01,0,3924,1,1,1,0,0,1,1,0,0,1
2.084669e-11,2.084669e+01,1,3925,0,1,1,1,0,0,1,1,0,0
-3.858586e-13,-3.858586e-01,0,3926,1,0,1,1,1,0,0,1,1,0
-9.187361e-12,-9.187361e+00,1,3929,0,0,0,1,0,1,1,1,0,0
1.326516e-11,1.326516e+01,0,3932,1,1,1,0,0,0,1,0,1,1
1.811220e-12,1.811220e+00,1,3936,0,0,0,0,1,1,1,0,0,0
-1.118317e-11,-1.118317e+01,0,3937,1,0,0,0,0,1,1,1,0,0
2.763833e-11,2.763833e+01,1,3941,0,0,0,0,1,0,0,0,0,1
4.221224e-11,4.221224e+01,0,3943,1,1,0,0,0,0,1,0,0,0
-6.454526e-13,-6.454526e-01,1,3948,0,0,0,0,0,1,1,0,0,0
-6.099872e-12,-6.099872e+00,0,3949,1,0,0,0,0,0,1,1,0,0
2.213799e-11,2.213799e+01,1,3950,0,1,0,0,0,0,0,1,1,0
3.300594e-12,3.300594e+00,0,3952,1,1,0,1,0,0,0,0,0,1
-1.740710e-12,-1.740710e+00,1,3955,0,0,0,1,1,0,1,0,0,0
-1.065996e-11,-1.065996e+01,0,3957,1,1,0,0,0,1,1,0,1,0
3.212780e-11,3.212780e+01,1,3958,0,1,1,0,0,0,1,1,0,1
-1.049008e-12,-1.049008e+00,0,3963,1,1,1,1,1,0,1,1,0,0
-2.272126e-11,-2.272126e+01,1,3967,0,0,0,0,1,1,1,1,1,0
-4.093357e-11,-4.093357e+01,0,3971,1,1,1,1,0,0,0,0,1,1
4.052876e-11,4.052876e+01,1,3972,0,1,1,1,1,0,0,0,0,1
-9.137569e-12,-9.137569e+00,0,3974,1,1,0,1,1,1,1,0,0,0
-8.487557e-12,-8.487557e+00,1,3979,0,0,0,0,0,1,1,0,1,1
-8.756690e-12,-8.756690e+00,0,3981,1,1,0,0,0,0,0,1,1,0
-3.409481e-12,-3.409481e+00,1,3982,0,1,1,0,0,0,0,0,1,1
-4.674742e-12,-4.674742e+00,0,3983,1,0,1,1,0,0,0,0,0,1
-5.226950e-12,-5.226950e+00,1,3986,0,0,0,1,0,1,1,0,0,0
3.354340e-13,3.354340e-01,0,3988,1,1,0,0,0,1,0,1,1,0
-4.923358e-12,-4.923358e+00,1,3989,0,1,1,0,0,0,1,0,1,1
-1.027236e-11,-1.027236e+01,0,3992,1,1,1,0,1,1,0,0,0,1
-5.394410e-12,-5.394410e+00,1,3994,0,0,1,1,1,0,1,1,0,0
-9.758376e-12,-9.758376e+00,0,3995,1,0,0,1,1,1,0,1,1,0
-3.233024e-12,-3.233024e+00,1,3996,0,1,0,0,1,1,1,0,1,1
-9.687508e-12,-9.687508e+00,0,3999,1,1,1,0,1,0,0,1,1,1
-4.600195e-12,-4.600195e+00,1,4001,0,0,1,1,1,0,1,0,0,1
-5.117627e-12,-5.117627e+00,0,4003,1,1,0,0,1,1,1,0,1,0
5.939482e-13,5.939482e-01,1,4006,0,0,0,1,1,0,0,1,1,1
1.106856e-11,1.106856e+01,0,4007,1,0,0,0,1,1,0,0,1,1
2.898958e-12,2.898958e+00,1,4011,0,0,0,0,1,0,0,0,1,1
-6.153497e-12,-6.153497e+00,0,4014,1,1,1,0,0,0,0,1,0,0
-2.000437e-12,-2.000437e+00,1,4018,0,0,0,0,1,1,1,0,0,0
-4.732135e-12,-4.732135e+00,0,4019,1,0,0,0,0,1,1,1,0,0
-2.365243e-12,-2.365243e+00,1,4020,0,1,0,0,0,0,1,1,1,0
-4.340332e-12,-4.340332e+00,0,4022,1,1,0,1,0,0,0,0,1,1
6.186243e-12,6.186243e+00,1,4026,0,0,0,0,1,1,0,1,0,0
4.792586e-11,4.792586e+01,0,4028,1,1,0,0,0,0,1,1,0,1
7.925968e-12,7.925968e+00,1,4029,0,1,1,0,0,0,0,1,1,0
-6.172272e-12,-6.172272e+00,0,4030,1,0,1,1,0,0,0,0,1,1
-9.649011e-12,-9.649011e+00,1,4032,0,0,1,0,1,1,0,0,0,0
7.418450e-13,7.418450e-01,0,4035,1,1,1,0,0,1,0,1,1,0
-5.840821e-12,-5.840821e+00,1,4036,0,1,1,1,0,0,1,0,1,1
-2.232581e-12,-2.232581e+00,0,4039,1,1,1,0,1,1,1,0,0,1
4.939807e-12,4.939807e+00,1,4041,0,0,1,1,1,0,1,1,1,0
-6.998784e-12,-6.998784e+00,0,4042,1,0,0,1,1,1,0,1,1,1
-5.882660e-12,-5.882660e+00,1,4043,0,1,0,0,1,1,1,0,1,1
-6.251967e-12,-6.251967e+00,0,4044,1,0,1,0,0,1,1,1,0,1
3.480843e-11,3.480843e+01,1,4045,0,1,0,1,0,0,1,1,1,0
-4.962667e-12,-4.962667e+00,0,4049,1,1,1,1,0,1,0,1,0,0
-4.496256e-11,-4.496256e+01,1,4050,0,1,1,1,1,0,1,0,1,0
3.734516e-11,3.734516e+01,0,4051,1,0,1,1,1,1,0,1,0,1
-2.654740e-12,-2.654740e+00,1,4052,0,1,0,1,1,1,1,0,1,0
-3.822413e-12,-3.822413e+00,0,4053,1,0,1,0,1,1,1,1,0,1
3.719082e-11,3.719082e+01,1,4055,0,0,1,0,1,0,1,1,1,1
-2.809079e-12,-2.809079e+00,0,4056,1,0,0,1,0,1,0,1,1,1
-2.847141e-12,-2.847141e+00,1,4061,0,0,0,0,0,1,0,0,1,0
-6.178966e-12,-6.178966e+00,0,4062,1,0,0,0,0,0,1,0,0,1
1.259805e-11,1.259805e+01,1,4064,0,0,1,0,0,0,0,0,1,0
-7.253607e-12,-7.253607e+00,0,4065,1,0,0,1,0,0,0,0,0,1
-2.773786e-12,-2.773786e+00,1,4066,0,1,0,0,1,0,0,0,0,0
-4.662770e-12,-4.662770e+00,0,4067,1,0,1,0,0,1,0,0,0,0
5.416562e-12,5.416562e+00,1,4073,0,0,0,0,0,0,1,0,1,0
1.130451e-11,1.130451e+01,0,4074,1,0,0,0,0,0,0,1,0,1
-4.969099e-12,-4.969099e+00,1,4075,0,1,0,0,0,0,0,0,1,0
-3.779534e-12,-3.779534e+00,0,4076,1,0,1,0,0,0,0,0,0,1
-7.698939e-12,-7.698939e+00,1,4078,0,0,1,0,1,0,0,0,0,0
5.508705e-12,5.508705e+00,0,4079,1,0,0,1,0,1,0,0,0,0
-4.096135e-12,-4.096135e+00,1,4080,0,1,0,0,1,0,1,0,0,0
7.239824e-12,7.239824e+00,0,4082,1,1,0,1,0,0,1,0,1,0
-6.099076e-12,-6.099076e+00,1,4083,0,1,1,0,1,0,0,1,0,1
9.497733e-12,9.497733e+00,0,4089,1,1,1,1,1,1,0,1,1,0
-5.379912e-12,-5.379912e+00,1,4091,0,0,1,1,1,1,1,1,0,1
2.747605e-12,2.747605e+00,0,4092,1,0,0,1,1,1,1,1,1,0
-4.089269e-12,-4.089269e+00,1,4093,0,1,0,0,1,1,1,1,1,1
-1.521710e-12,-1.521710e+00,0,4094,1,0,1,0,0,1,1,1,1,1
-7.965073e-12,-7.965073e+00,1,4101,0,0,0,0,0,0,0,1,0,1
-3.510854e-12,-3.510854e+00,0,4107,1,1,1,1,1,1,0,0,0,0
7.309180e-12,7.309180e+00,1,4108,0,1,1,1,1,1,1,0,0,0
-4.645326e-12,-4.645326e+00,0,4110,1,1,0,1,1,1,1,1,1,0
1.710434e-12,1.710434e+00,1,4111,0,1,1,0,1,1,1,1,1,1
-6.994686e-12,-6.994686e+00,0,4114,1,1,1,0,1,1,0,1,1,1
-5.773019e-12,-5.773019e+00,1,4115,0,1,1,1,0,1,1,0,1,1
-1.141821e-11,-1.141821e+01,0,4117,1,1,0,1,1,1,0,1,1,0
-2.370582e-12,-2.370582e+00,1,4118,0,1,1,0,1,1,1,0,1,1
-4.904457e-12,-4.904457e+00,0,4119,1,0,1,1,0,1,1,1,0,1
-6.103635e-12,-6.103635e+00,1,4122,0,0,0,1,0,1,1,0,1,1
1.168283e-11,1.168283e+01,0,4123,1,0,0,0,1,0,1,1,0,1
8.926794e-12,8.926794e+00,1,4124,0,1,0,0,0,1,0,1,1,0
-2.889438e-12,-2.889438e+00,0,4128,1,1,1,1,0,1,0,0,0,1
-1.057235e-11,-1.057235e+01,1,4130,0,0,1,1,1,1,0,1,0,0
-3.723265e-12,-3.723265e+00,0,4131,1,0,0,1,1,1,1,0,1,0
-3.204752e-12,-3.204752e+00,1,4132,0,1,0,0,1,1,1,1,0,1
-9.546236e-12,-9.546236e+00,0,4137,1,1,1,1,1,0,1,0,0,1
-2.569073e-12,-2.569073e+00,1,4138,0,1,1,1,1,1,0,1,0,0
-8.676307e-12,-8.676307e+00,0,4141,1,1,1,0,1,1,1,1,1,0
-7.199722e-12,-7.199722e+00,1,4143,0,0,1,1,1,0,1,1,1,1
-1.806658e-12,-1.806658e+00,0,4144,1,0,0,1,1,1,0,1,1,1
-1.671401e-11,-1.671401e+01,1,4145,0,1,0,0,1,1,1,0,1,1
9.260536e-11,9.260536e+01,0,4147,1,1,0,1,0,0,1,1,1,0
5.260547e-11,5.260547e+01,1,4148,0,1,1,0,1,0,0,1,1,1
1.260557e-11,1.260557e+01,0,4149,1,0,1,1,0,1,0,0,1,1
4.618926e-12,4.618926e+00,1,4153,0,0,0,0,1,0,1,1,0,1
4.138863e-12,4.138863e+00,0,4158,1,1,1,1,1,0,0,0,0,1
-7.371843e-12,-7.371843e+00,1,4160,0,0,1,1,1,1,1,0,0,0
2.643852e-11,2.643852e+01,0,4161,1,0,0,1,1,1,1,1,0,0
4.877903e-12,4.877903e+00,1,4162,0,1,0,0,1,1,1,1,1,0
2.959716e-12,2.959716e+00,0,4164,1,1,0,1,0,0,1,1,1,1
-5.513483e-12,-5.513483e+00,1,4170,0,0,0,0,0,0,1,1,0,1
-4.903192e-12,-4.903192e+00,0,4175,1,1,1,1,1,0,0,0,0,0
-3.657215e-12,-3.657215e+00,1,4182,0,0,0,0,0,0,0,1,1,1
-2.473742e-12,-2.473742e+00,0,4184,1,1,0,0,0,0,0,0,0,1
-8.068994e-12,-8.068994e+00,1,4185,0,1,1,0,0,0,0,0,0,0
-1.718861e-11,-1.718861e+01,0,4188,1,1,1,0,1,1,0,0,0,0
-5.718850e-11,-5.718850e+01,1,4189,0,1,1,1,0,1,1,0,0,0
2.106929e-11,2.106929e+01,0,4191,1,1,0,1,1,1,0,1,1,0
2.867962e-12,2.867962e+00,1,4192,0,1,1,0,1,1,1,0,1,1
-7.247432e-12,-7.247432e+00,0,4195,1,1,1,0,1,1,0,1,1,1
-3.926044e-11,-3.926044e+01,1,4197,0,0,1,1,1,0,1,1,0,1
2.476153e-11,2.476153e+01,0,4199,1,1,0,0,1,1,1,0,1,1
4.242926e-11,4.242926e+01,1,4201,0,0,1,1,0,0,1,1,1,0
1.625170e-11,1.625170e+01,0,4205,1,1,1,1,0,0,1,1,0,0
-1.156433e-11,-1.156433e+01,1,4206,0,1,1,1,1,0,0,1,1,0
-4.181797e-12,-4.181797e+00,0,4207,1,0,1,1,1,1,0,0,1,1
-4.109546e-12,-4.109546e+00,1,4208,0,1,0,1,1,1,1,0,0,1
-1.675660e-12,-1.675660e+00,0,4209,1,0,1,0,1,1,1,1,0,0
1.100175e-11,1.100175e+01,1,4210,0,1,0,1,0,1,1,1,1,0
-6.422709e-12,-6.422709e+00,0,4211,1,0,1,0,1,0,1,1,1,1
-7.008885e-12,-7.008885e+00,1,4212,0,1,0,1,0,1,0,1,1,1
6.718953e-12,6.718953e+00,0,4213,1,0,1,0,1,0,1,0,1,1
6.746180e-12,6.746180e+00,1,4214,0,1,0,1,0,1,0,1,0,1
5.054033e-12,5.054033e+00,0,4216,1,1,0,1,0,1,0,1,0,1
2.162652e-11,2.162652e+01,1,4218,0,0,1,1,0,1,0,1,0,1
7.979375e-12,7.979375e+00,0,4219,1,0,0,1,1,0,1,0,1,0
4.023461e-12,4.023461e+00,1,4221,0,0,1,0,0,1,1,0,1,0
-2.637090e-11,-2.637090e+01,0,4222,1,0,0,1,0,0,1,1,0,1
-2.864939e-12,-2.864939e+00,1,4224,0,0,1,0,0,1,0,0,1,1
-6.898509e-12,-6.898509e+00,0,4225,1,0,0,1,0,0,1,0,0,1
-6.465552e-12,-6.465552e+00,1,4228,0,0,0,1,0,0,1,0,0,1
2.171351e-11,2.171351e+01,0,4232,1,1,1,1,0,0,0,1,0,0
2.102773e-11,2.102773e+01,1,4234,0,0,1,1,1,1,0,0,0,1
3.063474e-11,3.063474e+01,0,4238,1,1,1,1,0,0,1,1,1,1
-9.365157e-12,-9.365157e+00,1,4239,0,1,1,1,1,0,0,1,1,1
1.150593e-12,1.150593e+00,0,4240,1,0,1,1,1,1,0,0,1,1
3.235841e-12,3.235841e+00,1,4241,0,1,0,1,1,1,1,0,0,1
3.083332e-11,3.083332e+01,0,4243,1,1,0,1,0,1,1,1,1,0
1.995966e-12,1.995966e+00,1,4246,0,0,0,1,1,0,1,0,1,1
3.515369e-12,3.515369e+00,0,4248,1,1,0,0,0,1,1,0,1,0
-5.946531e-12,-5.946531e+00,1,4249,0,1,1,0,0,0,1,1,0,1
-3.260947e-12,-3.260947e+00,0,4250,1,0,1,1,0,0,0,1,1,0
-4.240427e-12,-4.240427e+00,1,4252,0,0,1,0,1,1,0,0,0,1
-5.557801e-12,-5.557801e+00,0,4253,1,0,0,1,0,1,1,0,0,0
-4.717972e-12,-4.717972e+00,1,4254,0,1,0,0,1,0,1,1,0,0
2.179031e-11,2.179031e+01,0,4255,1,0,1,0,0,1,0,1,1,0
-1.064158e-11,-1.064158e+01,1,4256,0,1,0,1,0,0,1,0,1,1
-1.955828e-12,-1.955828e+00,0,4259,1,1,1,0,1,0,1,0,0,1
1.741768e-12,1.741768e+00,1,4261,0,0,1,1,1,0,1,0,1,0
-1.639913e-11,-1.639913e+01,0,4262,1,0,0,1,1,1,0,1,0,1
2.298343e-13,2.298343e-01,1,4263,0,1,0,0,1,1,1,0,1,0
3.473667e-13,3.473667e-01,0,4264,1,0,1,0,0,1,1,1,0,1
-4.927873e-12,-4.927873e+00,1,4266,0,0,1,0,1,0,0,1,1,1
-3.404845e-12,-3.404845e+00,0,4267,1,0,0,1,0,1,0,0,1,1
-8.365577e-12,-8.365577e+00,1,4271,0,0,0,0,1,0,0,1,0,1
-1.451969e-12,-1.451969e+00,0,4277,1,1,1,1,1,1,0,0,0,0
1.859031e-11,1.859031e+01,1,4279,0,0,1,1,1,1,1,1,0,0
-3.990365e-12,-3.990365e+00,0,4281,1,1,0,0,1,1,1,1,1,1
-2.802029e-12,-2.802029e+00,1,4282,0,1,1,0,0,1,1,1,1,1
-8.147777e-12,-8.147777e+00,0,4283,1,0,1,1,0,0,1,1,1,1
3.495046e-12,3.495046e+00,1,4284,0,1,0,1,1,0,0,1,1,1
-3.089075e-11,-3.089075e+01,0,4286,1,1,0,1,0,1,1,0,0,1
-6.001811e-12,-6.001811e+00,1,4287,0,1,1,0,1,0,1,1,0,0
-1.026870e-11,-1.026870e+01,0,4290,1,1,1,0,1,1,0,1,0,1
1.625564e-12,1.625564e+00,1,4293,0,0,0,1,1,1,0,1,1,0
-6.016194e-12,-6.016194e+00,0,4294,1,0,0,0,1,1,1,0,1,1
2.245711e-12,2.245711e+00,1,4296,0,0,1,0,0,0,1,1,1,0
1.612765e-11,1.612765e+01,0,4300,1,1,1,1,0,0,1,0,0,0
3.350016e-13,3.350016e-01,1,4301,0,1,1,1,1,0,0,1,0,0
3.567272e-11,3.567272e+01,0,4302,1,0,1,1,1,1,0,0,1,0
-4.327177e-12,-4.327177e+00,1,4303,0,1,0,1,1,1,1,0,0,1
-5.633655e-12,-5.633655e+00,0,4307,1,1,1,1,0,1,0,1,1,1
-5.737532e-13,-5.737532e-01,1,4312,0,0,0,0,0,1,1,1,1,0
-7.006349e-12,-7.006349e+00,0,4313,1,0,0,0,0,0,1,1,1,1
1.061841e-11,1.061841e+01,1,4315,0,0,1,0,0,0,0,0,1,1
-9.396455e-13,-9.396455e-01,0,4317,1,1,0,0,1,0,0,0,0,0
-1.256898e-12,-1.256898e+00,1,4318,0,1,1,0,0,1,0,0,0,0
-2.299198e-11,-2.299198e+01,0,4319,1,0,1,1,0,0,1,0,0,0
2.338068e-11,2.338068e+01,1,4320,0,1,0,1,1,0,0,1,0,0
7.724903e-13,7.724903e-01,0,4322,1,1,0,1,0,1,1,0,0,1
-1.503530e-11,-1.503530e+01,1,4323,0,1,1,0,1,0,1,1,0,0
-2.221339e-12,-2.221339e+00,0,4324,1,0,1,1,0,1,0,1,1,0
-1.341246e-12,-1.341246e+00,1,4327,0,0,0,1,0,1,1,0,1,0
3.704783e-11,3.704783e+01,0,4333,1,1,1,1,1,1,0,0,0,1
-7.121701e-13,-7.121701e-01,1,4335,0,0,1,1,1,1,1,1,0,0
-9.969055e-12,-9.969055e+00,0,4336,1,0,0,1,1,1,1,1,1,0
2.488052e-12,2.488052e+00,1,4337,0,1,0,0,1,1,1,1,1,1
2.849106e-12,2.849106e+00,0,4340,1,1,1,0,1,0,0,1,1,1
-8.384440e-12,-8.384440e+00,1,4341,0,1,1,1,0,1,0,0,1,1
2.888974e-12,2.888974e+00,0,4343,1,1,0,1,1,1,0,1,0,0
-2.315619e-12,-2.315619e+00,1,4344,0,1,1,0,1,1,1,0,1,0
-2.375590e-12,-2.375590e+00,0,4345,1,0,1,1,0,1,1,1,0,1
-4.425310e-12,-4.425310e+00,1,4346,0,1,0,1,1,0,1,1,1,0
-3.126869e-12,-3.126869e+00,0,4347,1,0,1,0,1,1,0,1,1,1
-4.274111e-12,-4.274111e+00,1,4349,0,0,1,0,1,0,1,1,0,1
-5.397215e-12,-5.397215e+00,0,4351,1,1,0,0,1,0,1,0,1,1
1.715843e-11,1.715843e+01,1,4353,0,0,1,1,0,0,1,0,1,0
4.321559e-11,4.321559e+01,0,4360,1,1,1,1,1,1,1,0,0,1
8.453112e-13,8.453112e-01,1,4363,0,0,0,1,1,1,1,1,1,1
2.423448e-11,2.423448e+01,0,4366,1,1,1,0,0,0,1,1,1,1
8.248780e-13,8.248780e-01,1,4367,0,1,1,1,0,0,0,1,1,1
7.688364e-12,7.688364e+00,0,4369,1,1,0,1,1,1,0,0,0,1
-1.051740e-13,-1.051740e-01,1,4370,0,1,1,0,1,1,1,0,0,0
-2.092399e-12,-2.092399e+00,0,4373,1,1,1,0,1,1,0,1,1,1
-4.576055e-12,-4.576055e+00,1,4374,0,1,1,1,0,1,1,0,1,1
-8.125006e-12,-8.125006e+00,0,4375,1,0,1,1,1,0,1,1,0,1
-3.403178e-12,-3.403178e+00,1,4376,0,1,0,1,1,1,0,1,1,0
-6.400327e-13,-6.400327e-01,0,4380,1,1,1,1,0,1,0,1,1,1
3.111868e-11,3.111868e+01,1,4382,0,0,1,1,1,1,0,1,0,1
3.345100e-11,3.345100e+01,0,4384,1,1,0,0,1,1,1,1,0,1
2.264708e-11,2.264708e+01,1,4386,0,0,1,1,0,0,1,1,1,1
6.075714e-12,6.075714e+00,0,4387,1,0,0,1,1,0,0,1,1,1
-1.024834e-11,-1.024834e+01,1,4392,0,0,0,0,0,1,0,0,1,1
3.995944e-12,3.995944e+00,0,4395,1,1,1,0,0,0,0,0,1,0
-6.332364e-12,-6.332364e+00,1,4398,0,0,0,1,1,1,0,0,0,0
2.148739e-11,2.148739e+01,0,4399,1,0,0,0,1,1,1,0,0,0
-1.368773e-11,-1.368773e+01,1,4400,0,1,0,0,0,1,1,1,0,0
3.348949e-12,3.348949e+00,0,4402,1,1,0,1,0,0,0,1,1,1
-4.132562e-13,-4.132562e-01,1,4403,0,1,1,0,1,0,0,0,1,1
8.312783e-12,8.312783e+00,0,4404,1,0,1,1,0,1,0,0,0,1
-2.716180e-12,-2.716180e+00,1,4405,0,1,0,1,1,0,1,0,0,0
-7.636391e-12,-7.636391e+00,0,4408,1,1,1,0,1,0,1,1,0,1
-4.414018e-12,-4.414018e+00,1,4409,0,1,1,1,0,1,0,1,1,0
6.921657e-12,6.921657e+00,0,4410,1,0,1,1,1,0,1,0,1,1
-3.343086e-13,-3.343086e-01,1,4412,0,0,1,0,1,1,1,0,1,0
-6.152954e-12,-6.152954e+00,0,4418,1,1,1,1,1,1,0,0,1,0
8.771245e-12,8.771245e+00,1,4419,0,1,1,1,1,1,1,0,0,1
-9.009796e-12,-9.009796e+00,0,4420,1,0,1,1,1,1,1,1,0,0
-4.780984e-12,-4.780984e+00,1,4422,0,0,1,0,1,1,1,1,1,1
-3.598249e-12,-3.598249e+00,0,4425,1,1,1,0,0,1,0,1,1,1
4.109879e-11,4.109879e+01,1,4426,0,1,1,1,0,0,1,0,1,1
-1.945210e-11,-1.945210e+01,0,4428,1,1,0,1,1,1,0,0,1,0
6.581517e-12,6.581517e+00,1,4429,0,1,1,0,1,1,1,0,0,1
-1.108943e-11,-1.108943e+01,0,4430,1,0,1,1,0,1,1,1,0,0
-2.744544e-12,-2.744544e+00,1,4432,0,0,1,0,1,1,0,1,1,1
3.007503e-12,3.007503e+00,0,4435,1,1,1,0,0,1,0,1,1,0
8.925854e-12,8.925854e+00,1,4436,0,1,1,1,0,0,1,0,1,1
-3.148924e-12,-3.148924e+00,0,4437,1,0,1,1,1,0,0,1,0,1
-9.877035e-12,-9.877035e+00,1,4440,0,0,0,1,0,1,1,1,0,0
-5.011320e-12,-5.011320e+00,0,4441,1,0,0,0,1,0,1,1,1,0
4.970871e-12,4.970871e+00,1,4444,0,0,0,1,0,0,0,1,0,1
-4.927733e-11,-4.927733e+01,0,4446,1,1,0,0,0,1,0,0,0,1
2.835764e-11,2.835764e+01,1,4448,0,0,1,1,0,0,0,1,0,0
-1.155673e-11,-1.155673e+01,0,4449,1,0,0,1,1,0,0,0,1,0
-8.421441e-12,-8.421441e+00,1,4450,0,1,0,0,1,1,0,0,0,1
4.103504e-11,4.103504e+01,0,4454,1,1,1,1,0,1,0,0,1,1
1.035141e-12,1.035141e+00,1,4455,0,1,1,1,1,0,1,0,0,1
-7.837661e-12,-7.837661e+00,0,4456,1,0,1,1,1,1,0,1,0,0
-3.058482e-12,-3.058482e+00,1,4457,0,1,0,1,1,1,1,0,1,0
1.872895e-11,1.872895e+01,0,4458,1,0,1,0,1,1,1,1,0,1
-8.662485e-12,-8.662485e+00,1,4459,0,1,0,1,0,1,1,1,1,0
-7.171494e-12,-7.171494e+00,0,4460,1,0,1,0,1,0,1,1,1,1
-6.136359e-12,-6.136359e+00,1,4462,0,0,1,0,1,0,1,0,1,1
-4.670511e-12,-4.670511e+00,0,4464,1,1,0,0,1,0,1,0,1,0
-2.975185e-12,-2.975185e+00,1,4465,0,1,1,0,0,1,0,1,0,1
-6.146783e-12,-6.146783e+00,0,4466,1,0,1,1,0,0,1,0,1,0
-2.374118e-12,-2.374118e+00,1,4468,0,0,1,0,1,1,0,0,1,0
-1.597523e-12,-1.597523e+00,0,4469,1,0,0,1,0,1,1,0,0,1
2.458875e-12,2.458875e+00,1,4471,0,0,1,0,0,1,0,1,1,0
6.437328e-12,6.437328e+00,0,4472,1,0,0,1,0,0,1,0,1,1
1.307213e-11,1.307213e+01,1,4473,0,1,0,0,1,0,0,1,0,1
-2.632618e-11,-2.632618e+01,0,4474,1,0,1,0,0,1,0,0,1,0
3.465409e-11,3.465409e+01,1,4475,0,1,0,1,0,0,1,0,0,1
-5.345802e-12,-5.345802e+00,0,4476,1,0,1,0,1,0,0,1,0,0
-3.826360e-12,-3.826360e+00,1,4478,0,0,1,0,1,0,1,0,0,1
4.602440e-12,4.602440e+00,0,4482,1,1,1,1,0,0,1,0,1,0
1.538005e-12,1.538005e+00,1,4484,0,0,1,1,1,1,0,0,1,0
-1.437234e-11,-1.437234e+01,0,4485,1,0,0,1,1,1,1,0,0,1
3.515722e-11,3.515722e+01,1,4487,0,0,1,0,0,1,1,1,1,0
-4.842678e-12,-4.842678e+00,0,4488,1,0,0,1,0,0,1,1,1,1
9.236560e-13,9.236560e-01,1,4489,0,1,0,0,1,0,0,1,1,1
1.744241e-12,1.744241e+00,0,4490,1,0,1,0,0,1,0,0,1,1
-2.374065e-12,-2.374065e+00,1,4491,0,1,0,1,0,0,1,0,0,1
3.454314e-12,3.454314e+00,0,4493,1,1,0,1,0,1,0,0,1,0
-3.926262e-12,-3.926262e+00,1,4496,0,0,0,1,1,0,1,0,1,0
-2.338713e-12,-2.338713e+00,0,4497,1,0,0,0,1,1,0,1,0,1
-6.729500e-12,-6.729500e+00,1,4498,0,1,0,0,0,1,1,0,1,0
-8.594182e-12,-8.594182e+00,0,4499,1,0,1,0,0,0,1,1,0,1
-2.798420e-12,-2.798420e+00,1,4501,0,0,1,0,1,0,0,0,1,1
-4.009975e-12,-4.009975e+00,0,4502,1,0,0,1,0,1,0,0,0,1
-2.187594e-12,-2.187594e+00,1,4505,0,0,0,1,0,0,1,0,1,0
6.460478e-12,6.460478e+00,0,4507,1,1,0,0,0,1,0,0,1,0
-4.625594e-12,-4.625594e+00,1,4509,0,0,1,1,0,0,0,1,0,0
-5.987770e-13,-5.987770e-01,0,4510,1,0,0,1,1,0,0,0,1,0
-2.284481e-12,-2.284481e+00,1,4513,0,0,0,1,0,0,1,1,0,0
1.423580e-13,1.423580e-01,0,4514,1,0,0,0,1,0,0,1,1,0
7.966458e-12,7.966458e+00,1,4515,0,1,0,0,0,1,0,0,1,1
-6.339690e-12,-6.339690e+00,0,4518,1,1,1,0,1,0,0,0,1,0
-4.840227e-12,-4.840227e+00,1,4521,0,0,0,1,1,1,0,1,0,0
-3.301417e-12,-3.301417e+00,0,4522,1,0,0,0,1,1,1,0,1,0
1.230690e-13,1.230690e-01,1,4523,0,1,0,0,0,1,1,1,0,1
-8.809828e-12,-8.809828e+00,0,4528,1,1,1,1,1,0,1,0,0,0
-3.283074e-12,-3.283074e+00,1,4529,0,1,1,1,1,1,0,1,0,0
4.458044e-13,4.458044e-01,0,4530,1,0,1,1,1,1,1,0,1,0
8.334828e-12,8.334828e+00,1,4531,0,1,0,1,1,1,1,1,0,1
-1.539582e-12,-1.539582e+00,0,4536,1,1,1,1,1,0,1,0,1,1
-3.288726e-12,-3.288726e+00,1,4537,0,1,1,1,1,1,0,1,0,1
-5.913916e-12,-5.913916e+00,0,4539,1,1,0,1,1,1,1,1,0,1
3.429089e-12,3.429089e+00,1,4541,0,0,1,1,0,1,1,1,1,1
-3.285273e-12,-3.285273e+00,0,4542,1,0,0,1,1,0,1,1,1,1
7.841903e-13,7.841903e-01,1,4548,0,0,0,0,0,0,1,0,0,1
-7.932852e-12,-7.932852e+00,0,4549,1,0,0,0,0,0,0,1,0,0
-9.011632e-12,-9.011632e+00,1,4550,0,1,0,0,0,0,0,0,1,0
-4.465393e-13,-4.465393e-01,0,4551,1,0,1,0,0,0,0,0,0,1
6.893318e-12,6.893318e+00,1,4552,0,1,0,1,0,0,0,0,0,0
-9.723843e-12,-9.723843e+00,0,4553,1,0,1,0,1,0,0,0,0,0
3.327835e-12,3.327835e+00,1,4560,0,0,0,0,0,0,0,1,0,1
7.171101e-12,7.171101e+00,0,4561,1,0,0,0,0,0,0,0,1,0
-2.785643e-12,-2.785643e+00,1,4563,0,0,1,0,0,0,0,0,0,0
-4.080786e-12,-4.080786e+00,0,4564,1,0,0,1,0,0,0,0,0,0
-6.771949e-12,-6.771949e+00,1,4572,0,0,0,0,0,0,0,0,1,0
-5.764478e-12,-5.764478e+00,0,4573,1,0,0,0,0,0,0,0,0,1
-1.161483e-11,-1.161483e+01,1,4574,0,1,0,0,0,0,0,0,0,0
3.862965e-11,3.862965e+01,0,4575,1,0,1,0,0,0,0,0,0,0
3.720943e-11,3.720943e+01,1,4584,0,0,0,0,0,0,0,0,0,1
-2.790466e-12,-2.790466e+00,0,4585,1,0,0,0,0,0,0,0,0,0
-8.448870e-12,-8.448870e+00,1,4587,0,0,1,0,0,0,0,0,0,0
-4.677509e-12,-4.677509e+00,0,4589,1,1,0,0,1,0,0,0,0,0
-1.036349e-11,-1.036349e+01,1,4590,0,1,1,0,0,1,0,0,0,0
-6.987232e-13,-6.987232e-01,0,4592,1,1,0,1,1,0,0,1,0,0
-7.813583e-12,-7.813583e+00,1,4593,0,1,1,0,1,1,0,0,1,0
-3.253761e-12,-3.253761e+00,0,4595,1,1,0,1,1,0,1,1,0,0
-3.477566e-12,-3.477566e+00,1,4597,0,0,1,1,0,1,1,0,1,1
-1.268745e-12,-1.268745e+00,0,4600,1,1,1,0,0,1,1,0,1,1
-5.531476e-12,-5.531476e+00,1,4602,0,0,1,1,1,0,0,1,1,0
3.928758e-12,3.928758e+00,0,4606,1,1,1,1,0,0,1,1,1,0
-1.081413e-11,-1.081413e+01,1,4609,0,0,0,1,1,1,1,0,0,1
-2.577057e-12,-2.577057e+00,0,4611,1,1,0,0,0,1,1,1,1,0
-2.462550e-12,-2.462550e+00,1,4614,0,0,0,1,1,0,0,0,1,1
3.627685e-11,3.627685e+01,0,4616,1,1,0,0,0,1,1,0,0,0
-3.723047e-12,-3.723047e+00,1,4617,0,1,1,0,0,0,1,1,0,0
-2.799582e-12,-2.799582e+00,0,4618,1,0,1,1,0,0,0,1,1,0
-3.272679e-12,-3.272679e+00,1,4619,0,1,0,1,1,0,0,0,1,1
-3.264059e-11,-3.264059e+01,0,4622,1,1,1,0,1,0,1,1,0,0
8.451616e-12,8.451616e+00,1,4626,0,0,0,0,1,1,1,0,1,0
-1.775907e-11,-1.775907e+01,0,4632,1,1,1,1,1,1,0,0,0,0
3.857304e-11,3.857304e+01,1,4633,0,1,1,1,1,1,1,0,0,0
-1.426857e-12,-1.426857e+00,0,4634,1,0,1,1,1,1,1,1,0,0
-1.502120e-12,-1.502120e+00,1,4635,0,1,0,1,1,1,1,1,1,0
-3.585262e-12,-3.585262e+00,0,4637,1,1,0,1,0,1,1,1,1,1
-8.958736e-12,-8.958736e+00,1,4644,0,0,0,0,0,0,0,1,1,0
1.616972e-12,1.616972e+00,0,4645,1,0,0,0,0,0,0,0,1,1
-5.163363e-12,-5.163363e+00,1,4647,0,0,1,0,0,0,0,0,0,0
-4.530362e-12,-4.530362e+00,0,4650,1,1,1,0,0,1,0,0,0,0
-2.240082e-11,-2.240082e+01,1,4651,0,1,1,1,0,0,1,0,0,0
-9.971437e-12,-9.971437e+00,0,4653,1,1,0,1,1,1,0,0,1,0
-6.089891e-12,-6.089891e+00,1,4654,0,1,1,0,1,1,1,0,0,1
-5.096005e-12,-5.096005e+00,0,4658,1,1,1,1,0,1,1,0,1,1
-7.163050e-12,-7.163050e+00,1,4662,0,0,0,0,1,1,1,1,0,1
-7.438604e-13,-7.438604e-01,0,4663,1,0,0,0,0,1,1,1,1,0
-1.284219e-13,-1.284219e-01,1,4664,0,1,0,0,0,0,1,1,1,1
4.763488e-12,4.763488e+00,0,4665,1,0,1,0,0,0,0,1,1,1
-9.691970e-12,-9.691970e+00,1,4670,0,0,0,0,0,1,0,1,0,0
7.612270e-11,7.612270e+01,0,4672,1,1,0,0,0,0,0,1,0,1
3.612281e-11,3.612281e+01,1,4673,0,1,1,0,0,0,0,0,1,0
-3.877090e-12,-3.877090e+00,0,4674,1,0,1,1,0,0,0,0,0,1
-4.182352e-13,-4.182352e-01,1,4676,0,0,1,0,1,1,0,0,0,0
-3.608761e-12,-3.608761e+00,0,4677,1,0,0,1,0,1,1,0,0,0
-9.755339e-12,-9.755339e+00,1,4678,0,1,0,0,1,0,1,1,0,0
-3.709991e-11,-3.709991e+01,0,4680,1,1,0,1,0,0,1,0,1,1
-1.568853e-12,-1.568853e+00,1,4681,0,1,1,0,1,0,0,1,0,1
-6.146729e-12,-6.146729e+00,0,4682,1,0,1,1,0,1,0,0,1,0
2.921941e-11,2.921941e+01,1,4683,0,1,0,1,1,0,1,0,0,1
-5.653620e-12,-5.653620e+00,0,4684,1,0,1,0,1,1,0,1,0,0
-5.244345e-12,-5.244345e+00,1,4686,0,0,1,0,1,0,1,1,0,1
-2.558675e-12,-2.558675e+00,0,4691,1,1,1,1,1,0,0,1,0,1
-6.864564e-12,-6.864564e+00,1,4693,0,0,1,1,1,1,1,0,0,1
-2.505580e-12,-2.505580e+00,0,4694,1,0,0,1,1,1,1,1,0,0
-2.542095e-12,-2.542095e+00,1,4696,0,0,1,0,0,1,1,1,1,1
-3.866464e-12,-3.866464e+00,0,4699,1,1,1,0,0,1,0,0,1,1
-5.622352e-12,-5.622352e+00,1,4700,0,1,1,1,0,0,1,0,0,1
-6.495063e-12,-6.495063e+00,0,4702,1,1,0,1,1,1,0,0,1,0
-5.673065e-12,-5.673065e+00,1,4705,0,0,0,1,1,0,1,1,1,0
-2.840250e-12,-2.840250e+00,0,4706,1,0,0,0,1,1,0,1,1,1
-5.194780e-12,-5.194780e+00,1,4707,0,1,0,0,0,1,1,0,1,1
-1.458087e-12,-1.458087e+00,0,4708,1,0,1,0,0,0,1,1,0,1
1.549964e-11,1.549964e+01,1,4709,0,1,0,1,0,0,0,1,1,0
3.907313e-11,3.907313e+01,0,4713,1,1,1,1,0,1,0,1,0,0
-2.205694e-12,-2.205694e+00,1,4717,0,0,0,0,1,1,1,1,0,1
-2.811092e-11,-2.811092e+01,0,4718,1,0,0,0,0,1,1,1,1,0
5.038233e-11,5.038233e+01,1,4720,0,0,1,0,0,0,0,1,1,1
1.038243e-11,1.038243e+01,0,4721,1,0,0,1,0,0,0,0,1,1
-2.961746e-11,-2.961746e+01,1,4722,0,1,0,0,1,0,0,0,0,1
2.413091e-12,2.413091e+00,0,4724,1,1,0,1,0,0,1,0,0,0
-6.327346e-12,-6.327346e+00,1,4729,0,0,0,0,0,1,1,0,1,0
-3.711039e-12,-3.711039e+00,0,4730,1,0,0,0,0,0,1,1,0,1
-1.271604e-11,-1.271604e+01,1,4731,0,1,0,0,0,0,0,1,1,0
2.056005e-11,2.056005e+01,0,4732,1,0,1,0,0,0,0,0,1,1
-4.837683e-12,-4.837683e+00,1,4734,0,0,1,0,1,0,0,0,0,0
-1.027150e-11,-1.027150e+01,0,4737,1,1,1,0,0,1,0,1,0,0
-3.144626e-12,-3.144626e+00,1,4738,0,1,1,1,0,0,1,0,1,0
-2.510536e-12,-2.510536e+00,0,4740,1,1,0,1,1,1,0,0,1,0
-5.636359e-12,-5.636359e+00,1,4742,0,0,1,1,0,1,1,1,0,0
6.503895e-12,6.503895e+00,0,4743,1,0,0,1,1,0,1,1,1,0
-5.242359e-12,-5.242359e+00,1,4746,0,0,0,1,0,0,1,1,0,1
-3.889233e-12,-3.889233e+00,0,4748,1,1,0,0,0,1,0,0,1,1
-1.127791e-11,-1.127791e+01,1,4750,0,0,1,1,0,0,0,1,0,0
-4.862423e-12,-4.862423e+00,0,4753,1,1,1,0,0,1,1,0,0,0
-7.902689e-12,-7.902689e+00,1,4755,0,0,1,1,1,0,0,1,1,0
7.022114e-11,7.022114e+01,0,4757,1,1,0,0,1,1,1,0,0,1
-5.616886e-12,-5.616886e+00,1,4760,0,0,0,1,1,0,0,1,1,1
1.725031e-12,1.725031e+00,0,4763,1,1,1,0,0,0,1,1,0,0
9.375492e-13,9.375492e-01,1,4764,0,1,1,1,0,0,0,1,1,0
2.371927e-12,2.371927e+00,0,4765,1,0,1,1,1,0,0,0,1,1
4.048497e-12,4.048497e+00,1,4766,0,1,0,1,1,1,0,0,0,1
-9.776019e-12,-9.776019e+00,0,4767,1,0,1,0,1,1,1,0,0,0
-2.894711e-12,-2.894711e+00,1,4768,0,1,0,1,0,1,1,1,0,0
3.575090e-13,3.575090e-01,0,4769,1,0,1,0,1,0,1,1,1,0
-9.796194e-13,-9.796194e-01,1,4770,0,1,0,1,0,1,0,1,1,1
5.267652e-13,5.267652e-01,0,4773,1,1,1,0,1,0,1,0,1,0
-7.587350e-12,-7.587350e+00,1,4774,0,1,1,1,0,1,0,1,0,1
-3.068055e-12,-3.068055e+00,0,4775,1,0,1,1,1,0,1,0,1,0
-7.871808e-12,-7.871808e+00,1,4777,0,0,1,0,1,1,1,0,1,0
-8.765219e-12,-8.765219e+00,0,4778,1,0,0,1,0,1,1,1,0,1
-8.249140e-12,-8.249140e+00,1,4780,0,0,1,0,0,1,0,1,1,1
2.401630e-11,2.401630e+01,0,4781,1,0,0,1,0,0,1,0,1,1
-3.639582e-12,-3.639582e+00,1,4785,0,0,0,0,1,0,0,1,0,0
-8.590761e-12,-8.590761e+00,0,4786,1,0,0,0,0,1,0,0,1,0
-5.239201e-12,-5.239201e+00,1,4789,0,0,0,1,0,0,0,0,1,0
-8.800339e-12,-8.800339e+00,0,4790,1,0,0,0,1,0,0,0,0,1
-6.991089e-12,-6.991089e+00,1,4791,0,1,0,0,0,1,0,0,0,0
3.539782e-11,3.539782e+01,0,4792,1,0,1,0,0,0,1,0,0,0
-1.076990e-11,-1.076990e+01,1,4797,0,0,0,0,0,1,0,1,0,0
7.277653e-12,7.277653e+00,0,4798,1,0,0,0,0,0,1,0,1,0
-7.372223e-13,-7.372223e-01,1,4799,0,1,0,0,0,0,0,1,0,1
1.758290e-12,1.758290e+00,0,4805,1,1,1,1,1,1,0,1,0,0
-2.846666e-12,-2.846666e+00,1,4806,0,1,1,1,1,1,1,0,1,0
1.389906e-11,1.389906e+01,0,4808,1,1,0,1,1,1,1,1,1,0
-4.283660e-12,-4.283660e+00,1,4810,0,0,1,1,0,1,1,1,1,1
-8.710409e-12,-8.710409e+00,0,4811,1,0,0,1,1,0,1,1,1,1
1.382038e-12,1.382038e+00,1,4812,0,1,0,0,1,1,0,1,1,1
2.197371e-11,2.197371e+01,0,4814,1,1,0,1,0,0,1,1,0,1
5.623272e-12,5.623272e+00,1,4815,0,1,1,0,1,0,0,1,1,0
-2.030799e-11,-2.030799e+01,0,4819,1,1,1,1,0,1,1,0,1,0
-4.862103e-12,-4.862103e+00,1,4822,0,0,0,1,1,1,1,0,1,1
-4.957326e-12,-4.957326e+00,0,4823,1,0,0,0,1,1,1,1,0,1
-8.236896e-12,-8.236896e+00,1,4826,0,0,0,1,0,0,0,1,1,1
-6.786256e-12,-6.786256e+00,0,4827,1,0,0,0,1,0,0,0,1,1
4.503025e-12,4.503025e+00,1,4828,0,1,0,0,0,1,0,0,0,1
1.733001e-12,1.733001e+00,0,4830,1,1,0,1,0,0,0,1,0,0
-6.317800e-12,-6.317800e+00,1,4834,0,0,0,0,1,1,0,1,0,0
-4.531080e-12,-4.531080e+00,0,4835,1,0,0,0,0,1,1,0,1,0
2.757117e-12,2.757117e+00,1,4836,0,1,0,0,0,0,1,1,0,1
-2.804555e-13,-2.804555e-01,0,4841,1,1,1,1,1,0,1,0,0,0
-2.186171e-12,-2.186171e+00,1,4846,0,0,0,0,0,1,1,1,1,1
-3.815776e-14,-3.815776e-02,0,4847,1,0,0,0,0,0,1,1,1,1
6.779623e-12,6.779623e+00,1,4853,0,0,0,0,0,0,1,0,0,0
-5.862436e-12,-5.862436e+00,0,4855,1,1,0,0,0,0,0,0,1,0
-4.156318e-12,-4.156318e+00,1,4856,0,1,1,0,0,0,0,0,0,1
-1.030469e-11,-1.030469e+01,0,4860,1,1,1,1,0,1,1,0,0,0
-3.836826e-12,-3.836826e+00,1,4861,0,1,1,1,1,0,1,1,0,0
-4.645416e-11,-4.645416e+01,0,4863,1,1,0,1,1,1,1,0,1,1
3.782695e-11,3.782695e+01,1,4864,0,1,1,0,1,1,1,1,0,1
-2.172945e-12,-2.172945e+00,0,4865,1,0,1,1,0,1,1,1,1,0
2.269482e-11,2.269482e+01,1,4866,0,1,0,1,1,0,1,1,1,1
-5.882080e-12,-5.882080e+00,0,4867,1,0,1,0,1,1,0,1,1,1
-3.845733e-12,-3.845733e+00,1,4872,0,0,0,0,0,1,0,1,0,1
-7.183509e-13,-7.183509e-01,0,4873,1,0,0,0,0,0,1,0,1,0
-7.583393e-12,-7.583393e+00,1,4874,0,1,0,0,0,0,0,1,0,1
1.943128e-12,1.943128e+00,0,4875,1,0,1,0,0,0,0,0,1,0
6.732976e-12,6.732976e+00,1,4877,0,0,1,0,1,0,0,0,0,0
-1.026669e-11,-1.026669e+01,0,4878,1,0,0,1,0,1,0,0,0,0
-4.273709e-12,-4.273709e+00,1,4884,0,0,0,0,0,0,1,0,0,1
7.868716e-12,7.868716e+00,0,4885,1,0,0,0,0,0,0,1,0,0
-4.913438e-12,-4.913438e+00,1,4887,0,0,1,0,0,0,0,0,0,1
3.855117e-11,3.855117e+01,0,4891,1,1,1,1,0,0,1,0,0,0
-1.448724e-12,-1.448724e+00,1,4892,0,1,1,1,1,0,0,1,0,0
3.593818e-11,3.593818e+01,0,4894,1,1,0,1,1,1,1,0,0,1
-4.061718e-12,-4.061718e+00,1,4895,0,1,1,0,1,1,1,1,0,0
-1.026899e-12,-1.026899e+00,0,4896,1,0,1,1,0,1,1,1,1,0
-1.081017e-11,-1.081017e+01,1,4899,0,0,0,1,0,1,1,0,1,1
-1.340837e-12,-1.340837e+00,0,4901,1,1,0,0,0,1,0,1,1,0
5.924657e-13,5.924657e-01,1,4902,0,1,1,0,0,0,1,0,1,1
2.686427e-12,2.686427e+00,0,4903,1,0,1,1,0,0,0,1,0,1
2.395144e-12,2.395144e+00,1,4906,0,0,0,1,0,1,1,0,0,0
-2.785438e-12,-2.785438e+00,0,4907,1,0,0,0,1,0,1,1,0,0
-4.704852e-12,-4.704852e+00,1,4911,0,0,0,0,1,0,0,0,1,0
-4.428280e-12,-4.428280e+00,0,4916,1,1,1,1,1,0,0,0,0,1
-6.570287e-12,-6.570287e+00,1,4917,0,1,1,1,1,1,0,0,0,0
-5.521862e-12,-5.521862e+00,0,4918,1,0,1,1,1,1,1,0,0,0
-3.760777e-11,-3.760777e+01,1,4923,0,0,0,0,0,1,0,1,1,1
-4.120747e-12,-4.120747e+00,0,4925,1,1,0,0,0,0,0,1,0,1
-1.578236e-12,-1.578236e+00,1,4926,0,1,1,0,0,0,0,0,1,0
-4.507203e-12,-4.507203e+00,0,4931,1,1,1,1,1,0,1,1,0,0
-3.309102e-12,-3.309102e+00,1,4932,0,1,1,1,1,1,0,1,1,0
-3.537510e-12,-3.537510e+00,0,4934,1,1,0,1,1,1,1,1,0,1
5.844307e-12,5.844307e+00,1,4937,0,0,0,1,1,0,1,1,1,1
5.639934e-12,5.639934e+00,0,4938,1,0,0,0,1,1,0,1,1,1
5.570742e-12,5.570742e+00,1,4939,0,1,0,0,0,1,1,0,1,1
6.112229e-11,6.112229e+01,0,4941,1,1,0,1,0,0,0,1,1,0
2.112240e-11,2.112240e+01,1,4942,0,1,1,0,1,0,0,0,1,1
-1.887750e-11,-1.887750e+01,0,4943,1,0,1,1,0,1,0,0,0,1
-2.836888e-12,-2.836888e+00,1,4946,0,0,0,1,0,1,1,0,1,0
-3.600737e-12,-3.600737e+00,0,4948,1,1,0,0,0,1,0,1,1,0
2.445073e-11,2.445073e+01,1,4950,0,0,1,1,0,0,0,1,0,1
1.000986e-12,1.000986e+00,0,4951,1,0,0,1,1,0,0,0,1,0
-9.435409e-12,-9.435409e+00,1,4952,0,1,0,0,1,1,0,0,0,1
-3.630100e-12,-3.630100e+00,0,4953,1,0,1,0,0,1,1,0,0,0
2.841206e-11,2.841206e+01,1,4955,0,0,1,0,1,0,0,1,1,0
2.233455e-11,2.233455e+01,0,4957,1,1,0,0,1,0,1,0,0,1
-4.478578e-12,-4.478578e+00,1,4960,0,0,0,1,1,0,0,1,0,1
-6.466371e-12,-6.466371e+00,0,4966,1,1,1,1,1,1,0,0,0,1
-8.828044e-12,-8.828044e+00,1,4969,0,0,0,1,1,1,1,1,1,0
5.681051e-12,5.681051e+00,0,4971,1,1,0,0,0,1,1,1,1,1
2.572808e-12,2.572808e+00,1,4978,0,0,0,0,0,0,0,1,1,0
-8.051698e-12,-8.051698e+00,0,4980,1,1,0,0,0,0,0,0,0,1
-5.647308e-12,-5.647308e+00,1,4983,0,0,0,1,1,0,0,0,0,0
-4.495387e-11,-4.495387e+01,0,4985,1,1,0,0,0,1,1,0,0,0
2.317032e-11,2.317032e+01,1,4986,0,1,1,0,0,0,1,1,0,0
-8.676289e-12,-8.676289e+00,0,4988,1,1,0,1,1,0,0,0,1,1
-2.980295e-12,-2.980295e+00,1,4989,0,1,1,0,1,1,0,0,0,1
8.873463e-13,8.873463e-01,0,4990,1,0,1,1,0,1,1,0,0,0
-9.215330e-12,-9.215330e+00,1,4991,0,1,0,1,1,0,1,1,0,0
4.211845e-12,4.211845e+00,0,4992,1,0,1,0,1,1,0,1,1,0
-5.775787e-12,-5.775787e+00,1,4993,0,1,0,1,0,1,1,0,1,1
-4.616678e-12,-4.616678e+00,0,4996,1,1,1,0,1,0,1,0,1,1
-4.143205e-11,-4.143205e+01,1,4998,0,0,1,1,1,0,1,0,1,0
-4.307401e-12,-4.307401e+00,0,5006,1,1,1,1,1,1,1,1,0,0
-9.751634e-12,-9.751634e+00,1,5007,0,1,1,1,1,1,1,1,1,0
-1.985449e-12,-1.985449e+00,0,5008,1,0,1,1,1,1,1,1,1,1
-6.783535e-12,-6.783535e+00,1,5009,0,1,0,1,1,1,1,1,1,1
1.016423e-11,1.016423e+01,0,5010,1,0,1,0,1,1,1,1,1,1
-1.379783e-12,-1.379783e+00,1,5011,0,1,0,1,0,1,1,1,1,1
-1.387996e-12,-1.387996e+00,0,5013,1,1,0,1,0,1,0,1,1,1
-9.090759e-12,-9.090759e+00,1,5014,0,1,1,0,1,0,1,0,1,1
-9.559391e-12,-9.559391e+00,0,5016,1,1,0,1,1,0,1,0,1,0
3.261968e-12,3.261968e+00,1,5017,0,1,1,0,1,1,0,1,0,1
-3.615543e-11,-3.615543e+01,0,5018,1,0,1,1,0,1,1,0,1,0
-5.220904e-12,-5.220904e+00,1,5020,0,0,1,0,1,1,0,1,1,0
1.737487e-12,1.737487e+00,0,5021,1,0,0,1,0,1,1,0,1,1
-2.620948e-12,-2.620948e+00,1,5023,0,0,1,0,0,1,0,1,1,0
-7.301008e-12,-7.301008e+00,0,5027,1,1,1,1,0,0,1,0,0,1
-8.010266e-12,-8.010266e+00,1,5029,0,0,1,1,1,1,0,0,1,0
-2.246861e-12,-2.246861e+00,0,5030,1,0,0,1,1,1,1,0,0,1
-4.224676e-11,-4.224676e+01,1,5031,0,1,0,0,1,1,1,1,0,0
4.890580e-12,4.890580e+00,0,5032,1,0,1,0,0,1,1,1,1,0
-3.813366e-12,-3.813366e+00,1,5035,0,0,0,1,0,1,0,0,1,1
-1.723372e-12,-1.723372e+00,0,5037,1,1,0,0,0,1,0,1,0,0
4.433101e-12,4.433101e+00,1,5038,0,1,1,0,0,0,1,0,1,0
3.247969e-11,3.247969e+01,0,5039,1,0,1,1,0,0,0,1,0,1
-7.520208e-12,-7.520208e+00,1,5040,0,1,0,1,1,0,0,0,1,0
7.281814e-12,7.281814e+00,0,5041,1,0,1,0,1,1,0,0,0,1
-3.305463e-12,-3.305463e+00,1,5043,0,0,1,0,1,0,1,1,0,0
1.648426e-12,1.648426e+00,0,5044,1,0,0,1,0,1,0,1,1,0
-2.990402e-12,-2.990402e+00,1,5045,0,1,0,0,1,0,1,0,1,1
-2.888659e-12,-2.888659e+00,0,5048,1,1,1,0,1,0,0,1,0,1
-1.935050e-12,-1.935050e+00,1,5050,0,0,1,1,1,0,1,0,0,1
-5.086323e-12,-5.086323e+00,0,5051,1,0,0,1,1,1,0,1,0,0
-1.428976e-12,-1.428976e+00,1,5053,0,0,1,0,0,1,1,1,0,1
-2.853392e-12,-2.853392e+00,0,5058,1,1,1,1,1,0,0,1,0,0
-3.774022e-13,-3.774022e-01,1,5059,0,1,1,1,1,1,0,0,1,0
2.187562e-11,2.187562e+01,0,5060,1,0,1,1,1,1,1,0,0,1
-9.608290e-12,-9.608290e+00,1,5061,0,1,0,1,1,1,1,1,0,0
-2.442210e-12,-2.442210e+00,0,5062,1,0,1,0,1,1,1,1,1,0
-5.444905e-12,-5.444905e+00,1,5065,0,0,0,1,0,1,0,1,1,1
-5.642494e-12,-5.642494e+00,0,5067,1,1,0,0,0,1,0,1,0,1
-2.879215e-12,-2.879215e+00,1,5068,0,1,1,0,0,0,1,0,1,0
-3.644311e-12,-3.644311e+00,0,5075,1,1,1,1,1,1,1,0,1,1
4.296010e-11,4.296010e+01,1,5076,0,1,1,1,1,1,1,1,0,1
2.960206e-12,2.960206e+00,0,5077,1,0,1,1,1,1,1,1,1,0
-5.320306e-12,-5.320306e+00,1,5078,0,1,0,1,1,1,1,1,1,1
-4.532020e-11,-4.532020e+01,0,5079,1,0,1,0,1,1,1,1,1,1
1.391503e-12,1.391503e+00,1,5087,0,0,0,0,0,0,0,0,1,0
-6.381230e-12,-6.381230e+00,0,5088,1,0,0,0,0,0,0,0,0,1
7.519727e-11,7.519727e+01,1,5090,0,0,1,0,0,0,0,0,0,0
3.519737e-11,3.519737e+01,0,5091,1,0,0,1,0,0,0,0,0,0
-4.802523e-12,-4.802523e+00,1,5092,0,1,0,0,1,0,0,0,0,0
-5.549657e-12,-5.549657e+00,0,5094,1,1,0,1,0,0,1,0,0,0
-1.312522e-12,-1.312522e+00,1,5095,0,1,1,0,1,0,0,1,0,0
-5.454136e-12,-5.454136e+00,0,5097,1,1,0,1,1,0,1,0,0,1
-4.295066e-12,-4.295066e+00,1,5098,0,1,1,0,1,1,0,1,0,0
-1.074271e-12,-1.074271e+00,0,5099,1,0,1,1,0,1,1,0,1,0
4.589378e-13,4.589378e-01,1,5102,0,0,0,1,0,1,1,0,1,1
-4.818738e-12,-4.818738e+00,0,5103,1,0,0,0,1,0,1,1,0,1
-8.627629e-13,-8.627629e-01,1,5106,0,0,0,1,0,0,0,1,0,1
-4.086266e-11,-4.086266e+01,0,5107,1,0,0,0,1,0,0,0,1,0
3.485377e-11,3.485377e+01,1,5108,0,1,0,0,0,1,0,0,0,1
-5.146129e-12,-5.146129e+00,0,5109,1,0,1,0,0,0,1,0,0,0
-1.109292e-11,-1.109292e+01,1,5111,0,0,1,0,1,0,0,0,1,0
-1.013468e-12,-1.013468e+00,0,5113,1,1,0,0,1,0,1,0,0,0
-7.946179e-12,-7.946179e+00,1,5115,0,0,1,1,0,0,1,0,1,0
-1.468558e-12,-1.468558e+00,0,5117,1,1,0,0,1,1,0,0,1,0
-4.580055e-12,-4.580055e+00,1,5119,0,0,1,1,0,0,1,1,0,0
-5.882219e-12,-5.882219e+00,0,5120,1,0,0,1,1,0,0,1,1,0
-2.741744e-13,-2.741744e-01,1,5123,0,0,0,1,0,0,1,1,0,0
8.045296e-12,8.045296e+00,0,5126,1,1,1,0,0,0,1,0,0,1
-5.567998e-12,-5.567998e+00,1,5129,0,0,0,1,1,1,0,0,0,1
1.645979e-12,1.645979e+00,0,5133,1,1,1,1,0,0,0,1,1,1
1.650690e-12,1.650690e+00,1,5134,0,1,1,1,1,0,0,0,1,1
-7.481032e-12,-7.481032e+00,0,5135,1,0,1,1,1,1,0,0,0,1
-4.756202e-12,-4.756202e+00,1,5136,0,1,0,1,1,1,1,0,0,0
-3.373577e-12,-3.373577e+00,0,5139,1,1,1,0,1,0,1,1,1,1
-9.437258e-13,-9.437258e-01,1,5140,0,1,1,1,0,1,0,1,1,1
2.724018e-11,2.724018e+01,0,5141,1,0,1,1,1,0,1,0,1,1
2.304643e-12,2.304643e+00,1,5142,0,1,0,1,1,1,0,1,0,1
-1.075433e-11,-1.075433e+01,0,5144,1,1,0,1,0,1,1,1,0,1
-9.075423e-11,-9.075423e+01,1,5146,0,0,1,1,0,1,0,1,1,1
-1.307541e-10,-1.307541e+02,0,5147,1,0,0,1,1,0,1,0,1,1
-5.997879e-12,-5.997879e+00,1,5151,0,0,0,0,1,0,0,1,1,0
-2.541153e-12,-2.541153e+00,0,5152,1,0,0,0,0,1,0,0,1,1
-1.100787e-11,-1.100787e+01,1,5154,0,0,1,0,0,0,0,1,0,0
7.171189e-13,7.171189e-01,0,5157,1,1,1,0,0,1,0,0,0,0
2.579206e-12,2.579206e+00,1,5159,0,0,1,1,1,0,0,1,0,0
7.958728e-12,7.958728e+00,0,5161,1,1,0,0,1,1,1,0,0,1
-2.061059e-11,-2.061059e+01,1,5162,0,1,1,0,0,1,1,1,0,0
-1.313627e-11,-1.313627e+01,0,5163,1,0,1,1,0,0,1,1,1,0
-4.461006e-12,-4.461006e+00,1,5166,0,0,0,1,0,1,1,0,0,1
3.222056e-11,3.222056e+01,0,5168,1,1,0,0,0,1,0,1,1,0
-7.282726e-12,-7.282726e+00,1,5171,0,0,0,1,1,0,0,0,1,0
1.354264e-12,1.354264e+00,0,5176,1,1,1,1,1,0,0,0,1,1
3.591743e-11,3.591743e+01,1,5177,0,1,1,1,1,1,0,0,0,1
-4.082463e-12,-4.082463e+00,0,5178,1,0,1,1,1,1,1,0,0,0
-3.126779e-13,-3.126779e-01,1,5179,0,1,0,1,1,1,1,1,0,0
1.838684e-11,1.838684e+01,0,5180,1,0,1,0,1,1,1,1,1,0
9.132412e-12,9.132412e+00,1,5181,0,1,0,1,0,1,1,1,1,1
-6.574260e-12,-6.574260e+00,0,5184,1,1,1,0,1,0,1,0,1,1
-1.678630e-12,-1.678630e+00,1,5185,0,1,1,1,0,1,0,1,0,1
-1.043497e-11,-1.043497e+01,0,5187,1,1,0,1,1,1,0,1,0,1
3.589051e-11,3.589051e+01,1,5189,0,0,1,1,0,1,1,1,0,1
-4.109390e-12,-4.109390e+00,0,5190,1,0,0,1,1,0,1,1,1,0
-8.347928e-13,-8.347928e-01,1,5192,0,0,1,0,0,1,1,0,1,1
-3.779500e-14,-3.779500e-02,0,5193,1,0,0,1,0,0,1,1,0,1
-5.650997e-12,-5.650997e+00,1,5194,0,1,0,0,1,0,0,1,1,0
-4.463196e-12,-4.463196e+00,0,5198,1,1,1,1,0,1,0,0,1,0
-7.957115e-12,-7.957115e+00,1,5201,0,0,0,1,1,1,1,0,1,0
-2.536220e-12,-2.536220e+00,0,5202,1,0,0,0,1,1,1,1,0,1
-1.093506e-12,-1.093506e+00,1,5203,0,1,0,0,0,1,1,1,1,0
-9.362721e-12,-9.362721e+00,0,5204,1,0,1,0,0,0,1,1,1,1
-2.625035e-11,-2.625035e+01,1,5206,0,0,1,0,1,0,0,0,1,1
-4.745436e-12,-4.745436e+00,0,5208,1,1,0,0,1,0,1,0,0,0
-7.849644e-12,-7.849644e+00,1,5209,0,1,1,0,0,1,0,1,0,0
-4.209599e-12,-4.209599e+00,0,5210,1,0,1,1,0,0,1,0,1,0
-1.571055e-12,-1.571055e+00,1,5211,0,1,0,1,1,0,0,1,0,1
2.029903e-11,2.029903e+01,0,5217,1,1,1,1,1,1,0,1,0,1
-7.759721e-12,-7.759721e+00,1,5220,0,0,0,1,1,1,1,1,1,0
-6.924318e-12,-6.924318e+00,0,5221,1,0,0,0,1,1,1,1,1,1
-4.590528e-12,-4.590528e+00,1,5223,0,0,1,0,0,0,1,1,1,1
-2.161163e-12,-2.161163e+00,0,5225,1,1,0,0,1,0,0,0,1,1
3.631427e-11,3.631427e+01,1,5226,0,1,1,0,0,1,0,0,0,1
5.131805e-12,5.131805e+00,0,5228,1,1,0,1,1,0,0,1,0,0
1.765445e-12,1.765445e+00,1,5232,0,0,0,0,1,1,0,1,1,0
-7.860941e-12,-7.860941e+00,0,5233,1,0,0,0,0,1,1,0,1,1
-6.356306e-12,-6.356306e+00,1,5234,0,1,0,0,0,0,1,1,0,1
-6.632521e-13,-6.632521e-01,0,5235,1,0,1,0,0,0,0,1,1,0
2.375231e-12,2.375231e+00,1,5236,0,1,0,1,0,0,0,0,1,1
-4.100685e-13,-4.100685e-01,0,5237,1,0,1,0,1,0,0,0,0,1
-8.577218e-12,-8.577218e+00,1,5240,0,0,0,1,0,1,0,1,0,0
5.041665e-13,5.041665e-01,0,5242,1,1,0,0,0,1,0,1,0,1
-3.766288e-12,-3.766288e+00,1,5243,0,1,1,0,0,0,1,0,1,0
-4.731962e-12,-4.731962e+00,0,5244,1,0,1,1,0,0,0,1,0,1
-5.409749e-12,-5.409749e+00,1,5246,0,0,1,0,1,1,0,0,0,1
-3.849957e-12,-3.849957e+00,0,5247,1,0,0,1,0,1,1,0,0,0
-4.877317e-12,-4.877317e+00,1,5249,0,0,1,0,0,1,0,1,1,0
-3.534817e-11,-3.534817e+01,0,5251,1,1,0,0,1,0,0,1,0,1
-1.944648e-11,-1.944648e+01,1,5254,0,0,0,1,1,0,0,1,0,0
-1.373653e-12,-1.373653e+00,0,5255,1,0,0,0,1,1,0,0,1,0
-1.062764e-11,-1.062764e+01,1,5258,0,0,0,1,0,0,0,1,1,0
-5.133553e-12,-5.133553e+00,0,5259,1,0,0,0,1,0,0,0,1,1
-1.836845e-12,-1.836845e+00,1,5260,0,1,0,0,0,1,0,0,0,1
8.448148e-12,8.448148e+00,0,5261,1,0,1,0,0,0,1,0,0,0
-3.562349e-12,-3.562349e+00,1,5262,0,1,0,1,0,0,0,1,0,0
-9.560049e-12,-9.560049e+00,0,5263,1,0,1,0,1,0,0,0,1,0
2.571545e-11,2.571545e+01,1,5264,0,1,0,1,0,1,0,0,0,1
6.484490e-12,6.484490e+00,0,5268,1,1,1,1,0,1,0,1,0,1
-9.841625e-12,-9.841625e+00,1,5269,0,1,1,1,1,0,1,0,1,0
-3.731121e-12,-3.731121e+00,0,5270,1,0,1,1,1,1,0,1,0,1
3.938573e-13,3.938573e-01,1,5272,0,0,1,0,1,1,1,1,0,1
-3.754978e-12,-3.754978e+00,0,5273,1,0,0,1,0,1,1,1,1,0
-1.541264e-13,-1.541264e-01,1,5275,0,0,1,0,0,1,0,1,1,1
-2.120215e-12,-2.120215e+00,0,5276,1,0,0,1,0,0,1,0,1,1
-5.664860e-12,-5.664860e+00,1,5277,0,1,0,0,1,0,0,1,0,1
-6.932828e-12,-6.932828e+00,0,5279,1,1,0,1,0,0,1,0,0,1
5.199738e-13,5.199738e-01,1,5281,0,0,1,1,0,1,0,0,1,0
5.901620e-12,5.901620e+00,0,5282,1,0,0,1,1,0,1,0,0,1
-5.028101e-12,-5.028101e+00,1,5283,0,1,0,0,1,1,0,1,0,0
-1.163553e-12,-1.163553e+00,0,5284,1,0,1,0,0,1,1,0,1,0
1.291878e-12,1.291878e+00,1,5287,0,0,0,1,0,1,0,0,1,1
1.339957e-12,1.339957e+00,0,5288,1,0,0,0,1,0,1,0,0,1
-4.196545e-12,-4.196545e+00,1,5291,0,0,0,1,0,0,0,1,0,1
-5.677792e-12,-5.677792e+00,0,5297,1,1,1,1,1,1,0,0,0,1
2.901108e-11,2.901108e+01,1,5298,0,1,1,1,1,1,1,0,0,0
-1.098882e-11,-1.098882e+01,0,5299,1,0,1,1,1,1,1,1,0,0
-3.034193e-12,-3.034193e+00,1,5303,0,0,0,0,1,0,1,1,1,1
-9.432748e-12,-9.432748e+00,0,5305,1,1,0,0,0,0,1,0,1,1
-4.339561e-12,-4.339561e+00,1,5306,0,1,1,0,0,0,0,1,0,1
-2.302702e-12,-2.302702e+00,0,5308,1,1,0,1,1,0,0,0,0,1
-4.190526e-12,-4.190526e+00,1,5310,0,0,1,1,0,1,1,0,0,0
2.233330e-11,2.233330e+01,0,5311,1,0,0,1,1,0,1,1,0,0
-6.054378e-12,-6.054378e+00,1,5312,0,1,0,0,1,1,0,1,1,0
1.371749e-11,1.371749e+01,0,5314,1,1,0,1,0,0,1,1,0,1
-3.238952e-12,-3.238952e+00,1,5317,0,0,0,1,1,0,1,0,0,1
5.839440e-12,5.839440e+00,0,5318,1,0,0,0,1,1,0,1,0,0
-3.668818e-12,-3.668818e+00,1,5319,0,1,0,0,0,1,1,0,1,0
-1.723493e-11,-1.723493e+01,0,5320,1,0,1,0,0,0,1,1,0,1
-6.279670e-12,-6.279670e+00,1,5321,0,1,0,1,0,0,0,1,1,0
-1.306136e-12,-1.306136e+00,0,5322,1,0,1,0,1,0,0,0,1,1
4.392484e-12,4.392484e+00,1,5324,0,0,1,0,1,0,1,0,0,0
-1.669519e-12,-1.669519e+00,0,5327,1,1,1,0,0,1,0,1,0,1
-4.476406e-12,-4.476406e+00,1,5328,0,1,1,1,0,0,1,0,1,0
2.684028e-11,2.684028e+01,0,5329,1,0,1,1,1,0,0,1,0,1
2.678330e-12,2.678330e+00,1,5331,0,0,1,0,1,1,1,0,0,1
5.893984e-12,5.893984e+00,0,5332,1,0,0,1,0,1,1,1,0,0
4.401946e-11,4.401946e+01,1,5334,0,0,1,0,0,1,0,1,1,1
2.268830e-11,2.268830e+01,0,5337,1,1,1,0,0,1,0,0,1,0
-5.676446e-12,-5.676446e+00,1,5338,0,1,1,1,0,0,1,0,0,1
-5.178257e-12,-5.178257e+00,0,5339,1,0,1,1,1,0,0,1,0,0
-7.778222e-12,-7.778222e+00,1,5341,0,0,1,0,1,1,1,0,0,1
-2.186203e-12,-2.186203e+00,0,5345,1,1,1,1,0,0,1,0,1,1
-5.708227e-12,-5.708227e+00,1,5349,0,0,0,0,1,1,1,1,0,0
-2.986842e-12,-2.986842e+00,0,5350,1,0,0,0,0,1,1,1,1,0
-4.569493e-12,-4.569493e+00,1,5353,0,0,0,1,0,0,0,0,1,1
4.060826e-12,4.060826e+00,0,5355,1,1,0,0,0,1,0,0,0,0
5.619463e-12,5.619463e+00,1,5356,0,1,1,0,0,0,1,0,0,0
-1.114123e-11,-1.114123e+01,0,5357,1,0,1,1,0,0,0,1,0,0
2.112960e-13,2.112960e-01,1,5358,0,1,0,1,1,0,0,0,1,0
-5.774987e-12,-5.774987e+00,0,5360,1,1,0,1,0,1,1,0,0,0
-5.437981e-12,-5.437981e+00,1,5362,0,0,1,1,0,1,0,1,1,0
-4.259423e-12,-4.259423e+00,0,5364,1,1,0,0,1,1,0,1,0,1
3.016232e-12,3.016232e+00,1,5367,0,0,0,1,1,0,0,1,1,0
-6.322808e-12,-6.322808e+00,0,5368,1,0,0,0,1,1,0,0,1,1
-7.452717e-12,-7.452717e+00,1,5370,0,0,1,0,0,0,1,1,0,0
1.334448e-11,1.334448e+01,0,5373,1,1,1,0,0,1,0,0,0,1
-2.102348e-12,-2.102348e+00,1,5376,0,0,0,1,1,1,0,0,1,0
1.946451e-12,1.946451e+00,0,5378,1,1,0,0,0,1,1,1,0,0
-5.507807e-12,-5.507807e+00,1,5380,0,0,1,1,0,0,0,1,1,1
9.591627e-12,9.591627e+00,0,5383,1,1,1,0,0,1,1,0,0,0
-7.997834e-12,-7.997834e+00,1,5384,0,1,1,1,0,0,1,1,0,0
-6.359245e-12,-6.359245e+00,0,5385,1,0,1,1,1,0,0,1,1,0
-3.311233e-12,-3.311233e+00,1,5386,0,1,0,1,1,1,0,0,1,1
-2.618567e-12,-2.618567e+00,0,5389,1,1,1,0,1,0,1,1,1,0
-1.469461e-12,-1.469461e+00,1,5392,0,0,0,1,1,1,0,1,0,1
6.077344e-12,6.077344e+00,0,5394,1,1,0,0,0,1,1,1,0,1
-5.249253e-12,-5.249253e+00,1,5396,0,0,1,1,0,0,0,1,1,1
-3.443164e-12,-3.443164e+00,0,5397,1,0,0,1,1,0,0,0,1,1
-5.281234e-12,-5.281234e+00,1,5401,0,0,0,0,1,0,0,1,1,0
-1.149078e-11,-1.149078e+01,0,5403,1,1,0,0,0,0,1,0,0,1
3.868638e-12,3.868638e+00,1,5406,0,0,0,1,1,0,0,0,0,1
-7.748808e-12,-7.748808e+00,0,5410,1,1,1,1,0,0,0,1,1,0
7.510748e-12,7.510748e+00,1,5411,0,1,1,1,1,0,0,0,1,1
-8.600528e-12,-8.600528e+00,0,5414,1,1,1,0,1,1,1,1,0,0
-3.847152e-13,-3.847152e-01,1,5418,0,0,0,0,1,1,1,0,1,1
-7.222009e-12,-7.222009e+00,0,5420,1,1,0,0,0,0,1,1,1,0
-7.071695e-12,-7.071695e+00,1,5421,0,1,1,0,0,0,0,1,1,1
4.186475e-11,4.186475e+01,0,5422,1,0,1,1,0,0,0,0,1,1
-2.557017e-12,-2.557017e+00,1,5426,0,0,0,0,1,0,1,1,0,0
-3.145076e-12,-3.145076e+00,0,5428,1,1,0,0,0,0,1,0,1,1
-1.484337e-11,-1.484337e+01,1,5429,0,1,1,0,0,0,0,1,0,1
1.524417e-11,1.524417e+01,0,5430,1,0,1,1,0,0,0,0,1,0
-4.533410e-14,-4.533410e-02,1,5431,0,1,0,1,1,0,0,0,0,1
-4.004523e-11,-4.004523e+01,0,5432,1,0,1,0,1,1,0,0,0,0
-4.853131e-13,-4.853131e-01,1,5434,0,0,1,0,1,0,1,1,0,0
-5.107752e-12,-5.107752e+00,0,5436,1,1,0,0,1,0,1,0,1,1
-8.600191e-12,-8.600191e+00,1,5437,0,1,1,0,0,1,0,1,0,1
4.750224e-11,4.750224e+01,0,5438,1,0,1,1,0,0,1,0,1,0
7.502345e-12,7.502345e+00,1,5439,0,1,0,1,1,0,0,1,0,1
-8.663873e-12,-8.663873e+00,0,5440,1,0,1,0,1,1,0,0,1,0
-5.118128e-12,-5.118128e+00,1,5442,0,0,1,0,1,0,1,1,0,0
-6.380838e-12,-6.380838e+00,0,5443,1,0,0,1,0,1,0,1,1,0
-7.349395e-12,-7.349395e+00,1,5446,0,0,0,1,0,0,1,0,1,0
7.217634e-12,7.217634e+00,0,5453,1,1,1,1,1,1,1,0,0,0
4.027759e-11,4.027759e+01,1,5455,0,0,1,1,1,1,1,1,1,0
-1.121347e-11,-1.121347e+01,0,5457,1,1,0,0,1,1,1,1,1,1
-5.839833e-12,-5.839833e+00,1,5465,0,0,0,0,0,0,0,0,1,1
-3.248175e-12,-3.248175e+00,0,5468,1,1,1,0,0,0,0,0,0,0
-5.992990e-12,-5.992990e+00,1,5477,0,0,0,0,0,0,0,0,0,1
-5.535966e-12,-5.535966e+00,0,5479,1,1,0,0,0,0,0,0,0,0
-3.915558e-11,-3.915558e+01,1,5489,0,0,0,0,0,0,0,0,0,0
-5.566885e-11,-5.566885e+01,0,5492,1,1,1,0,0,0,0,0,0,0
7.762745e-11,7.762745e+01,1,5493,0,1,1,1,0,0,0,0,0,0
-2.372445e-12,-2.372445e+00,0,5495,1,1,0,1,1,1,0,0,0,0
-3.150166e-12,-3.150166e+00,1,5496,0,1,1,0,1,1,1,0,0,0
-8.419087e-12,-8.419087e+00,0,5498,1,1,0,1,1,0,1,1,1,0
2.260558e-11,2.260558e+01,1,5499,0,1,1,0,1,1,0,1,1,1
-7.893248e-12,-7.893248e+00,0,5502,1,1,1,0,1,1,0,1,1,0
1.353833e-11,1.353833e+01,1,5503,0,1,1,1,0,1,1,0,1,1
-2.617208e-12,-2.617208e+00,0,5504,1,0,1,1,1,0,1,1,0,1
-6.698167e-12,-6.698167e+00,1,5507,0,0,0,1,0,1,1,1,0,1
2.502406e-12,2.502406e+00,0,5508,1,0,0,0,1,0,1,1,1,0
-1.181317e-11,-1.181317e+01,1,5509,0,1,0,0,0,1,0,1,1,1
-5.475532e-12,-5.475532e+00,0,5510,1,0,1,0,0,0,1,0,1,1
-2.357838e-11,-2.357838e+01,1,5514,0,0,0,0,1,0,1,0,0,0
-5.198842e-12,-5.198842e+00,0,5515,1,0,0,0,0,1,0,1,0,0
-5.519738e-12,-5.519738e+00,1,5519,0,0,0,0,1,0,0,0,0,1
-3.234495e-12,-3.234495e+00,0,5520,1,0,0,0,0,1,0,0,0,0
3.543014e-11,3.543014e+01,1,5522,0,0,1,0,0,0,0,1,0,0
-1.600997e-12,-1.600997e+00,0,5524,1,1,0,0,1,0,0,0,0,1
-1.798666e-12,-1.798666e+00,1,5525,0,1,1,0,0,1,0,0,0,0
-2.379706e-11,-2.379706e+01,0,5526,1,0,1,1,0,0,1,0,0,0
-4.367176e-12,-4.367176e+00,1,5531,0,0,0,0,0,1,0,1,1,0
-4.959558e-12,-4.959558e+00,0,5532,1,0,0,0,0,0,1,0,1,1
-1.740109e-12,-1.740109e+00,1,5533,0,1,0,0,0,0,0,1,0,1
3.677048e-12,3.677048e+00,0,5534,1,0,1,0,0,0,0,0,1,0
-9.741256e-12,-9.741256e+00,1,5535,0,1,0,1,0,0,0,0,0,1
2.252468e-12,2.252468e+00,0,5536,1,0,1,0,1,0,0,0,0,0
-6.065420e-12,-6.065420e+00,1,5538,0,0,1,0,1,0,1,0,0,0
-4.748064e-12,-4.748064e+00,0,5540,1,1,0,0,1,0,1,0,1,0
3.578571e-12,3.578571e+00,1,5541,0,1,1,0,0,1,0,1,0,1
3.623896e-11,3.623896e+01,0,5549,1,1,1,1,1,1,1,1,0,1
-1.775634e-11,-1.775634e+01,1,5552,0,0,0,1,1,1,1,1,1,1
1.353137e-11,1.353137e+01,0,5553,1,0,0,0,1,1,1,1,1,1
8.244177e-12,8.244177e+00,1,5554,0,1,0,0,0,1,1,1,1,1
-7.748548e-12,-7.748548e+00,0,5556,1,1,0,1,0,0,0,1,1,1
-5.094738e-12,-5.094738e+00,1,5557,0,1,1,0,1,0,0,0,1,1
-2.130731e-11,-2.130731e+01,0,5559,1,1,0,1,1,0,1,0,0,0
3.950372e-11,3.950372e+01,1,5560,0,1,1,0,1,1,0,1,0,0
-4.961745e-13,-4.961745e-01,0,5561,1,0,1,1,0,1,1,0,1,0
1.272661e-11,1.272661e+01,1,5562,0,1,0,1,1,0,1,1,0,1
7.068202e-12,7.068202e+00,0,5567,1,1,1,1,1,0,1,0,1,1
-1.809171e-12,-1.809171e+00,1,5569,0,0,1,1,1,1,1,0,1,0
-8.677614e-12,-8.677614e+00,0,5575,1,1,1,1,1,1,0,0,1,1
-7.967752e-12,-7.967752e+00,1,5576,0,1,1,1,1,1,1,0,0,1
-7.000570e-12,-7.000570e+00,0,5578,1,1,0,1,1,1,1,1,1,0
-9.246119e-12,-9.246119e+00,1,5581,0,0,0,1,1,0,1,1,1,1
-3.269259e-12,-3.269259e+00,0,5583,1,1,0,0,0,1,1,0,1,1
-6.403657e-12,-6.403657e+00,1,5584,0,1,1,0,0,0,1,1,0,1
-3.953917e-11,-3.953917e+01,0,5586,1,1,0,1,1,0,0,0,1,1
-4.668145e-12,-4.668145e+00,1,5588,0,0,1,1,0,1,1,0,0,0
-8.629608e-12,-8.629608e+00,0,5591,1,1,1,0,0,1,1,0,1,1
-4.616574e-12,-4.616574e+00,1,5592,0,1,1,1,0,0,1,1,0,1
-4.422791e-12,-4.422791e+00,0,5593,1,0,1,1,1,0,0,1,1,0
-3.726629e-12,-3.726629e+00,1,5594,0,1,0,1,1,1,0,0,1,1
-4.604466e-12,-4.604466e+00,0,5595,1,0,1,0,1,1,1,0,0,1
-5.556599e-12,-5.556599e+00,1,5598,0,0,0,1,0,1,0,1,1,1
-1.962895e-12,-1.962895e+00,0,5601,1,1,1,0,0,0,1,0,1,0
-4.165058e-12,-4.165058e+00,1,5602,0,1,1,1,0,0,0,1,0,1
7.799549e-13,7.799549e-01,0,5603,1,0,1,1,1,0,0,0,1,0
-1.480729e-11,-1.480729e+01,1,5605,0,0,1,0,1,1,1,0,0,0
3.645946e-11,3.645946e+01,0,5606,1,0,0,1,0,1,1,1,0,0
-4.492640e-12,-4.492640e+00,1,5610,0,0,0,0,1,0,0,1,0,1
-2.326703e-12,-2.326703e+00,0,5612,1,1,0,0,0,0,1,0,0,1
2.369418e-12,2.369418e+00,1,5614,0,0,1,1,0,0,0,0,1,0
1.977265e-11,1.977265e+01,0,5615,1,0,0,1,1,0,0,0,0,1
-8.563832e-12,-8.563832e+00,1,5616,0,1,0,0,1,1,0,0,0,0
-4.156150e-12,-4.156150e+00,0,5617,1,0,1,0,0,1,1,0,0,0
-3.181969e-12,-3.181969e+00,1,5622,0,0,0,0,0,1,0,1,0,0
-3.562654e-12,-3.562654e+00,0,5625,1,1,1,0,0,0,0,0,1,0
-1.145942e-11,-1.145942e+01,1,5627,0,0,1,1,1,0,0,0,0,0
-5.477850e-12,-5.477850e+00,0,5628,1,0,0,1,1,1,0,0,0,0
-4.797426e-12,-4.797426e+00,1,5634,0,0,0,0,0,0,1,0,0,1
-9.423221e-12,-9.423221e+00,0,5636,1,1,0,0,0,0,0,0,1,0
-5.212972e-12,-5.212972e+00,1,5639,0,0,0,1,1,0,0,0,0,0
2.078210e-12,2.078210e+00,0,5640,1,0,0,0,1,1,0,0,0,0
1.317734e-11,1.317734e+01,1,5641,0,1,0,0,0,1,1,0,0,0
-5.401918e-12,-5.401918e+00,0,5643,1,1,0,1,0,0,0,1,1,0
-2.398379e-12,-2.398379e+00,1,5644,0,1,1,0,1,0,0,0,1,1
-6.775632e-12,-6.775632e+00,0,5647,1,1,1,0,1,1,0,1,0,0
3.436750e-11,3.436750e+01,1,5651,0,0,0,0,1,1,1,0,1,1
-5.632396e-12,-5.632396e+00,0,5652,1,0,0,0,0,1,1,1,0,1
2.678299e-11,2.678299e+01,1,5655,0,0,0,1,0,0,0,0,1,1
-9.279192e-13,-9.279192e-01,0,5656,1,0,0,0,1,0,0,0,0,1
-4.092782e-11,-4.092782e+01,1,5657,0,1,0,0,0,1,0,0,0,0
-5.830954e-12,-5.830954e+00,0,5660,1,1,1,0,1,0,0,0,1,0
-2.469893e-12,-2.469893e+00,1,5661,0,1,1,1,0,1,0,0,0,1
-5.777738e-12,-5.777738e+00,0,5665,1,1,1,1,0,1,1,1,0,1
2.846121e-11,2.846121e+01,1,5666,0,1,1,1,1,0,1,1,1,0
-1.145450e-11,-1.145450e+01,0,5667,1,0,1,1,1,1,0,1,1,1
4.066661e-11,4.066661e+01,1,5669,0,0,1,0,1,1,1,1,0,1
-9.483630e-12,-9.483630e+00,0,5671,1,1,0,0,1,0,1,1,1,1
-3.621664e-12,-3.621664e+00,1,5673,0,0,1,1,0,0,1,0,1,1
-7.474638e-12,-7.474638e+00,0,5675,1,1,0,0,1,1,0,0,1,0
-5.360363e-12,-5.360363e+00,1,5676,0,1,1,0,0,1,1,0,0,1
-4.678472e-12,-4.678472e+00,0,5677,1,0,1,1,0,0,1,1,0,0
-3.666721e-12,-3.666721e+00,1,5679,0,0,1,0,1,1,0,0,1,1
-5.391866e-12,-5.391866e+00,0,5682,1,1,1,0,0,1,0,1,1,0
-4.042796e-11,-4.042796e+01,1,5685,0,0,0,1,1,1,0,0,1,0
4.541739e-11,4.541739e+01,0,5690,1,1,1,1,1,0,0,0,1,1
2.151595e-11,2.151595e+01,1,5694,0,0,0,0,1,1,1,1,1,0
-2.579655e-12,-2.579655e+00,0,5696,1,1,0,0,0,0,1,1,1,1
-4.027870e-12,-4.027870e+00,1,5702,0,0,0,0,0,0,1,1,0,0
2.343468e-11,2.343468e+01,0,5704,1,1,0,0,0,0,0,0,1,1
-1.624542e-13,-1.624542e-01,1,5705,0,1,1,0,0,0,0,0,0,1
-8.671876e-12,-8.671876e+00,0,5706,1,0,1,1,0,0,0,0,0,0
-4.663900e-12,-4.663900e+00,1,5707,0,1,0,1,1,0,0,0,0,0
-4.466380e-11,-4.466380e+01,0,5708,1,0,1,0,1,1,0,0,0,0
4.784801e-11,4.784801e+01,1,5709,0,1,0,1,0,1,1,0,0,0
-3.215188e-11,-3.215188e+01,0,5711,1,1,0,1,0,1,0,1,1,0
2.050128e-12,2.050128e+00,1,5712,0,1,1,0,1,0,1,0,1,1
3.985692e-11,3.985692e+01,0,5715,1,1,1,0,1,1,0,1,0,1
-4.014298e-11,-4.014298e+01,1,5717,0,0,1,1,1,0,1,1,0,1
4.005209e-11,4.005209e+01,0,5718,1,0,0,1,1,1,0,1,1,0
1.150142e-11,1.150142e+01,1,5720,0,0,1,0,0,1,1,1,0,1
-4.219017e-12,-4.219017e+00,0,5721,1,0,0,1,0,0,1,1,1,0
-3.326475e-11,-3.326475e+01,1,5722,0,1,0,0,1,0,0,1,1,1
-1.211486e-12,-1.211486e+00,0,5723,1,0,1,0,0,1,0,0,1,1
-7.642335e-12,-7.642335e+00,1,5727,0,0,0,0,1,0,1,0,0,1
1.030703e-12,1.030703e+00,0,5731,1,1,1,1,0,0,0,0,1,0
-1.828432e-12,-1.828432e+00,1,5733,0,0,1,1,1,1,0,0,0,0
-3.461723e-11,-3.461723e+01,0,5734,1,0,0,1,1,1,1,0,0,0
-3.187606e-12,-3.187606e+00,1,5739,0,0,0,0,0,1,0,0,1,1
6.976721e-12,6.976721e+00,0,5741,1,1,0,0,0,0,0,1,0,0
-1.614689e-13,-1.614689e-01,1,5742,0,1,1,0,0,0,0,0,1,0
-7.040399e-12,-7.040399e+00,0,5743,1,0,1,1,0,0,0,0,0,1
-6.395668e-12,-6.395668e+00,1,5744,0,1,0,1,1,0,0,0,0,0
-2.655251e-12,-2.655251e+00,0,5745,1,0,1,0,1,1,0,0,0,0
-2.181167e-12,-2.181167e+00,1,5751,0,0,0,0,0,0,1,0,1,0
-1.146582e-11,-1.146582e+01,0,5758,1,1,1,1,1,1,1,0,0,0
-1.851569e-12,-1.851569e+00,1,5759,0,1,1,1,1,1,1,1,0,0
-9.504440e-12,-9.504440e+00,0,5761,1,1,0,1,1,1,1,1,1,1
-1.669253e-12,-1.669253e+00,1,5762,0,1,1,0,1,1,1,1,1,1
3.259855e-12,3.259855e+00,0,5763,1,0,1,1,0,1,1,1,1,1
6.535052e-12,6.535052e+00,1,5764,0,1,0,1,1,0,1,1,1,1
-3.445113e-12,-3.445113e+00,0,5766,1,1,0,1,0,1,1,0,1,1
-6.408546e-12,-6.408546e+00,1,5767,0,1,1,0,1,0,1,1,0,1
-3.842936e-12,-3.842936e+00,0,5769,1,1,0,1,1,0,1,0,1,1
-1.040279e-11,-1.040279e+01,1,5771,0,0,1,1,0,1,1,0,1,0
-6.066583e-12,-6.066583e+00,0,5777,1,1,1,1,1,1,0,0,1,1
-8.028655e-12,-8.028655e+00,1,5779,0,0,1,1,1,1,1,1,0,0
2.553326e-12,2.553326e+00,0,5782,1,1,1,0,0,1,1,1,1,1
-4.027705e-12,-4.027705e+00,1,5789,0,0,0,0,0,0,0,1,1,1
-6.069876e-12,-6.069876e+00,0,5792,1,1,1,0,0,0,0,0,0,0
-4.130093e-12,-4.130093e+00,1,5793,0,1,1,1,0,0,0,0,0,0
-3.835295e-12,-3.835295e+00,0,5794,1,0,1,1,1,0,0,0,0,0
-1.288984e-12,-1.288984e+00,1,5795,0,1,0,1,1,1,0,0,0,0
2.055973e-12,2.055973e+00,0,5797,1,1,0,1,0,1,1,1,0,0
-3.992563e-12,-3.992563e+00,1,5798,0,1,1,0,1,0,1,1,1,0
-5.262372e-12,-5.262372e+00,0,5800,1,1,0,1,1,0,1,0,1,1
2.102515e-11,2.102515e+01,1,5804,0,0,0,0,1,1,0,1,1,0
4.056751e-12,4.056751e+00,0,5805,1,0,0,0,0,1,1,0,1,1
1.166333e-13,1.166333e-01,1,5807,0,0,1,0,0,0,0,1,1,0
-2.544366e-12,-2.544366e+00,0,5811,1,1,1,1,0,0,1,0,0,0
-8.522730e-12,-8.522730e+00,1,5816,0,0,0,0,0,1,1,1,1,0
3.457987e-12,3.457987e+00,0,5817,1,0,0,0,0,0,1,1,1,1
-9.615527e-12,-9.615527e+00,1,5818,0,1,0,0,0,0,0,1,1,1
-7.092178e-12,-7.092178e+00,0,5819,1,0,1,0,0,0,0,0,1,1
-3.158814e-12,-3.158814e+00,1,5820,0,1,0,1,0,0,0,0,0,1
-5.652496e-12,-5.652496e+00,0,5822,1,1,0,1,0,1,0,0,0,0
2.128915e-11,2.128915e+01,1,5828,0,0,0,0,0,0,1,1,0,1
-1.086709e-11,-1.086709e+01,0,5829,1,0,0,0,0,0,0,1,1,0
-2.836307e-12,-2.836307e+00,1,5831,0,0,1,0,0,0,0,0,0,1
-4.283620e-11,-4.283620e+01,0,5832,1,0,0,1,0,0,0,0,0,0
4.043793e-11,4.043793e+01,1,5833,0,1,0,0,1,0,0,0,0,0
4.380353e-13,4.380353e-01,0,5834,1,0,1,0,0,1,0,0,0,0
-6.661417e-12,-6.661417e+00,1,5835,0,1,0,1,0,0,1,0,0,0
-2.079802e-12,-2.079802e+00,0,5837,1,1,0,1,0,1,0,0,1,0
-1.701181e-11,-1.701181e+01,1,5838,0,1,1,0,1,0,1,0,0,1
-4.847739e-12,-4.847739e+00,0,5842,1,1,1,1,0,1,1,0,1,0
-2.901298e-12,-2.901298e+00,1,5844,0,0,1,1,1,1,0,1,1,0
-6.518978e-12,-6.518978e+00,0,5845,1,0,0,1,1,1,1,0,1,1
-4.958461e-12,-4.958461e+00,1,5847,0,0,1,0,0,1,1,1,1,0
-3.917162e-12,-3.917162e+00,0,5851,1,1,1,1,0,0,1,0,0,1
-9.655652e-13,-9.655652e-01,1,5852,0,1,1,1,1,0,0,1,0,0
-1.564879e-11,-1.564879e+01,0,5855,1,1,1,0,1,1,1,1,0,0
1.242989e-12,1.242989e+00,1,5857,0,0,1,1,1,0,1,1,1,1
-5.487222e-12,-5.487222e+00,0,5860,1,1,1,0,0,1,1,1,0,1
-3.587828e-12,-3.587828e+00,1,5861,0,1,1,1,0,0,1,1,1,0
3.432428e-11,3.432428e+01,0,5865,1,1,1,1,0,1,1,1,0,0
-5.675613e-12,-5.675613e+00,1,5866,0,1,1,1,1,0,1,1,1,0
-4.637568e-12,-4.637568e+00,0,5867,1,0,1,1,1,1,0,1,1,1
-4.048646e-13,-4.048646e-01,1,5868,0,1,0,1,1,1,1,0,1,1
-9.268588e-12,-9.268588e+00,0,5869,1,0,1,0,1,1,1,1,0,1
-4.024806e-12,-4.024806e+00,1,5870,0,1,0,1,0,1,1,1,1,0
4.741743e-11,4.741743e+01,0,5874,1,1,1,1,0,1,0,1,0,1
7.417531e-12,7.417531e+00,1,5875,0,1,1,1,1,0,1,0,1,0
-5.491651e-12,-5.491651e+00,0,5883,1,1,1,1,1,1,1,1,0,1
-2.724555e-12,-2.724555e+00,1,5884,0,1,1,1,1,1,1,1,1,0
-8.360617e-12,-8.360617e+00,0,5888,1,1,1,1,0,1,1,1,1,1
-4.113286e-12,-4.113286e+00,1,5889,0,1,1,1,1,0,1,1,1,1
-5.267696e-12,-5.267696e+00,0,5891,1,1,0,1,1,1,1,0,1,1
-7.222749e-12,-7.222749e+00,1,5892,0,1,1,0,1,1,1,1,0,1
-3.183851e-12,-3.183851e+00,0,5894,1,1,0,1,1,0,1,1,1,1
-4.826351e-12,-4.826351e+00,1,5896,0,0,1,1,0,1,1,0,1,1
6.228078e-12,6.228078e+00,0,5898,1,1,0,0,1,1,0,1,1,0
-8.499986e-12,-8.499986e+00,1,5899,0,1,1,0,0,1,1,0,1,1
2.838699e-12,2.838699e+00,0,5900,1,0,1,1,0,0,1,1,0,1
-7.513512e-12,-7.513512e+00,1,5903,0,0,0,1,0,1,1,0,0,1
3.936371e-12,3.936371e+00,0,5904,1,0,0,0,1,0,1,1,0,0
7.327542e-12,7.327542e+00,1,5905,0,1,0,0,0,1,0,1,1,0
1.343652e-12,1.343652e+00,0,5906,1,0,1,0,0,0,1,0,1,1
-7.674567e-12,-7.674567e+00,1,5907,0,1,0,1,0,0,0,1,0,1
-4.672311e-12,-4.672311e+00,0,5908,1,0,1,0,1,0,0,0,1,0
1.769729e-12,1.769729e+00,1,5909,0,1,0,1,0,1,0,0,0,1
-6.909868e-12,-6.909868e+00,0,5910,1,0,1,0,1,0,1,0,0,0
-6.125624e-12,-6.125624e+00,1,5912,0,0,1,0,1,0,1,0,1,0
-3.581879e-12,-3.581879e+00,0,5914,1,1,0,0,1,0,1,0,1,0
-7.013526e-12,-7.013526e+00,1,5916,0,0,1,1,0,0,1,0,1,0
-4.014255e-12,-4.014255e+00,0,5917,1,0,0,1,1,0,0,1,0,1
-3.624500e-11,-3.624500e+01,1,5919,0,0,1,0,0,1,1,0,0,1
2.139884e-13,2.139884e-01,0,5920,1,0,0,1,0,0,1,1,0,0
-1.085561e-11,-1.085561e+01,1,5922,0,0,1,0,0,1,0,0,1,1
-8.596270e-12,-8.596270e+00,0,5925,1,1,1,0,0,1,0,0,1,0
-1.918824e-11,-1.918824e+01,1,5928,0,0,0,1,1,1,0,0,1,0
3.786972e-11,3.786972e+01,0,5929,1,0,0,0,1,1,1,0,0,1
-2.130176e-12,-2.130176e+00,1,5930,0,1,0,0,0,1,1,1,0,0
1.849636e-11,1.849636e+01,0,5931,1,0,1,0,0,0,1,1,1,0
-3.673683e-12,-3.673683e+00,1,5934,0,0,0,1,0,1,0,0,0,1
-2.678031e-12,-2.678031e+00,0,5936,1,1,0,0,0,1,0,1,0,0
-6.040518e-12,-6.040518e+00,1,5940,0,0,0,0,1,1,0,0,0,1
7.126126e-12,7.126126e+00,0,5941,1,0,0,0,0,1,1,0,0,0
-3.693160e-12,-3.693160e+00,1,5943,0,0,1,0,0,0,0,1,1,0
4.008553e-12,4.008553e+00,0,5945,1,1,0,0,1,0,0,0,0,1
-2.105386e-12,-2.105386e+00,1,5948,0,0,0,1,1,0,0,1,0,0
-2.455575e-12,-2.455575e+00,0,5950,1,1,0,0,0,1,1,0,0,1
-5.965121e-12,-5.965121e+00,1,5951,0,1,1,0,0,0,1,1,0,0
-9.528171e-12,-9.528171e+00,0,5952,1,0,1,1,0,0,0,1,1,0
-2.044539e-12,-2.044539e+00,1,5955,0,0,0,1,0,1,1,0,0,0
2.597061e-11,2.597061e+01,0,5958,1,1,1,0,0,0,1,0,1,1
9.393264e-12,9.393264e+00,1,5959,0,1,1,1,0,0,0,1,0,1
-9.225110e-12,-9.225110e+00,0,5960,1,0,1,1,1,0,0,0,1,0
-8.499750e-13,-8.499750e-01,1,5961,0,1,0,1,1,1,0,0,0,1
-8.876017e-12,-8.876017e+00,0,5962,1,0,1,0,1,1,1,0,0,0
-2.134266e-12,-2.134266e+00,1,5964,0,0,1,0,1,0,1,1,1,0
-4.665289e-12,-4.665289e+00,0,5966,1,1,0,0,1,0,1,0,1,1
-7.240597e-12,-7.240597e+00,1,5970,0,0,0,0,1,1,0,0,1,0
-5.787762e-12,-5.787762e+00,0,5971,1,0,0,0,0,1,1,0,0,1
-7.304456e-13,-7.304456e-01,1,5973,0,0,1,0,0,0,0,1,1,0
-6.036205e-12,-6.036205e+00,0,5974,1,0,0,1,0,0,0,0,1,1
2.028902e-11,2.028902e+01,1,5975,0,1,0,0,1,0,0,0,0,1
-9.402309e-12,-9.402309e+00,0,5976,1,0,1,0,0,1,0,0,0,0
-1.906438e-11,-1.906438e+01,1,5977,0,1,0,1,0,0,1,0,0,0
-7.285635e-12,-7.285635e+00,0,5978,1,0,1,0,1,0,0,1,0,0
3.031960e-11,3.031960e+01,1,5979,0,1,0,1,0,1,0,0,1,0
-3.752985e-12,-3.752985e+00,0,5981,1,1,0,1,0,1,0,1,0,0
-4.285287e-12,-4.285287e+00,1,5983,0,0,1,1,0,1,0,1,0,1
-1.344953e-12,-1.344953e+00,0,5992,1,1,1,1,1,1,1,1,1,0
-2.797198e-12,-2.797198e+00,1,5995,0,0,0,1,1,1,1,1,1,1
7.839979e-12,7.839979e+00,0,5997,1,1,0,0,0,1,1,1,1,1
-5.141689e-12,-5.141689e+00,1,5998,0,1,1,0,0,0,1,1,1,1
-2.115028e-12,-2.115028e+00,0,6000,1,1,0,1,1,0,0,0,1,1
-8.986139e-12,-8.986139e+00,1,6001,0,1,1,0,1,1,0,0,0,1
-4.875114e-12,-4.875114e+00,0,6003,1,1,0,1,1,0,1,1,0,0
-3.924957e-12,-3.924957e+00,1,6007,0,0,0,0,1,1,0,1,1,0
-9.867877e-12,-9.867877e+00,0,6011,1,1,1,1,0,0,0,0,1,1
5.340386e-13,5.340386e-01,1,6013,0,0,1,1,1,1,0,0,0,0
-3.423030e-12,-3.423030e+00,0,6016,1,1,1,0,0,1,1,1,1,0
-2.731031e-12,-2.731031e+00,1,6017,0,1,1,1,0,0,1,1,1,1
-2.586457e-11,-2.586457e+01,0,6020,1,1,1,0,1,1,1,0,0,1
-3.767411e-12,-3.767411e+00,1,6021,0,1,1,1,0,1,1,1,0,0
-7.505994e-12,-7.505994e+00,0,6024,1,1,1,0,1,1,1,0,1,1
-5.940712e-12,-5.940712e+00,1,6028,0,0,0,0,1,1,1,0,1,1
1.930839e-11,1.930839e+01,0,6029,1,0,0,0,0,1,1,1,0,1
-8.070899e-12,-8.070899e+00,1,6030,0,1,0,0,0,0,1,1,1,0
-3.510816e-12,-3.510816e+00,0,6034,1,1,1,1,0,1,0,0,0,0
-2.300891e-12,-2.300891e+00,1,6035,0,1,1,1,1,0,1,0,0,0
-4.230079e-11,-4.230079e+01,0,6036,1,0,1,1,1,1,0,1,0,0
5.294591e-11,5.294591e+01,1,6037,0,1,0,1,1,1,1,0,1,0
-2.705399e-11,-2.705399e+01,0,6039,1,1,0,1,0,1,1,1,1,0
-3.560461e-12,-3.560461e+00,1,6041,0,0,1,1,0,1,0,1,1,1
-1.736118e-12,-1.736118e+00,0,6042,1,0,0,1,1,0,1,0,1,1
-1.424581e-12,-1.424581e+00,1,6043,0,1,0,0,1,1,0,1,0,1
-3.865761e-12,-3.865761e+00,0,6045,1,1,0,1,0,0,1,1,0,1
-3.604725e-12,-3.604725e+00,1,6047,0,0,1,1,0,1,0,0,1,1
4.369255e-12,4.369255e+00,0,6048,1,0,0,1,1,0,1,0,0,1
-8.193667e-14,-8.193667e-02,1,6051,0,0,0,1,0,0,1,1,0,1
3.730614e-12,3.730614e+00,0,6056,1,1,1,1,1,0,0,0,1,0
-1.209839e-11,-1.209839e+01,1,6059,0,0,0,1,1,1,1,1,0,0
4.639781e-11,4.639781e+01,0,6060,1,0,0,0,1,1,1,1,1,0
6.397912e-12,6.397912e+00,1,6061,0,1,0,0,0,1,1,1,1,1
-9.229860e-12,-9.229860e+00,0,6064,1,1,1,0,1,0,0,0,1,1
-2.963953e-12,-2.963953e+00,1,6065,0,1,1,1,0,1,0,0,0,1
6.908403e-13,6.908403e-01,0,6067,1,1,0,1,1,1,0,1,0,0
-5.691673e-12,-5.691673e+00,1,6071,0,0,0,0,1,1,0,1,1,1
8.647154e-13,8.647154e-01,0,6072,1,0,0,0,0,1,1,0,1,1
-7.215375e-12,-7.215375e+00,1,6076,0,0,0,0,1,0,0,0,0,1
-8.598306e-12,-8.598306e+00,0,6077,1,0,0,0,0,1,0,0,0,0
-3.273637e-12,-3.273637e+00,1,6078,0,1,0,0,0,0,1,0,0,0
-5.551594e-12,-5.551594e+00,0,6079,1,0,1,0,0,0,0,1,0,0
-5.014329e-12,-5.014329e+00,1,6080,0,1,0,1,0,0,0,0,1,0
2.993865e-12,2.993865e+00,0,6082,1,1,0,1,0,1,0,0,0,0
-1.766382e-11,-1.766382e+01,1,6084,0,0,1,1,0,1,0,1,0,0
4.085440e-12,4.085440e+00,0,6086,1,1,0,0,1,1,0,1,0,1
-1.158681e-12,-1.158681e+00,1,6087,0,1,1,0,0,1,1,0,1,0
-5.416560e-12,-5.416560e+00,0,6088,1,0,1,1,0,0,1,1,0,1
7.252224e-12,7.252224e+00,1,6090,0,0,1,0,1,1,0,0,1,1
-3.274767e-11,-3.274767e+01,0,6091,1,0,0,1,0,1,1,0,0,1
4.149595e-12,4.149595e+00,1,6094,0,0,0,1,0,0,1,0,1,1
-6.203163e-12,-6.203163e+00,0,6097,1,1,1,0,0,0,1,0,0,1
3.000817e-12,3.000817e+00,1,6099,0,0,1,1,1,0,0,0,1,0
-3.699908e-11,-3.699908e+01,0,6100,1,0,0,1,1,1,0,0,0,1
3.723288e-11,3.723288e+01,1,6101,0,1,0,0,1,1,1,0,0,0
-2.767019e-12,-2.767019e+00,0,6102,1,0,1,0,0,1,1,1,0,0
1.006166e-12,1.006166e+00,1,6106,0,0,0,0,1,0,1,0,0,1
1.834406e-11,1.834406e+01,0,6108,1,1,0,0,0,0,1,0,1,0
-4.637581e-12,-4.637581e+00,1,6111,0,0,0,1,1,0,0,0,0,1
3.204212e-12,3.204212e+00,0,6112,1,0,0,0,1,1,0,0,0,0
-1.450285e-12,-1.450285e+00,1,6114,0,0,1,0,0,0,1,1,0,0
-2.774165e-13,-2.774165e-01,0,6116,1,1,0,0,1,0,0,0,1,1
-2.889715e-12,-2.889715e+00,1,6117,0,1,1,0,0,1,0,0,0,1
-5.179766e-12,-5.179766e+00,0,6118,1,0,1,1,0,0,1,0,0,0
1.471456e-12,1.471456e+00,1,6119,0,1,0,1,1,0,0,1,0,0
-2.067974e-12,-2.067974e+00,0,6120,1,0,1,0,1,1,0,0,1,0
-7.707708e-14,-7.707708e-02,1,6121,0,1,0,1,0,1,1,0,0,1
-4.168899e-12,-4.168899e+00,0,6125,1,1,1,1,0,1,0,1,0,1
4.844655e-11,4.844655e+01,1,6128,0,0,0,1,1,1,1,0,1,0
8.446653e-12,8.446653e+00,0,6129,1,0,0,0,1,1,1,1,0,1
-1.990507e-11,-1.990507e+01,1,6131,0,0,1,0,0,0,1,1,1,1
-1.139227e-11,-1.139227e+01,0,6132,1,0,0,1,0,0,0,1,1,1
3.188562e-12,3.188562e+00,1,6137,0,0,0,0,0,1,0,0,1,0
-5.389605e-12,-5.389605e+00,0,6139,1,1,0,0,0,0,0,1,0,0
-5.602494e-12,-5.602494e+00,1,6141,0,0,1,1,0,0,0,0,0,1
7.182051e-12,7.182051e+00,0,6145,1,1,1,1,0,0,1,1,0,0
-4.486236e-12,-4.486236e+00,1,6146,0,1,1,1,1,0,0,1,1,0
-1.511952e-12,-1.511952e+00,0,6148,1,1,0,1,1,1,1,0,0,1
5.239970e-12,5.239970e+00,1,6151,0,0,0,1,1,0,1,1,1,1
-1.944214e-12,-1.944214e+00,0,6154,1,1,1,0,0,0,1,1,0,1
3.252916e-11,3.252916e+01,1,6155,0,1,1,1,0,0,0,1,1,0
1.299770e-12,1.299770e+00,0,6159,1,1,1,1,0,1,1,1,0,0
-6.602656e-12,-6.602656e+00,1,6163,0,0,0,0,1,1,1,1,0,1
1.731810e-11,1.731810e+01,0,6165,1,1,0,0,0,0,1,1,1,1
-3.688585e-12,-3.688585e+00,1,6167,0,0,1,1,0,0,0,0,1,1
-3.771556e-12,-3.771556e+00,0,6169,1,1,0,0,1,1,0,0,0,0
8.421127e-12,8.421127e+00,1,6170,0,1,1,0,0,1,1,0,0,0
-6.590533e-12,-6.590533e+00,0,6171,1,0,1,1,0,0,1,1,0,0
-7.285271e-12,-7.285271e+00,1,6172,0,1,0,1,1,0,0,1,1,0
-7.468704e-13,-7.468704e-01,0,6174,1,1,0,1,0,1,1,0,0,1
-2.379366e-12,-2.379366e+00,1,6177,0,0,0,1,1,0,1,0,1,1
4.962455e-11,4.962455e+01,0,6180,1,1,1,0,0,0,1,1,0,1
-8.093780e-12,-8.093780e+00,1,6182,0,0,1,1,1,0,0,0,1,1
2.209240e-11,2.209240e+01,0,6183,1,0,0,1,1,1,0,0,0,1
-4.036715e-12,-4.036715e+00,1,6186,0,0,0,1,0,0,1,1,1,0
-5.136561e-12,-5.136561e+00,0,6188,1,1,0,0,0,1,0,0,1,1
-5.558514e-12,-5.558514e+00,1,6192,0,0,0,0,1,1,0,0,0,1
-3.518790e-11,-3.518790e+01,0,6196,1,1,1,1,0,0,0,0,1,1
-2.573685e-12,-2.573685e+00,1,6197,0,1,1,1,1,0,0,0,0,1
4.224035e-11,4.224035e+01,0,6198,1,0,1,1,1,1,0,0,0,0
2.240451e-12,2.240451e+00,1,6199,0,1,0,1,1,1,1,0,0,0
-5.718553e-12,-5.718553e+00,0,6200,1,0,1,0,1,1,1,1,0,0
-5.162441e-12,-5.162441e+00,1,6201,0,1,0,1,0,1,1,1,1,0
-3.254085e-12,-3.254085e+00,0,6203,1,1,0,1,0,1,0,1,1,1
-5.082918e-12,-5.082918e+00,1,6208,0,0,0,0,0,1,1,0,1,0
-1.583893e-11,-1.583893e+01,0,6209,1,0,0,0,0,0,1,1,0,1
-4.336689e-11,-4.336689e+01,1,6211,0,0,1,0,0,0,0,0,1,1
4.348226e-11,4.348226e+01,0,6212,1,0,0,1,0,0,0,0,0,1
-8.475885e-12,-8.475885e+00,1,6215,0,0,0,1,0,0,1,0,0,0
-3.618389e-12,-3.618389e+00,0,6217,1,1,0,0,0,1,0,0,1,0
1.883203e-13,1.883203e-01,1,6218,0,1,1,0,0,0,1,0,0,1
1.411302e-12,1.411302e+00,0,6222,1,1,1,1,0,1,1,0,0,0
-1.025058e-12,-1.025058e+00,1,6224,0,0,1,1,1,1,0,1,1,0
-2.289738e-12,-2.289738e+00,0,6226,1,1,0,0,1,1,1,1,0,1
-4.295280e-12,-4.295280e+00,1,6229,0,0,0,1,1,0,0,1,1,1
-1.382473e-12,-1.382473e+00,0,6230,1,0,0,0,1,1,0,0,1,1
-1.318053e-12,-1.318053e+00,1,6231,0,1,0,0,0,1,1,0,0,1
-1.213563e-11,-1.213563e+01,0,6233,1,1,0,1,0,0,0,1,1,0
-1.144118e-11,-1.144118e+01,1,6236,0,0,0,1,1,0,1,0,0,0
3.629715e-12,3.629715e+00,0,6239,1,1,1,0,0,0,1,1,0,1
-4.973697e-12,-4.973697e+00,1,6240,0,1,1,1,0,0,0,1,1,0
-4.121324e-12,-4.121324e+00,0,6241,1,0,1,1,1,0,0,0,1,1
-3.709005e-12,-3.709005e+00,1,6243,0,0,1,0,1,1,1,0,0,0
-6.366727e-12,-6.366727e+00,0,6246,1,1,1,0,0,1,0,1,1,1
3.499290e-12,3.499290e+00,1,6247,0,1,1,1,0,0,1,0,1,1
-1.106229e-11,-1.106229e+01,0,6248,1,0,1,1,1,0,0,1,0,1
1.506785e-12,1.506785e+00,1,6249,0,1,0,1,1,1,0,0,1,0
1.712477e-11,1.712477e+01,0,6254,1,1,1,1,1,0,1,0,1,1
1.503962e-13,1.503962e-01,1,6258,0,0,0,0,1,1,1,1,1,0
-1.636934e-12,-1.636934e+00,0,6259,1,0,0,0,0,1,1,1,1,1
-6.710527e-12,-6.710527e+00,1,6261,0,0,1,0,0,0,0,1,1,1
-9.958491e-12,-9.958491e+00,0,6263,1,1,0,0,1,0,0,0,0,1
1.265727e-12,1.265727e+00,1,6264,0,1,1,0,0,1,0,0,0,0
-1.452156e-12,-1.452156e+00,0,6267,1,1,1,0,1,1,0,0,1,0
3.745237e-11,3.745237e+01,1,6268,0,1,1,1,0,1,1,0,0,1
-5.782003e-12,-5.782003e+00,0,6272,1,1,1,1,0,1,1,1,0,1
-1.450519e-11,-1.450519e+01,1,6275,0,0,0,1,1,1,1,0,1,1
-8.913791e-12,-8.913791e+00,0,6276,1,0,0,0,1,1,1,1,0,1
-8.978372e-13,-8.978372e-01,1,6277,0,1,0,0,0,1,1,1,1,0
-3.199618e-12,-3.199618e+00,0,6281,1,1,1,1,0,1,0,0,0,1
-5.253228e-12,-5.253228e+00,1,6282,0,1,1,1,1,0,1,0,0,0
1.009712e-11,1.009712e+01,0,6285,1,1,1,0,1,1,1,1,0,1
-1.266186e-12,-1.266186e+00,1,6286,0,1,1,1,0,1,1,1,1,0
-2.521970e-12,-2.521970e+00,0,6287,1,0,1,1,1,0,1,1,1,1
-8.858578e-12,-8.858578e+00,1,6289,0,0,1,0,1,1,1,0,1,1
-3.644346e-12,-3.644346e+00,0,6291,1,1,0,0,1,0,1,1,1,0
1.135107e-12,1.135107e+00,1,6292,0,1,1,0,0,1,0,1,1,1
-4.685674e-12,-4.685674e+00,0,6293,1,0,1,1,0,0,1,0,1,1
-2.762534e-12,-2.762534e+00,1,6297,0,0,0,0,1,0,1,1,0,0
-1.721719e-12,-1.721719e+00,0,6298,1,0,0,0,0,1,0,1,1,0
-3.515570e-12,-3.515570e+00,1,6301,0,0,0,1,0,0,0,0,1,0
2.036783e-12,2.036783e+00,0,6306,1,1,1,1,1,0,0,0,1,0
-3.966536e-12,-3.966536e+00,1,6307,0,1,1,1,1,1,0,0,0,1
2.822780e-13,2.822780e-01,0,6311,1,1,1,1,0,1,1,1,1,1
-5.604501e-12,-5.604501e+00,1,6312,0,1,1,1,1,0,1,1,1,1
-6.188536e-12,-6.188536e+00,0,6313,1,0,1,1,1,1,0,1,1,1
1.717168e-12,1.717168e+00,1,6314,0,1,0,1,1,1,1,0,1,1
-5.442098e-12,-5.442098e+00,0,6316,1,1,0,1,0,1,1,1,1,0
-4.608666e-12,-4.608666e+00,1,6317,0,1,1,0,1,0,1,1,1,1
-6.354715e-12,-6.354715e+00,0,6318,1,0,1,1,0,1,0,1,1,1
-1.106090e-11,-1.106090e+01,1,6323,0,0,0,0,0,1,0,1,1,0
2.668921e-11,2.668921e+01,0,6324,1,0,0,0,0,0,1,0,1,1
-2.097809e-11,-2.097809e+01,1,6326,0,0,1,0,0,0,0,0,1,0
-4.878272e-12,-4.878272e+00,0,6331,1,1,1,1,1,0,0,1,0,0
-5.647931e-12,-5.647931e+00,1,6332,0,1,1,1,1,1,0,0,1,0
-4.429708e-11,-4.429708e+01,0,6334,1,1,0,1,1,1,1,1,0,0
-1.209871e-11,-1.209871e+01,1,6336,0,0,1,1,0,1,1,1,1,1
-5.052967e-12,-5.052967e+00,0,6339,1,1,1,0,0,1,1,0,1,1
1.912847e-11,1.912847e+01,1,6340,0,1,1,1,0,0,1,1,0,1
2.005726e-11,2.005726e+01,0,6342,1,1,0,1,1,1,0,0,1,1
-3.824983e-12,-3.824983e+00,1,6344,0,0,1,1,0,1,1,1,0,0
3.704800e-13,3.704800e-01,0,6347,1,1,1,0,0,1,1,0,1,1
-2.591271e-11,-2.591271e+01,1,6351,0,0,0,0,1,1,1,0,0,1
-2.386084e-12,-2.386084e+00,0,6352,1,0,0,0,0,1,1,1,0,0
1.720790e-12,1.720790e+00,1,6353,0,1,0,0,0,0,1,1,1,0
4.140630e-13,4.140630e-01,0,6354,1,0,1,0,0,0,0,1,1,1
5.511238e-12,5.511238e+00,1,6355,0,1,0,1,0,0,0,0,1,1
-1.179574e-12,-1.179574e+00,0,6356,1,0,1,0,1,0,0,0,0,1
9.102377e-13,9.102377e-01,1,6357,0,1,0,1,0,1,0,0,0,0
3.567923e-11,3.567923e+01,0,6360,1,1,1,0,1,0,1,0,1,0
-4.320664e-12,-4.320664e+00,1,6361,0,1,1,1,0,1,0,1,0,1
-2.043321e-12,-2.043321e+00,0,6370,1,1,1,1,1,1,1,1,1,0
-1.464287e-12,-1.464287e+00,1,6371,0,1,1,1,1,1,1,1,1,1
5.013015e-12,5.013015e+00,0,6372,1,0,1,1,1,1,1,1,1,1
6.999341e-13,6.999341e-01,1,6382,0,0,0,0,0,0,0,0,0,0
1.923861e-12,1.923861e+00,0,6383,1,0,0,0,0,0,0,0,0,0
1.942325e-11,1.942325e+01,1,6394,0,0,0,0,0,0,0,0,0,0
-2.225831e-12,-2.225831e+00,0,6395,1,0,0,0,0,0,0,0,0,0
-1.070334e-12,-1.070334e+00,1,6396,0,1,0,0,0,0,0,0,0,0
-2.717687e-12,-2.717687e+00,0,6398,1,1,0,1,0,0,0,0,0,0
3.242099e-12,3.242099e+00,1,6399,0,1,1,0,1,0,0,0,0,0
-3.149265e-12,-3.149265e+00,0,6401,1,1,0,1,1,0,1,0,0,0
-3.443470e-12,-3.443470e+00,1,6402,0,1,1,0,1,1,0,1,0,0
2.567752e-12,2.567752e+00,0,6404,1,1,0,1,1,0,1,1,0,1
2.184627e-12,2.184627e+00,1,6405,0,1,1,0,1,1,0,1,1,0
1.878728e-12,1.878728e+00,0,6406,1,0,1,1,0,1,1,0,1,1
-3.350718e-11,-3.350718e+01,1,6408,0,0,1,0,1,1,0,1,1,0
1.365675e-12,1.365675e+00,0,6412,1,1,1,1,0,0,1,0,1,1
1.043976e-12,1.043976e+00,1,6414,0,0,1,1,1,1,0,0,1,0
-3.061008e-12,-3.061008e+00,0,6419,1,1,1,1,1,0,0,1,1,1
-6.140658e-12,-6.140658e+00,1,6424,0,0,0,0,0,1,1,1,1,1
-3.515109e-11,-3.515109e+01,0,6427,1,1,1,0,0,0,0,0,1,1
8.737169e-13,8.737169e-01,1,6428,0,1,1,1,0,0,0,0,0,1
-4.488788e-12,-4.488788e+00,0,6430,1,1,0,1,1,1,0,0,0,0
1.943920e-12,1.943920e+00,1,6436,0,0,0,0,0,0,1,1,0,1
1.213737e-12,1.213737e+00,0,6438,1,1,0,0,0,0,0,0,1,1
-5.448257e-12,-5.448257e+00,1,6440,0,0,1,1,0,0,0,0,0,0
-1.652410e-13,-1.652410e-01,0,6443,1,1,1,0,0,1,1,0,0,0
5.046306e-12,5.046306e+00,1,6444,0,1,1,1,0,0,1,1,0,0
9.028385e-13,9.028385e-01,0,6446,1,1,0,1,1,1,0,0,1,1
-3.909706e-11,-3.909706e+01,1,6447,0,1,1,0,1,1,1,0,0,1
1.289071e-11,1.289071e+01,0,6448,1,0,1,1,0,1,1,1,0,0
-1.563395e-11,-1.563395e+01,1,6449,0,1,0,1,1,0,1,1,1,0
1.344716e-11,1.344716e+01,0,6450,1,0,1,0,1,1,0,1,1,1
-6.606231e-12,-6.606231e+00,1,6451,0,1,0,1,0,1,1,0,1,1
-1.429704e-12,-1.429704e+00,0,6452,1,0,1,0,1,0,1,1,0,1
2.089806e-13,2.089806e-01,1,6453,0,1,0,1,0,1,0,1,1,0
-1.949704e-12,-1.949704e+00,0,6457,1,1,1,1,0,1,0,1,0,1
5.487087e-13,5.487087e-01,1,6459,0,0,1,1,1,1,0,1,0,1
3.900298e-12,3.900298e+00,0,6460,1,0,0,1,1,1,1,0,1,0
7.061675e-13,7.061675e-01,1,6462,0,0,1,0,0,1,1,1,1,0
3.526666e-11,3.526666e+01,0,6463,1,0,0,1,0,0,1,1,1,1
1.443756e-12,1.443756e+00,1,6465,0,0,1,0,0,1,0,0,1,1
-7.855614e-11,-7.855614e+01,0,6467,1,1,0,0,1,0,0,1,0,0
4.517351e-11,4.517351e+01,1,6468,0,1,1,0,0,1,0,0,1,0
5.173615e-12,5.173615e+00,0,6469,1,0,1,1,0,0,1,0,0,1
-1.879026e-12,-1.879026e+00,1,6470,0,1,0,1,1,0,0,1,0,0
2.812359e-11,2.812359e+01,0,6471,1,0,1,0,1,1,0,0,1,0
1.261390e-12,1.261390e+00,1,6474,0,0,0,1,0,1,0,1,1,0
9.938518e-12,9.938518e+00,0,6475,1,0,0,0,1,0,1,0,1,1
-5.530271e-14,-5.530271e-02,1,6476,0,1,0,0,0,1,0,1,0,1
2.139701e-12,2.139701e+00,0,6477,1,0,1,0,0,0,1,0,1,0
-9.389326e-13,-9.389326e-01,1,6478,0,1,0,1,0,0,0,1,0,1
2.157532e-11,2.157532e+01,0,6479,1,0,1,0,1,0,0,0,1,0
2.795753e-12,2.795753e+00,1,6481,0,0,1,0,1,0,1,0,0,0
3.751497e-11,3.751497e+01,0,6482,1,0,0,1,0,1,0,1,0,0
-6.052521e-14,-6.052521e-02,1,6486,0,0,0,0,1,0,0,1,0,1
-4.791331e-12,-4.791331e+00,0,6487,1,0,0,0,0,1,0,0,1,0
5.872565e-12,5.872565e+00,1,6489,0,0,1,0,0,0,0,1,0,0
2.491221e-11,2.491221e+01,0,6490,1,0,0,1,0,0,0,0,1,0
5.441741e-13,5.441741e-01,1,6493,0,0,0,1,0,0,1,0,0,0
-6.590765e-13,-6.590765e-01,0,6494,1,0,0,0,1,0,0,1,0,0
2.173322e-12,2.173322e+00,1,6495,0,1,0,0,0,1,0,0,1,0
3.388178e-12,3.388178e+00,0,6497,1,1,0,1,0,0,0,1,0,0
6.795432e-13,6.795432e-01,1,6499,0,0,1,1,0,1,0,0,0,1
7.007828e-13,7.007828e-01,0,6503,1,1,1,1,0,0,1,1,0,1
3.286306e-12,3.286306e+00,1,6504,0,1,1,1,1,0,0,1,1,0
7.095973e-12,7.095973e+00,0,6505,1,0,1,1,1,1,0,0,1,1
1.140368e-12,1.140368e+00,1,6507,0,0,1,0,1,1,1,1,0,0
8.972950e-12,8.972950e+00,0,6510,1,1,1,0,0,1,0,1,1,1
1.926455e-12,1.926455e+00,1,6515,0,0,0,0,0,1,1,1,0,0
3.491653e-12,3.491653e+00,0,6516,1,0,0,0,0,0,1,1,1,0
-6.917279e-13,-6.917279e-01,1,6519,0,0,0,1,0,0,0,0,0,1
-8.214924e-13,-8.214924e-01,0,6521,1,1,0,0,0,1,0,0,0,0
1.385658e-13,1.385658e-01,1,6527,0,0,0,0,0,0,1,1,0,0
2.817788e-12,2.817788e+00,0,6528,1,0,0,0,0,0,0,1,1,0
5.356257e-12,5.356257e+00,1,6529,0,1,0,0,0,0,0,0,1,1
-1.592830e-12,-1.592830e+00,0,6532,1,1,1,0,1,0,0,0,0,0
-5.126640e-12,-5.126640e+00,1,6539,0,0,0,0,0,0,0,1,1,1
-5.138148e-12,-5.138148e+00,0,6540,1,0,0,0,0,0,0,0,1,1
-4.115292e-13,-4.115292e-01,1,6544,0,0,0,0,1,0,0,0,0,0
-4.181012e-12,-4.181012e+00,0,6546,1,1,0,0,0,0,1,0,0,0
-4.714571e-12,-4.714571e+00,1,6547,0,1,1,0,0,0,0,1,0,0
5.813975e-12,5.813975e+00,0,6549,1,1,0,1,1,0,0,0,0,1
-3.418592e-11,-3.418592e+01,1,6550,0,1,1,0,1,1,0,0,0,0
-1.700810e-12,-1.700810e+00,0,6551,1,0,1,1,0,1,1,0,0,0
3.984341e-12,3.984341e+00,1,6556,0,0,0,0,0,1,0,1,1,0
-1.103394e-11,-1.103394e+01,0,6560,1,1,1,1,0,0,0,0,0,1
9.029697e-12,9.029697e+00,1,6562,0,0,1,1,1,1,0,0,0,0
-4.581039e-12,-4.581039e+00,0,6563,1,0,0,1,1,1,1,0,0,0
4.209257e-13,4.209257e-01,1,6564,0,1,0,0,1,1,1,1,0,0
5.616533e-12,5.616533e+00,0,6566,1,1,0,1,0,0,1,1,1,1
1.258381e-12,1.258381e+00,1,6567,0,1,1,0,1,0,0,1,1,1
5.613410e-12,5.613410e+00,0,6568,1,0,1,1,0,1,0,0,1,1
-4.008267e-12,-4.008267e+00,1,6569,0,1,0,1,1,0,1,0,0,1
-4.495306e-12,-4.495306e+00,0,6571,1,1,0,1,0,1,1,0,1,0
-5.310099e-12,-5.310099e+00,1,6574,0,0,0,1,1,0,1,0,1,1
-3.114011e-11,-3.114011e+01,0,6575,1,0,0,0,1,1,0,1,0,1
7.201523e-12,7.201523e+00,1,6578,0,0,0,1,0,0,0,1,1,0
-2.989180e-11,-2.989180e+01,0,6579,1,0,0,0,1,0,0,0,1,1
-7.477206e-13,-7.477206e-01,1,6581,0,0,1,0,0,0,1,0,0,0
5.175555e-12,5.175555e+00,0,6584,1,1,1,0,0,1,0,0,0,1
7.405105e-14,7.405105e-02,1,6585,0,1,1,1,0,0,1,0,0,0
-7.900809e-13,-7.900809e-01,0,6586,1,0,1,1,1,0,0,1,0,0
1.122796e-12,1.122796e+00,1,6590,0,0,0,0,1,0,1,1,1,0
-2.406969e-12,-2.406969e+00,0,6591,1,0,0,0,0,1,0,1,1,1
-3.639227e-12,-3.639227e+00,1,6592,0,1,0,0,0,0,1,0,1,1
3.056203e-12,3.056203e+00,0,6593,1,0,1,0,0,0,0,1,0,1
-1.437292e-11,-1.437292e+01,1,6594,0,1,0,1,0,0,0,0,1,0
4.262180e-12,4.262180e+00,0,6599,1,1,1,1,1,0,1,0,1,0
-9.367590e-12,-9.367590e+00,1,6600,0,1,1,1,1,1,0,1,0,1
8.134400e-12,8.134400e+00,0,6607,1,1,1,1,1,1,1,0,1,1
-3.119502e-11,-3.119502e+01,1,6608,0,1,1,1,1,1,1,1,0,1
-5.899626e-13,-5.899626e-01,0,6610,1,1,0,1,1,1,1,1,1,1
7.314150e-13,7.314150e-01,1,6612,0,0,1,1,0,1,1,1,1,1
-1.297845e-12,-1.297845e+00,0,6614,1,1,0,0,1,1,0,1,1,1
3.308046e-13,3.308046e-01,1,6615,0,1,1,0,0,1,1,0,1,1
1.767736e-12,1.767736e+00,0,6617,1,1,0,1,1,0,0,1,1,0
-2.270645e-12,-2.270645e+00,1,6618,0,1,1,0,1,1,0,0,1,1
-6.449390e-12,-6.449390e+00,0,6619,1,0,1,1,0,1,1,0,0,1
2.768249e-13,2.768249e-01,1,6622,0,0,0,1,0,1,1,0,1,1
4.020900e-12,4.020900e+00,0,6625,1,1,1,0,0,0,1,0,1,1
-5.037395e-12,-5.037395e+00,1,6627,0,0,1,1,1,0,0,0,1,0
6.432797e-12,6.432797e+00,0,6632,1,1,1,1,1,0,0,1,1,1
-1.654946e-11,-1.654946e+01,1,6633,0,1,1,1,1,1,0,0,1,1
4.040518e-11,4.040518e+01,0,6634,1,0,1,1,1,1,1,0,0,1
4.052846e-13,4.052846e-01,1,6635,0,1,0,1,1,1,1,1,0,0
3.332732e-13,3.332732e-01,0,6638,1,1,1,0,1,0,1,1,1,1
1.895943e-11,1.895943e+01,1,6644,0,0,0,0,0,0,1,1,1,0
-4.189746e-12,-4.189746e+00,0,6645,1,0,0,0,0,0,0,1,1,1
7.475796e-13,7.475796e-01,1,6647,0,0,1,0,0,0,0,0,0,1
3.285521e-13,3.285521e-01,0,6649,1,1,0,0,1,0,0,0,0,0
3.306352e-11,3.306352e+01,1,6656,0,0,0,0,0,0,0,1,1,0
2.824019e-12,2.824019e+00,0,6657,1,0,0,0,0,0,0,0,1,1
-2.828648e-12,-2.828648e+00,1,6658,0,1,0,0,0,0,0,0,0,1
1.664210e-12,1.664210e+00,0,6659,1,0,1,0,0,0,0,0,0,0
1.030277e-11,1.030277e+01,1,6660,0,1,0,1,0,0,0,0,0,0
-2.969713e-11,-2.969713e+01,0,6661,1,0,1,0,1,0,0,0,0,0
-6.969703e-11,-6.969703e+01,1,6662,0,1,0,1,0,1,0,0,0,0
9.186720e-11,9.186720e+01,0,6664,1,1,0,1,0,1,0,1,0,0
5.186731e-11,5.186731e+01,1,6665,0,1,1,0,1,0,1,0,1,0
-1.144170e-12,-1.144170e+00,0,6667,1,1,0,1,1,0,1,0,1,0
9.590344e-13,9.590344e-01,1,6669,0,0,1,1,0,1,1,0,1,0
6.267023e-12,6.267023e+00,0,6670,1,0,0,1,1,0,1,1,0,1
-6.268609e-13,-6.268609e-01,1,6672,0,0,1,0,0,1,1,0,1,1
2.714885e-11,2.714885e+01,0,6673,1,0,0,1,0,0,1,1,0,1
-8.645180e-13,-8.645180e-01,1,6676,0,0,0,1,0,0,1,0,0,1
2.264155e-12,2.264155e+00,0,6677,1,0,0,0,1,0,0,1,0,0
1.304076e-12,1.304076e+00,1,6678,0,1,0,0,0,1,0,0,1,0
8.080718e-13,8.080718e-01,0,6679,1,0,1,0,0,0,1,0,0,1
1.189966e-11,1.189966e+01,1,6680,0,1,0,1,0,0,0,1,0,0
3.000226e-12,3.000226e+00,0,6681,1,0,1,0,1,0,0,0,1,0
3.261890e-11,3.261890e+01,1,6684,0,0,0,1,0,1,0,1,0,0
-5.796380e-12,-5.796380e+00,0,6685,1,0,0,0,1,0,1,0,1,0
1.273151e-12,1.273151e+00,1,6686,0,1,0,0,0,1,0,1,0,1
-3.625422e-12,-3.625422e+00,0,6694,1,1,1,1,1,1,1,1,0,1
2.580843e-11,2.580843e+01,1,6695,0,1,1,1,1,1,1,1,1,0
-4.268081e-12,-4.268081e+00,0,6696,1,0,1,1,1,1,1,1,1,1
1.398053e-11,1.398053e+01,1,6698,0,0,1,0,1,1,1,1,1,1
5.313246e-12,5.313246e+00,0,6700,1,1,0,0,1,0,1,1,1,1
1.956049e-12,1.956049e+00,1,6701,0,1,1,0,0,1,0,1,1,1
-3.134048e-12,-3.134048e+00,0,6703,1,1,0,1,1,0,0,1,0,1
1.905396e-12,1.905396e+00,1,6704,0,1,1,0,1,1,0,0,1,0
2.376667e-12,2.376667e+00,0,6709,1,1,1,1,1,0,1,1,0,1
5.732367e-12,5.732367e+00,1,6712,0,0,0,1,1,1,1,1,0,1
-6.498735e-13,-6.498735e-01,0,6713,1,0,0,0,1,1,1,1,1,0
1.959485e-12,1.959485e+00,1,6714,0,1,0,0,0,1,1,1,1,1
7.485651e-12,7.485651e+00,0,6715,1,0,1,0,0,0,1,1,1,1
-1.008477e-13,-1.008477e-01,1,6721,0,0,0,0,0,0,1,0,1,0
1.445331e-12,1.445331e+00,0,6723,1,1,0,0,0,0,0,0,1,0
6.610860e-12,6.610860e+00,1,6725,0,0,1,1,0,0,0,0,0,0
1.167254e-12,1.167254e+00,0,6726,1,0,0,1,1,0,0,0,0,0
-4.246822e-12,-4.246822e+00,1,6733,0,0,0,0,0,0,0,1,0,0
-1.354385e-12,-1.354385e+00,0,6736,1,1,1,0,0,0,0,0,0,0
3.654634e-12,3.654634e+00,1,6738,0,0,1,1,1,0,0,0,0,0
1.093944e-11,1.093944e+01,0,6740,1,1,0,0,1,1,1,0,0,0
-2.906046e-11,-2.906046e+01,1,6741,0,1,1,0,0,1,1,1,0,0
5.047255e-12,5.047255e+00,0,6743,1,1,0,1,1,0,0,1,1,1
-1.954032e-12,-1.954032e+00,1,6744,0,1,1,0,1,1,0,0,1,1
4.037317e-12,4.037317e+00,0,6745,1,0,1,1,0,1,1,0,0,1
3.540529e-12,3.540529e+00,1,6746,0,1,0,1,1,0,1,1,0,0
6.335747e-12,6.335747e+00,0,6749,1,1,1,0,1,0,1,1,0,1
6.449146e-12,6.449146e+00,1,6752,0,0,0,1,1,1,0,1,0,1
-3.691224e-12,-3.691224e+00,0,6753,1,0,0,0,1,1,1,0,1,0
2.132442e-11,2.132442e+01,1,6754,0,1,0,0,0,1,1,1,0,1
-4.047127e-12,-4.047127e+00,0,6755,1,0,1,0,0,0,1,1,1,0
-1.480917e-12,-1.480917e+00,1,6757,0,0,1,0,1,0,0,0,1,1
-5.939997e-13,-5.939997e-01,0,6758,1,0,0,1,0,1,0,0,0,1
-2.418227e-12,-2.418227e+00,1,6759,0,1,0,0,1,0,1,0,0,0
-2.525173e-12,-2.525173e+00,0,6762,1,1,1,0,1,0,0,1,0,1
-6.272459e-12,-6.272459e+00,1,6763,0,1,1,1,0,1,0,0,1,0
7.856991e-12,7.856991e+00,0,6764,1,0,1,1,1,0,1,0,0,1
3.078019e-12,3.078019e+00,1,6766,0,0,1,0,1,1,1,0,1,0
-4.925073e-12,-4.925073e+00,0,6767,1,0,0,1,0,1,1,1,0,1
-1.335487e-12,-1.335487e+00,1,6768,0,1,0,0,1,0,1,1,1,0
-1.132758e-12,-1.132758e+00,0,6769,1,0,1,0,0,1,0,1,1,1
-1.933760e-13,-1.933760e-01,1,6771,0,0,1,0,1,0,0,1,0,1
-1.381565e-12,-1.381565e+00,0,6773,1,1,0,0,1,0,1,0,0,1
-3.821813e-13,-3.821813e-01,1,6775,0,0,1,1,0,0,1,0,1,0
-1.986500e-12,-1.986500e+00,0,6776,1,0,0,1,1,0,0,1,0,1
-4.198640e-11,-4.198640e+01,1,6777,0,1,0,0,1,1,0,0,1,0
-8.198629e-11,-8.198629e+01,0,6778,1,0,1,0,0,1,1,0,0,1
5.584714e-12,5.584714e+00,1,6780,0,0,1,0,1,0,0,1,1,0
1.211982e-13,1.211982e-01,0,6781,1,0,0,1,0,1,0,0,1,1
3.309366e-11,3.309366e+01,1,6782,0,1,0,0,1,0,1,0,0,1
4.492041e-12,4.492041e+00,0,6783,1,0,1,0,0,1,0,1,0,0
3.136026e-12,3.136026e+00,1,6784,0,1,0,1,0,0,1,0,1,0
1.935871e-12,1.935871e+00,0,6785,1,0,1,0,1,0,0,1,0,1
3.280920e-12,3.280920e+00,1,6786,0,1,0,1,0,1,0,0,1,0
3.444349e-12,3.444349e+00,0,6787,1,0,1,0,1,0,1,0,0,1
9.717209e-13,9.717209e-01,1,6789,0,0,1,0,1,0,1,0,1,0
-1.099971e-12,-1.099971e+00,0,6790,1,0,0,1,0,1,0,1,0,1
2.603259e-12,2.603259e+00,1,6791,0,1,0,0,1,0,1,0,1,0
3.455909e-12,3.455909e+00,0,6792,1,0,1,0,0,1,0,1,0,1
-5.282555e-14,-5.282555e-02,1,6794,0,0,1,0,1,0,0,1,0,1
-1.941146e-12,-1.941146e+00,0,6795,1,0,0,1,0,1,0,0,1,0
2.472393e-12,2.472393e+00,1,6797,0,0,1,0,0,1,0,1,0,0
7.340460e-13,7.340460e-01,0,6798,1,0,0,1,0,0,1,0,1,0
6.394328e-12,6.394328e+00,1,6801,0,0,0,1,0,0,1,0,0,1
-1.906392e-12,-1.906392e+00,0,6802,1,0,0,0,1,0,0,1,0,0
7.136753e-12,7.136753e+00,1,6804,0,0,1,0,0,0,1,0,0,1
9.568811e-13,9.568811e-01,0,6808,1,1,1,1,0,0,1,0,0,0
-5.575388e-12,-5.575388e+00,1,6810,0,0,1,1,1,1,0,0,1,0
4.106240e-12,4.106240e+00,0,6812,1,1,0,0,1,1,1,1,0,0
1.823115e-12,1.823115e+00,1,6814,0,0,1,1,0,0,1,1,1,1
-3.585897e-11,-3.585897e+01,0,6817,1,1,1,0,0,1,1,0,0,1
5.145340e-11,5.145340e+01,1,6818,0,1,1,1,0,0,1,1,0,0
6.980549e-12,6.980549e+00,0,6821,1,1,1,0,1,1,1,0,0,1
7.050766e-13,7.050766e-01,1,6824,0,0,0,1,1,1,0,1,1,1
-1.811907e-12,-1.811907e+00,0,6827,1,1,1,0,0,0,1,1,1,0
6.426089e-13,6.426089e-01,1,6828,0,1,1,1,0,0,0,1,1,1
2.624252e-12,2.624252e+00,0,6829,1,0,1,1,1,0,0,0,1,1
3.389640e-11,3.389640e+01,1,6833,0,0,0,0,1,0,1,1,1,0
1.331712e-12,1.331712e+00,0,6835,1,1,0,0,0,0,1,0,1,1
1.699485e-12,1.699485e+00,1,6839,0,0,0,0,1,1,0,0,0,0
3.513043e-11,3.513043e+01,0,6840,1,0,0,0,0,1,1,0,0,0
-1.445577e-12,-1.445577e+00,1,6845,0,0,0,0,0,1,0,0,0,0
-1.420158e-12,-1.420158e+00,0,6848,1,1,1,0,0,0,0,0,1,0
4.961478e-13,4.961478e-01,1,6849,0,1,1,1,0,0,0,0,0,1
4.492785e-12,4.492785e+00,0,6853,1,1,1,1,0,1,1,1,0,0
-5.161170e-12,-5.161170e+00,1,6854,0,1,1,1,1,0,1,1,1,0
-3.136219e-12,-3.136219e+00,0,6856,1,1,0,1,1,1,1,0,1,1
2.326854e-12,2.326854e+00,1,6860,0,0,0,0,1,1,0,1,1,1
2.062080e-12,2.062080e+00,0,6861,1,0,0,0,0,1,1,0,1,1
2.240966e-13,2.240966e-01,1,6862,0,1,0,0,0,0,1,1,0,1
3.425126e-12,3.425126e+00,0,6864,1,1,0,1,0,0,0,0,1,1
6.744302e-12,6.744302e+00,1,6866,0,0,1,1,0,1,0,0,0,0
3.221462e-12,3.221462e+00,0,6869,1,1,1,0,0,1,1,0,1,0
2.931626e-13,2.931626e-01,1,6870,0,1,1,1,0,0,1,1,0,1
-2.709238e-13,-2.709238e-01,0,6875,1,1,1,1,1,0,1,1,1,0
2.645675e-12,2.645675e+00,1,6878,0,0,0,1,1,1,1,1,0,1
-6.637833e-13,-6.637833e-01,0,6880,1,1,0,0,0,1,1,1,1,1
3.267329e-12,3.267329e+00,1,6882,0,0,1,1,0,0,0,1,1,1
4.864838e-12,4.864838e+00,0,6884,1,1,0,0,1,1,0,0,0,1
-3.513506e-11,-3.513506e+01,1,6885,0,1,1,0,0,1,1,0,0,0
2.794050e-12,2.794050e+00,0,6888,1,1,1,0,1,1,0,0,1,1
-4.285470e-12,-4.285470e+00,1,6889,0,1,1,1,0,1,1,0,0,1
1.615813e-12,1.615813e+00,0,6890,1,0,1,1,1,0,1,1,0,0
-3.483976e-12,-3.483976e+00,1,6891,0,1,0,1,1,1,0,1,1,0
-4.348387e-11,-4.348387e+01,0,6892,1,0,1,0,1,1,1,0,1,1
1.075310e-11,1.075310e+01,1,6893,0,1,0,1,0,1,1,1,0,1
-2.924680e-11,-2.924680e+01,0,6894,1,0,1,0,1,0,1,1,1,0
2.453046e-11,2.453046e+01,1,6895,0,1,0,1,0,1,0,1,1,1
-4.209094e-12,-4.209094e+00,0,6896,1,0,1,0,1,0,1,0,1,1
5.508919e-12,5.508919e+00,1,6900,0,0,0,0,1,0,1,0,1,0
-2.644482e-12,-2.644482e+00,0,6901,1,0,0,0,0,1,0,1,0,1
-9.864573e-13,-9.864573e-01,1,6903,0,0,1,0,0,0,0,1,0,1
-3.148455e-12,-3.148455e+00,0,6904,1,0,0,1,0,0,0,0,1,0
2.794846e-12,2.794846e+00,1,6906,0,0,1,0,0,1,0,0,0,0
2.502797e-12,2.502797e+00,0,6907,1,0,0,1,0,0,1,0,0,0
-1.317849e-11,-1.317849e+01,1,6912,0,0,0,0,0,1,0,0,1,0
2.741918e-11,2.741918e+01,0,6913,1,0,0,0,0,0,1,0,0,1
-1.754626e-12,-1.754626e+00,1,6914,0,1,0,0,0,0,0,1,0,0
-5.910159e-12,-5.910159e+00,0,6915,1,0,1,0,0,0,0,0,1,0
2.619357e-11,2.619357e+01,1,6918,0,0,0,1,0,1,0,0,0,0
-3.345969e-12,-3.345969e+00,0,6919,1,0,0,0,1,0,1,0,0,0
-3.186843e-11,-3.186843e+01,1,6920,0,1,0,0,0,1,0,1,0,0
-1.884320e-13,-1.884320e-01,0,6922,1,1,0,1,0,0,0,1,0,1
6.360279e-12,6.360279e+00,1,6923,0,1,1,0,1,0,0,0,1,0
-3.363962e-11,-3.363962e+01,0,6924,1,0,1,1,0,1,0,0,0,1
-4.358551e-12,-4.358551e+00,1,6926,0,0,1,0,1,1,0,1,0,0
9.798075e-12,9.798075e+00,0,6927,1,0,0,1,0,1,1,0,1,0
-5.099264e-12,-5.099264e+00,1,6928,0,1,0,0,1,0,1,1,0,1
1.363575e-12,1.363575e+00,0,6933,1,1,1,1,1,0,1,0,0,1
1.561585e-13,1.561585e-01,1,6935,0,0,1,1,1,1,1,0,1,0
5.477910e-13,5.477910e-01,0,6936,1,0,0,1,1,1,1,1,0,1
-1.104525e-12,-1.104525e+00,1,6937,0,1,0,0,1,1,1,1,1,0
-2.552917e-12,-2.552917e+00,0,6938,1,0,1,0,0,1,1,1,1,1
1.886129e-12,1.886129e+00,1,6940,0,0,1,0,1,0,0,1,1,1
-4.771380e-13,-4.771380e-01,0,6942,1,1,0,0,1,0,1,0,0,1
1.298351e-12,1.298351e+00,1,6943,0,1,1,0,0,1,0,1,0,0
2.199622e-12,2.199622e+00,0,6946,1,1,1,0,1,1,0,0,1,0
6.207429e-13,6.207429e-01,1,6948,0,0,1,1,1,0,1,1,0,0
6.046659e-12,6.046659e+00,0,6949,1,0,0,1,1,1,0,1,1,0
1.921744e-12,1.921744e+00,1,6952,0,0,0,1,0,0,1,1,1,0
2.481849e-14,2.481849e-02,0,6956,1,1,1,1,0,0,0,1,0,0
6.915969e-13,6.915969e-01,1,6957,0,1,1,1,1,0,0,0,1,0
4.412492e-12,4.412492e+00,0,6958,1,0,1,1,1,1,0,0,0,1
-3.558740e-11,-3.558740e+01,1,6959,0,1,0,1,1,1,1,0,0,0
1.799993e-11,1.799993e+01,0,6960,1,0,1,0,1,1,1,1,0,0
-2.518122e-12,-2.518122e+00,1,6964,0,0,0,0,1,0,1,0,1,1
2.736773e-11,2.736773e+01,0,6966,1,1,0,0,0,0,1,0,1,0
-1.263217e-11,-1.263217e+01,1,6967,0,1,1,0,0,0,0,1,0,1
5.237871e-11,5.237871e+01,0,6968,1,0,1,1,0,0,0,0,1,0
-6.558128e-12,-6.558128e+00,1,6970,0,0,1,0,1,1,0,0,0,0
-1.438554e-12,-1.438554e+00,0,6971,1,0,0,1,0,1,1,0,0,0
4.219573e-11,4.219573e+01,1,6976,0,0,0,0,0,1,0,0,1,0
2.854732e-12,2.854732e+00,0,6981,1,1,1,1,1,0,0,0,0,0
-3.645333e-12,-3.645333e+00,1,6983,0,0,1,1,1,1,1,0,0,0
-3.923087e-11,-3.923087e+01,0,6985,1,1,0,0,1,1,1,1,1,0
-8.069930e-14,-8.069930e-02,1,6986,0,1,1,0,0,1,1,1,1,1
-1.200806e-10,-1.200806e+02,0,6989,1,1,1,0,1,1,0,0,1,1
8.076873e-11,8.076873e+01,1,6990,0,1,1,1,0,1,1,0,0,1
7.688370e-13,7.688370e-01,0,6992,1,1,0,1,1,1,0,1,1,0
2.498666e-11,2.498666e+01,1,6995,0,0,0,1,1,0,1,1,1,0
2.318097e-11,2.318097e+01,0,6999,1,1,1,1,0,0,0,1,1,0
-4.446538e-12,-4.446538e+00,1,7000,0,1,1,1,1,0,0,0,1,1
3.494762e-12,3.494762e+00,0,7001,1,0,1,1,1,1,0,0,0,1
1.837095e-12,1.837095e+00,1,7004,0,0,0,1,0,1,1,1,1,0
1.872163e-12,1.872163e+00,0,7006,1,1,0,0,0,1,0,1,1,1
1.331992e-13,1.331992e-01,1,7011,0,0,0,0,0,1,1,0,0,0
-3.859758e-12,-3.859758e+00,0,7012,1,0,0,0,0,0,1,1,0,0
1.062517e-12,1.062517e+00,1,7016,0,0,0,0,1,0,0,0,0,0
-2.078396e-12,-2.078396e+00,0,7019,1,1,1,0,0,0,0,1,0,0
3.594986e-11,3.594986e+01,1,7020,0,1,1,1,0,0,0,0,1,0
-2.127721e-11,-2.127721e+01,0,7022,1,1,0,1,1,1,0,0,0,0
2.670042e-12,2.670042e+00,1,7024,0,0,1,1,0,1,1,1,0,0
2.629830e-12,2.629830e+00,0,7026,1,1,0,0,1,1,0,1,1,1
3.261925e-11,3.261925e+01,1,7027,0,1,1,0,0,1,1,0,1,1
-2.444997e-13,-2.444997e-01,0,7028,1,0,1,1,0,0,1,1,0,1
2.605602e-12,2.605602e+00,1,7029,0,1,0,1,1,0,0,1,1,0
1.445783e-12,1.445783e+00,0,7033,1,1,1,1,0,1,0,1,1,0
9.105985e-13,9.105985e-01,1,7036,0,0,0,1,1,1,1,0,1,0
1.100154e-12,1.100154e+00,0,7042,1,1,1,1,1,1,0,0,0,1
6.995500e-12,6.995500e+00,1,7043,0,1,1,1,1,1,1,0,0,0
8.311225e-12,8.311225e+00,0,7046,1,1,1,0,1,1,1,1,1,1
-2.904446e-11,-2.904446e+01,1,7047,0,1,1,1,0,1,1,1,1,1
1.469057e-12,1.469057e+00,0,7048,1,0,1,1,1,0,1,1,1,1
2.477328e-12,2.477328e+00,1,7049,0,1,0,1,1,1,0,1,1,1
4.102886e-12,4.102886e+00,0,7051,1,1,0,1,0,1,1,1,0,1
-3.589701e-11,-3.589701e+01,1,7052,0,1,1,0,1,0,1,1,1,0
-1.059326e-12,-1.059326e+00,0,7056,1,1,1,1,0,1,1,0,1,0
-9.743538e-13,-9.743538e-01,1,7057,0,1,1,1,1,0,1,1,0,1
2.171041e-11,2.171041e+01,0,7058,1,0,1,1,1,1,0,1,1,0
-1.462585e-12,-1.462585e+00,1,7060,0,0,1,0,1,1,1,1,0,1
-4.849370e-12,-4.849370e+00,0,7061,1,0,0,1,0,1,1,1,1,0
-4.808256e-12,-4.808256e+00,1,7062,0,1,0,0,1,0,1,1,1,1
2.573995e-12,2.573995e+00,0,7063,1,0,1,0,0,1,0,1,1,1
-4.959364e-11,-4.959364e+01,1,7068,0,0,0,0,0,1,0,1,0,0
4.698899e-11,4.698899e+01,0,7069,1,0,0,0,0,0,1,0,1,0
9.577996e-12,9.577996e+00,1,7072,0,0,0,1,0,0,0,0,0,1
-2.590181e-12,-2.590181e+00,0,7073,1,0,0,0,1,0,0,0,0,0
9.545633e-13,9.545633e-01,1,7075,0,0,1,0,0,0,1,0,0,0
1.181126e-11,1.181126e+01,0,7077,1,1,0,0,1,0,0,0,1,0
-5.106590e-12,-5.106590e+00,1,7078,0,1,1,0,0,1,0,0,0,1
8.673671e-12,8.673671e+00,0,7082,1,1,1,1,0,1,1,0,0,1
-2.077752e-11,-2.077752e+01,1,7083,0,1,1,1,1,0,1,1,0,0
3.784059e-12,3.784059e+00,0,7084,1,0,1,1,1,1,0,1,1,0
-1.590981e-11,-1.590981e+01,1,7087,0,0,0,1,0,1,1,1,1,0
3.172527e-12,3.172527e+00,0,7091,1,1,1,1,0,0,0,1,0,1
-2.544821e-13,-2.544821e-01,1,7092,0,1,1,1,1,0,0,0,1,0
6.332877e-12,6.332877e+00,0,7097,1,1,1,1,1,0,1,1,1,1
-1.852944e-11,-1.852944e+01,1,7098,0,1,1,1,1,1,0,1,1,1
2.520975e-11,2.520975e+01,0,7099,1,0,1,1,1,1,1,0,1,1
2.972430e-12,2.972430e+00,1,7100,0,1,0,1,1,1,1,1,0,1
-1.970723e-11,-1.970723e+01,0,7102,1,1,0,1,0,1,1,1,1,1
1.942371e-12,1.942371e+00,1,7104,0,0,1,1,0,1,0,1,1,1
-1.493371e-12,-1.493371e+00,0,7106,1,1,0,0,1,1,0,1,0,1
2.964730e-12,2.964730e+00,1,7107,0,1,1,0,0,1,1,0,1,0
1.307641e-11,1.307641e+01,0,7113,1,1,1,1,1,1,0,1,1,0
3.540745e-11,3.540745e+01,1,7116,0,0,0,1,1,1,1,1,1,0
-3.989779e-11,-3.989779e+01,0,7120,1,1,1,1,0,0,0,1,1,1
3.762239e-12,3.762239e+00,1,7121,0,1,1,1,1,0,0,0,1,1
8.375424e-13,8.375424e-01,0,7123,1,1,0,1,1,1,1,0,0,0
1.589240e-13,1.589240e-01,1,7124,0,1,1,0,1,1,1,1,0,0
-1.304715e-13,-1.304715e-01,0,7125,1,0,1,1,0,1,1,1,1,0
5.553811e-12,5.553811e+00,1,7126,0,1,0,1,1,0,1,1,1,1
7.488828e-13,7.488828e-01,0,7129,1,1,1,0,1,0,1,1,0,1
1.312599e-11,1.312599e+01,1,7130,0,1,1,1,0,1,0,1,1,0
-2.014170e-12,-2.014170e+00,0,7134,1,1,1,1,0,1,1,1,0,1
-6.362922e-12,-6.362922e+00,1,7136,0,0,1,1,1,1,0,1,1,1
-9.358735e-13,-9.358735e-01,0,7137,1,0,0,1,1,1,1,0,1,1
1.517207e-12,1.517207e+00,1,7141,0,0,0,0,1,0,0,1,1,1
-1.059205e-12,-1.059205e+00,0,7142,1,0,0,0,0,1,0,0,1,1
7.763592e-12,7.763592e+00,1,7143,0,1,0,0,0,0,1,0,0,1
2.094248e-13,2.094248e-01,0,7145,1,1,0,1,0,0,0,0,1,0
-1.456310e-11,-1.456310e+01,1,7148,0,0,0,1,1,0,1,0,0,0
4.079146e-11,4.079146e+01,0,7149,1,0,0,0,1,1,0,1,0,0
7.915652e-13,7.915652e-01,1,7150,0,1,0,0,0,1,1,0,1,0
1.030415e-12,1.030415e+00,0,7152,1,1,0,1,0,0,0,1,1,0
-5.205253e-12,-5.205253e+00,1,7154,0,0,1,1,0,1,0,0,0,1
1.824768e-12,1.824768e+00,0,7155,1,0,0,1,1,0,1,0,0,0
2.743035e-13,2.743035e-01,1,7156,0,1,0,0,1,1,0,1,0,0
1.466827e-12,1.466827e+00,0,7157,1,0,1,0,0,1,1,0,1,0
1.427009e-13,1.427009e-01,1,7158,0,1,0,1,0,0,1,1,0,1
4.209196e-12,4.209196e+00,0,7163,1,1,1,1,1,0,1,0,1,0
4.340316e-12,4.340316e+00,1,7166,0,0,0,1,1,1,1,1,0,1
2.543202e-11,2.543202e+01,0,7167,1,0,0,0,1,1,1,1,1,0
6.634178e-15,6.634178e-03,1,7169,0,0,1,0,0,0,1,1,1,1
4.467225e-12,4.467225e+00,0,7170,1,0,0,1,0,0,0,1,1,1
6.424402e-13,6.424402e-01,1,7171,0,1,0,0,1,0,0,0,1,1
-8.952237e-13,-8.952237e-01,0,7173,1,1,0,1,0,0,1,0,0,0
1.174594e-11,1.174594e+01,1,7174,0,1,1,0,1,0,0,1,0,0
-1.680275e-13,-1.680275e-01,0,7175,1,0,1,1,0,1,0,0,1,0
2.387962e-12,2.387962e+00,1,7176,0,1,0,1,1,0,1,0,0,1
-4.987244e-12,-4.987244e+00,0,7180,1,1,1,1,0,1,0,1,1,0
4.268334e-12,4.268334e+00,1,7182,0,0,1,1,1,1,0,1,0,1
-3.065063e-12,-3.065063e+00,0,7183,1,0,0,1,1,1,1,0,1,0
5.152302e-12,5.152302e+00,1,7184,0,1,0,0,1,1,1,1,0,1
5.289425e-12,5.289425e+00,0,7185,1,0,1,0,0,1,1,1,1,0
3.279284e-12,3.279284e+00,1,7187,0,0,1,0,1,0,0,1,1,1
-3.560955e-11,-3.560955e+01,0,7188,1,0,0,1,0,1,0,0,1,1
-1.494974e-12,-1.494974e+00,1,7189,0,1,0,0,1,0,1,0,0,1
2.750291e-12,2.750291e+00,0,7191,1,1,0,1,0,0,1,0,1,0
3.780189e-12,3.780189e+00,1,7194,0,0,0,1,1,0,1,0,0,1
1.615944e-12,1.615944e+00,0,7195,1,0,0,0,1,1,0,1,0,0
-4.839503e-12,-4.839503e+00,1,7197,0,0,1,0,0,0,1,1,0,1
1.233506e-12,1.233506e+00,0,7202,1,1,1,1,1,0,0,1,0,0
3.354770e-12,3.354770e+00,1,7206,0,0,0,0,1,1,1,1,1,0
-2.180915e-12,-2.180915e+00,0,7207,1,0,0,0,0,1,1,1,1,1
5.026253e-12,5.026253e+00,1,7208,0,1,0,0,0,0,1,1,1,1
6.889208e-15,6.889208e-03,0,7209,1,0,1,0,0,0,0,1,1,1
3.634870e-11,3.634870e+01,1,7210,0,1,0,1,0,0,0,0,1,1
-4.365120e-11,-4.365120e+01,0,7212,1,1,0,1,0,1,0,0,0,0
1.080543e-11,1.080543e+01,1,7213,0,1,1,0,1,0,1,0,0,0
-1.315886e-14,-1.315886e-02,0,7214,1,0,1,1,0,1,0,1,0,0
1.081476e-11,1.081476e+01,1,7215,0,1,0,1,1,0,1,0,1,0
2.539764e-12,2.539764e+00,0,7217,1,1,0,1,0,1,1,0,1,0
-3.450946e-12,-3.450946e+00,1,7219,0,0,1,1,0,1,0,1,1,0
1.118349e-12,1.118349e+00,0,7220,1,0,0,1,1,0,1,0,1,1
1.225929e-11,1.225929e+01,1,7222,0,0,1,0,0,1,1,0,1,0
1.867515e-12,1.867515e+00,0,7228,1,1,1,1,1,1,0,0,1,0
2.504076e-12,2.504076e+00,1,7231,0,0,0,1,1,1,1,1,1,0
1.690454e-11,1.690454e+01,0,7232,1,0,0,0,1,1,1,1,1,1
6.079004e-12,6.079004e+00,1,7233,0,1,0,0,0,1,1,1,1,1
-3.298653e-13,-3.298653e-01,0,7234,1,0,1,0,0,0,1,1,1,1
-4.702233e-12,-4.702233e+00,1,7235,0,1,0,1,0,0,0,1,1,1
1.138483e-12,1.138483e+00,0,7237,1,1,0,1,0,1,0,0,0,1
6.650652e-12,6.650652e+00,1,7238,0,1,1,0,1,0,1,0,0,0
3.973349e-12,3.973349e+00,0,7241,1,1,1,0,1,1,0,1,0,1
3.510370e-12,3.510370e+00,1,7242,0,1,1,1,0,1,1,0,1,0
3.550630e-12,3.550630e+00,0,7243,1,0,1,1,1,0,1,1,0,1
7.834861e-13,7.834861e-01,1,7245,0,0,1,0,1,1,1,0,1,1
4.917378e-13,4.917378e-01,0,7246,1,0,0,1,0,1,1,1,0,1
7.348029e-12,7.348029e+00,1,7249,0,0,0,1,0,0,1,0,1,1
-2.037595e-11,-2.037595e+01,0,7250,1,0,0,0,1,0,0,1,0,1
3.273167e-12,3.273167e+00,1,7251,0,1,0,0,0,1,0,0,1,0
-4.981115e-12,-4.981115e+00,0,7256,1,1,1,1,1,0,1,0,0,0
6.249358e-14,6.249358e-02,1,7258,0,0,1,1,1,1,1,0,1,0
-1.293439e-12,-1.293439e+00,0,7260,1,1,0,0,1,1,1,1,1,0
-4.242712e-12,-4.242712e+00,1,7262,0,0,1,1,0,0,1,1,1,1
-2.364429e-12,-2.364429e+00,0,7263,1,0,0,1,1,0,0,1,1,1
5.737050e-13,5.737050e-01,1,7264,0,1,0,0,1,1,0,0,1,1
1.043461e-12,1.043461e+00,0,7266,1,1,0,1,0,0,1,1,0,0
5.741945e-12,5.741945e+00,1,7267,0,1,1,0,1,0,0,1,1,0
4.856440e-12,4.856440e+00,0,7268,1,0,1,1,0,1,0,0,1,1
-1.238285e-12,-1.238285e+00,1,7269,0,1,0,1,1,0,1,0,0,1
9.642678e-14,9.642678e-02,0,7270,1,0,1,0,1,1,0,1,0,0
-3.990347e-11,-3.990347e+01,1,7271,0,1,0,1,0,1,1,0,1,0
1.052419e-11,1.052419e+01,0,7272,1,0,1,0,1,0,1,1,0,1
-5.266735e-12,-5.266735e+00,1,7273,0,1,0,1,0,1,0,1,1,0
-2.013685e-13,-2.013685e-01,0,7274,1,0,1,0,1,0,1,0,1,1
1.014578e-12,1.014578e+00,1,7276,0,0,1,0,1,0,1,0,1,0
1.435766e-11,1.435766e+01,0,7287,1,1,1,1,1,1,1,1,1,1
2.159079e-12,2.159079e+00,1,7299,0,0,0,0,0,0,0,0,0,0
-3.968507e-12,-3.968507e+00,0,7301,1,1,0,0,0,0,0,0,0,0
-5.500913e-12,-5.500913e+00,1,7302,0,1,1,0,0,0,0,0,0,0
7.367449e-12,7.367449e+00,0,7304,1,1,0,1,1,0,0,0,0,0
6.357147e-12,6.357147e+00,1,7305,0,1,1,0,1,1,0,0,0,0
-2.676013e-12,-2.676013e+00,0,7307,1,1,0,1,1,0,1,1,0,0
-1.697519e-12,-1.697519e+00,1,7308,0,1,1,0,1,1,0,1,1,0
-2.749487e-11,-2.749487e+01,0,7310,1,1,0,1,1,0,1,1,0,1
2.489650e-12,2.489650e+00,1,7313,0,0,0,1,1,0,1,1,0,1
-6.613302e-12,-6.613302e+00,0,7314,1,0,0,0,1,1,0,1,1,0
7.352268e-12,7.352268e+00,1,7315,0,1,0,0,0,1,1,0,1,1
-3.800435e-12,-3.800435e+00,0,7316,1,0,1,0,0,0,1,1,0,1
-3.067853e-11,-3.067853e+01,1,7319,0,0,0,1,0,1,0,0,0,1
4.106236e-12,4.106236e+00,0,7320,1,0,0,0,1,0,1,0,0,0
-2.174328e-12,-2.174328e+00,1,7321,0,1,0,0,0,1,0,1,0,0
2.759642e-11,2.759642e+01,0,7322,1,0,1,0,0,0,1,0,1,0
-4.811360e-12,-4.811360e+00,1,7323,0,1,0,1,0,0,0,1,0,1
-1.643856e-12,-1.643856e+00,0,7329,1,1,1,1,1,1,0,1,0,1
1.722781e-12,1.722781e+00,1,7330,0,1,1,1,1,1,1,0,1,0
-1.248032e-11,-1.248032e+01,0,7331,1,0,1,1,1,1,1,1,0,1
6.143187e-12,6.143187e+00,1,7333,0,0,1,0,1,1,1,1,1,1
-5.032360e-12,-5.032360e+00,0,7334,1,0,0,1,0,1,1,1,1,1
1.568006e-12,1.568006e+00,1,7341,0,0,0,0,0,0,0,1,0,0
2.921026e-12,2.921026e+00,0,7342,1,0,0,0,0,0,0,0,1,0
6.941314e-14,6.941314e-02,1,7345,0,0,0,1,0,0,0,0,0,0
3.883831e-12,3.883831e+00,0,7346,1,0,0,0,1,0,0,0,0,0
7.037636e-12,7.037636e+00,1,7347,0,1,0,0,0,1,0,0,0,0
-9.851205e-13,-9.851205e-01,0,7349,1,1,0,1,0,0,0,1,0,0
-2.172093e-12,-2.172093e+00,1,7350,0,1,1,0,1,0,0,0,1,0
2.165500e-12,2.165500e+00,0,7352,1,1,0,1,1,0,1,0,0,0
3.241120e-12,3.241120e+00,1,7354,0,0,1,1,0,1,1,0,1,0
-1.215997e-12,-1.215997e+00,0,7356,1,1,0,0,1,1,0,1,1,0
1.264713e-12,1.264713e+00,1,7358,0,0,1,1,0,0,1,1,0,1
-5.307416e-12,-5.307416e+00,0,7359,1,0,0,1,1,0,0,1,1,0
3.703562e-12,3.703562e+00,1,7360,0,1,0,0,1,1,0,0,1,1
2.359122e-11,2.359122e+01,0,7361,1,0,1,0,0,1,1,0,0,1
-3.098089e-12,-3.098089e+00,1,7364,0,0,0,1,0,1,0,0,1,1
1.919488e-11,1.919488e+01,0,7367,1,1,1,0,0,0,1,0,1,0
-3.264292e-12,-3.264292e+00,1,7370,0,0,0,1,1,1,0,0,0,1
-2.634970e-12,-2.634970e+00,0,7371,1,0,0,0,1,1,1,0,0,0
5.659997e-12,5.659997e+00,1,7373,0,0,1,0,0,0,1,1,1,0
1.302349e-11,1.302349e+01,0,7375,1,1,0,0,1,0,0,0,1,1
2.044468e-12,2.044468e+00,1,7379,0,0,0,0,1,1,0,0,1,0
-1.727688e-12,-1.727688e+00,0,7381,1,1,0,0,0,0,1,1,0,0
-4.541525e-12,-4.541525e+00,1,7383,0,0,1,1,0,0,0,0,1,1
8.157443e-11,8.157443e+01,0,7386,1,1,1,0,0,1,1,0,0,0
1.048653e-11,1.048653e+01,1,7391,0,0,0,0,0,1,1,1,0,0
8.859631e-13,8.859631e-01,0,7394,1,1,1,0,0,0,0,0,1,1
3.795803e-11,3.795803e+01,1,7398,0,0,0,0,1,1,1,0,0,0
3.075427e-11,3.075427e+01,0,7400,1,1,0,0,0,0,1,1,1,0
-5.020881e-12,-5.020881e+00,1,7401,0,1,1,0,0,0,0,1,1,1
-2.169502e-12,-2.169502e+00,0,7404,1,1,1,0,1,1,0,0,0,0
8.551972e-13,8.551972e-01,1,7405,0,1,1,1,0,1,1,0,0,0
2.894551e-13,2.894551e-01,0,7406,1,0,1,1,1,0,1,1,0,0
-2.984593e-11,-2.984593e+01,1,7407,0,1,0,1,1,1,0,1,1,0
4.808393e-12,4.808393e+00,0,7409,1,1,0,1,0,1,1,1,0,1
-2.601021e-11,-2.601021e+01,1,7412,0,0,0,1,1,0,1,0,1,1
-2.075902e-12,-2.075902e+00,0,7413,1,0,0,0,1,1,0,1,0,1
2.527575e-12,2.527575e+00,1,7414,0,1,0,0,0,1,1,0,1,0
1.414008e-12,1.414008e+00,0,7420,1,1,1,1,1,1,0,1,0,0
1.785394e-12,1.785394e+00,1,7424,0,0,0,0,1,1,1,1,1,1
-2.407553e-12,-2.407553e+00,0,7425,1,0,0,0,0,1,1,1,1,1
-1.502400e-11,-1.502400e+01,1,7432,0,0,0,0,0,0,0,1,0,0
1.121623e-12,1.121623e+00,0,7434,1,1,0,0,0,0,0,0,0,1
3.641025e-12,3.641025e+00,1,7435,0,1,1,0,0,0,0,0,0,0
2.432338e-12,2.432338e+00,0,7436,1,0,1,1,0,0,0,0,0,0
-4.059192e-13,-4.059192e-01,1,7444,0,0,0,0,0,0,0,0,1,0
5.387408e-13,5.387408e-01,0,7449,1,1,1,1,1,0,0,0,0,0
2.301566e-12,2.301566e+00,1,7450,0,1,1,1,1,1,0,0,0,0
5.518104e-12,5.518104e+00,0,7452,1,1,0,1,1,1,1,1,0,0
-1.725249e-12,-1.725249e+00,1,7453,0,1,1,0,1,1,1,1,1,0
-3.567264e-12,-3.567264e+00,0,7455,1,1,0,1,1,0,1,1,1,1
4.043554e-11,4.043554e+01,1,7461,0,0,0,0,0,0,1,1,0,1
4.356453e-13,4.356453e-01,0,7462,1,0,0,0,0,0,0,1,1,0
3.827832e-12,3.827832e+00,1,7463,0,1,0,0,0,0,0,0,1,1
1.594898e-11,1.594898e+01,0,7464,1,0,1,0,0,0,0,0,0,1
-9.178740e-13,-9.178740e-01,1,7467,0,0,0,1,0,1,0,0,0,0
-4.956817e-12,-4.956817e+00,0,7469,1,1,0,0,0,1,0,1,0,0
-3.907593e-12,-3.907593e+00,1,7470,0,1,1,0,0,0,1,0,1,0
2.392788e-12,2.392788e+00,0,7472,1,1,0,1,1,0,0,0,1,0
8.443559e-13,8.443559e-01,1,7474,0,0,1,1,0,1,1,0,0,0
8.098835e-12,8.098835e+00,0,7475,1,0,0,1,1,0,1,1,0,0
2.172294e-12,2.172294e+00,1,7479,0,0,0,0,1,0,0,1,1,0
-1.833150e-11,-1.833150e+01,0,7483,1,1,1,1,0,0,0,0,1,0
-4.823542e-12,-4.823542e+00,1,7486,0,0,0,1,1,1,1,0,0,0
2.022499e-12,2.022499e+00,0,7487,1,0,0,0,1,1,1,1,0,0
-1.960544e-12,-1.960544e+00,1,7488,0,1,0,0,0,1,1,1,1,0
4.251629e-12,4.251629e+00,0,7490,1,1,0,1,0,0,0,1,1,1
4.896263e-12,4.896263e+00,1,7495,0,0,0,0,0,1,1,0,1,0
-3.453515e-13,-3.453515e-01,0,7497,1,1,0,0,0,0,0,1,1,0
4.912545e-12,4.912545e+00,1,7499,0,0,1,1,0,0,0,0,0,1
-3.824350e-12,-3.824350e+00,0,7500,1,0,0,1,1,0,0,0,0,0
7.866558e-12,7.866558e+00,1,7501,0,1,0,0,1,1,0,0,0,0
-1.205510e-12,-1.205510e+00,0,7502,1,0,1,0,0,1,1,0,0,0
-2.947505e-12,-2.947505e+00,1,7503,0,1,0,1,0,0,1,1,0,0
6.698786e-12,6.698786e+00,0,7505,1,1,0,1,0,1,0,0,1,1
5.210337e-13,5.210337e-01,1,7506,0,1,1,0,1,0,1,0,0,1
-1.384803e-12,-1.384803e+00,0,7507,1,0,1,1,0,1,0,1,0,0
3.066779e-12,3.066779e+00,1,7508,0,1,0,1,1,0,1,0,1,0
-3.693312e-11,-3.693312e+01,0,7509,1,0,1,0,1,1,0,1,0,1
4.329234e-11,4.329234e+01,1,7510,0,1,0,1,0,1,1,0,1,0
3.292444e-12,3.292444e+00,0,7511,1,0,1,0,1,0,1,1,0,1
8.589316e-13,8.589316e-01,1,7513,0,0,1,0,1,0,1,0,1,1
2.499290e-12,2.499290e+00,0,7514,1,0,0,1,0,1,0,1,0,1
-3.967550e-11,-3.967550e+01,1,7517,0,0,0,1,0,0,1,0,1,0
-1.236727e-12,-1.236727e+00,0,7518,1,0,0,0,1,0,0,1,0,1
-4.834424e-12,-4.834424e+00,1,7520,0,0,1,0,0,0,1,0,0,1
2.270559e-12,2.270559e+00,0,7521,1,0,0,1,0,0,0,1,0,0
-2.324474e-12,-2.324474e+00,1,7523,0,0,1,0,0,1,0,0,0,1
-4.218398e-12,-4.218398e+00,0,7527,1,1,1,1,0,0,1,0,0,1
-1.135760e-12,-1.135760e+00,1,7528,0,1,1,1,1,0,0,1,0,0
1.376501e-12,1.376501e+00,0,7529,1,0,1,1,1,1,0,0,1,0
1.799374e-11,1.799374e+01,1,7532,0,0,0,1,0,1,1,1,1,0
-4.181974e-12,-4.181974e+00,0,7533,1,0,0,0,1,0,1,1,1,1
1.495581e-12,1.495581e+00,1,7534,0,1,0,0,0,1,0,1,1,1
-5.636450e-12,-5.636450e+00,0,7535,1,0,1,0,0,0,1,0,1,1
2.717591e-11,2.717591e+01,1,7536,0,1,0,1,0,0,0,1,0,1
-3.522253e-11,-3.522253e+01,0,7538,1,1,0,1,0,1,0,0,0,1
3.160786e-12,3.160786e+00,1,7540,0,0,1,1,0,1,0,1,0,0
1.073980e-11,1.073980e+01,0,7541,1,0,0,1,1,0,1,0,1,0
5.163177e-12,5.163177e+00,1,7542,0,1,0,0,1,1,0,1,0,1
3.755456e-11,3.755456e+01,0,7549,1,1,1,1,1,1,1,0,1,0
5.926600e-14,5.926600e-02,1,7552,0,0,0,1,1,1,1,1,1,1
1.182567e-12,1.182567e+00,0,7553,1,0,0,0,1,1,1,1,1,1
-3.965503e-12,-3.965503e+00,1,7561,0,0,0,0,0,0,0,0,1,0
5.804378e-12,5.804378e+00,0,7563,1,1,0,0,0,0,0,0,0,0
-1.285613e-12,-1.285613e+00,1,7565,0,0,1,1,0,0,0,0,0,0
4.231089e-12,4.231089e+00,0,7567,1,1,0,0,1,1,0,0,0,0
2.401668e-12,2.401668e+00,1,7568,0,1,1,0,0,1,1,0,0,0
-2.243583e-12,-2.243583e+00,0,7570,1,1,0,1,1,0,0,1,1,0
-1.093571e-12,-1.093571e+00,1,7571,0,1,1,0,1,1,0,0,1,1
-1.878966e-12,-1.878966e+00,0,7574,1,1,1,0,1,1,0,1,1,0
-2.691289e-13,-2.691289e-01,1,7577,0,0,0,1,1,1,0,1,1,0
1.946650e-12,1.946650e+00,0,7581,1,1,1,1,0,0,0,1,1,1
-4.090271e-11,-4.090271e+01,1,7583,0,0,1,1,1,1,0,0,0,1
5.828514e-12,5.828514e+00,0,7585,1,1,0,0,1,1,1,1,0,0
-7.828514e-12,-7.828514e+00,1,7589,0,0,0,0,1,1,0,0,1,1
1.573914e-12,1.573914e+00,0,7591,1,1,0,0,0,0,1,1,0,0
1.508181e-12,1.508181e+00,1,7592,0,1,1,0,0,0,0,1,1,0
-1.846638e-11,-1.846638e+01,0,7593,1,0,1,1,0,0,0,0,1,1
2.786792e-12,2.786792e+00,1,7594,0,1,0,1,1,0,0,0,0,1
-5.171875e-13,-5.171875e-01,0,7595,1,0,1,0,1,1,0,0,0,0
2.836705e-12,2.836705e+00,1,7596,0,1,0,1,0,1,1,0,0,0
-7.358339e-13,-7.358339e-01,0,7597,1,0,1,0,1,0,1,1,0,0
3.735434e-12,3.735434e+00,1,7598,0,1,0,1,0,1,0,1,1,0
-2.997051e-11,-2.997051e+01,0,7600,1,1,0,1,0,1,0,1,0,1
-1.837665e-12,-1.837665e+00,1,7603,0,0,0,1,1,0,1,0,1,0
3.799600e-12,3.799600e+00,0,7604,1,0,0,0,1,1,0,1,0,1
-3.133667e-12,-3.133667e+00,1,7606,0,0,1,0,0,0,1,1,0,1
-4.313356e-11,-4.313356e+01,0,7607,1,0,0,1,0,0,0,1,1,0
-1.426260e-11,-1.426260e+01,1,7609,0,0,1,0,0,1,0,0,0,1
3.912151e-11,3.912151e+01,0,7610,1,0,0,1,0,0,1,0,0,0
-8.783862e-13,-8.783862e-01,1,7611,0,1,0,0,1,0,0,1,0,0
1.050999e-13,1.050999e-01,0,7612,1,0,1,0,0,1,0,0,1,0
5.245729e-12,5.245729e+00,1,7613,0,1,0,1,0,0,1,0,0,1
4.849048e-11,4.849048e+01,0,7617,1,1,1,1,0,1,0,1,0,0
-3.150942e-11,-3.150942e+01,1,7619,0,0,1,1,1,1,0,1,0,1
-6.615417e-13,-6.615417e-01,0,7626,1,1,1,1,1,1,1,0,0,1
-5.356903e-12,-5.356903e+00,1,7627,0,1,1,1,1,1,1,1,0,0
2.678664e-12,2.678664e+00,0,7630,1,1,1,0,1,1,1,1,1,1
-5.298350e-13,-5.298350e-01,1,7638,0,0,0,0,0,0,0,0,1,1
-6.344751e-13,-6.344751e-01,0,7639,1,0,0,0,0,0,0,0,0,1
-1.010505e-12,-1.010505e+00,1,7640,0,1,0,0,0,0,0,0,0,0
-6.255753e-12,-6.255753e+00,0,7643,1,1,1,0,1,0,0,0,0,0
5.518242e-13,5.518242e-01,1,7644,0,1,1,1,0,1,0,0,0,0
3.844649e-13,3.844649e-01,0,7646,1,1,0,1,1,1,0,1,0,0
4.640674e-12,4.640674e+00,1,7647,0,1,1,0,1,1,1,0,1,0
3.777375e-11,3.777375e+01,0,7649,1,1,0,1,1,0,1,1,1,0
-5.242187e-14,-5.242187e-02,1,7651,0,0,1,1,0,1,1,0,1,1
2.272366e-12,2.272366e+00,0,7652,1,0,0,1,1,0,1,1,0,1
2.694054e-12,2.694054e+00,1,7653,0,1,0,0,1,1,0,1,1,0
2.897158e-12,2.897158e+00,0,7657,1,1,1,1,0,1,0,0,1,1
1.185722e-12,1.185722e+00,1,7659,0,0,1,1,1,1,0,1,0,0
-1.249941e-14,-1.249941e-02,0,7662,1,1,1,0,0,1,1,1,1,0
-5.475692e-12,-5.475692e+00,1,7664,0,0,1,1,1,0,0,1,1,1
3.152271e-11,3.152271e+01,0,7665,1,0,0,1,1,1,0,0,1,1
-5.198319e-12,-5.198319e+00,1,7666,0,1,0,0,1,1,1,0,0,1
-9.279690e-13,-9.279690e-01,0,7668,1,1,0,1,0,0,1,1,1,0
1.342151e-11,1.342151e+01,1,7671,0,0,0,1,1,0,1,0,0,1
7.950539e-13,7.950539e-01,0,7673,1,1,0,0,0,1,1,0,1,0
6.549073e-12,6.549073e+00,1,7676,0,0,0,1,1,0,0,0,1,1
8.789282e-13,8.789282e-01,0,7677,1,0,0,0,1,1,0,0,0,1
-2.158367e-12,-2.158367e+00,1,7680,0,0,0,1,0,0,0,1,1,0
8.409221e-12,8.409221e+00,0,7682,1,1,0,0,0,1,0,0,0,1
7.299289e-13,7.299289e-01,1,7685,0,0,0,1,1,0,0,0,1,0
-1.750506e-12,-1.750506e+00,0,7687,1,1,0,0,0,1,1,0,0,0
4.631451e-12,4.631451e+00,1,7689,0,0,1,1,0,0,0,1,1,0
1.644813e-12,1.644813e+00,0,7691,1,1,0,0,1,1,0,0,0,1
-3.416284e-11,-3.416284e+01,1,7694,0,0,0,1,1,0,0,1,1,0
8.971000e-13,8.971000e-01,0,7696,1,1,0,0,0,1,1,0,0,1
-6.215992e-13,-6.215992e-01,1,7699,0,0,0,1,1,0,0,0,1,1
4.369063e-12,4.369063e+00,0,7702,1,1,1,0,0,0,1,1,0,0
-3.145506e-12,-3.145506e+00,1,7706,0,0,0,0,1,1,1,0,0,0
-1.224600e-12,-1.224600e+00,0,7709,1,1,1,0,0,0,0,1,1,1
2.094423e-12,2.094423e+00,1,7710,0,1,1,1,0,0,0,0,1,1
-1.915307e-13,-1.915307e-01,0,7711,1,0,1,1,1,0,0,0,0,1
3.276886e-12,3.276886e+00,1,7712,0,1,0,1,1,1,0,0,0,0
-2.436308e-12,-2.436308e+00,0,7715,1,1,1,0,1,0,1,1,1,0
2.795291e-12,2.795291e+00,1,7716,0,1,1,1,0,1,0,1,1,1
-1.847202e-12,-1.847202e+00,0,7719,1,1,1,0,1,1,1,0,1,0
7.183116e-13,7.183116e-01,1,7720,0,1,1,1,0,1,1,1,0,1
-3.439995e-13,-3.439995e-01,0,7721,1,0,1,1,1,0,1,1,1,0
-3.305737e-11,-3.305737e+01,1,7723,0,0,1,0,1,1,1,0,1,1
8.446456e-12,8.446456e+00,0,7724,1,0,0,1,0,1,1,1,0,1
-6.887510e-12,-6.887510e+00,1,7725,0,1,0,0,1,0,1,1,1,0
5.444013e-12,5.444013e+00,0,7729,1,1,1,1,0,1,0,0,1,0
-8.913392e-13,-8.913392e-01,1,7730,0,1,1,1,1,0,1,0,0,1
1.389428e-11,1.389428e+01,0,7731,1,0,1,1,1,1,0,1,0,0
3.553874e-11,3.553874e+01,1,7733,0,0,1,0,1,1,1,1,0,1
-4.328278e-14,-4.328278e-02,0,7738,1,1,1,1,1,0,0,1,0,1
2.032081e-12,2.032081e+00,1,7739,0,1,1,1,1,1,0,0,1,0
-3.263437e-11,-3.263437e+01,0,7744,1,1,1,1,1,0,1,1,1,1
7.749229e-12,7.749229e+00,1,7750,0,0,0,0,0,0,1,1,1,1
5.749659e-12,5.749659e+00,0,7751,1,0,0,0,0,0,0,1,1,1
-3.029145e-12,-3.029145e+00,1,7752,0,1,0,0,0,0,0,0,1,1
2.265657e-13,2.265657e-01,0,7754,1,1,0,1,0,0,0,0,0,0
2.474719e-12,2.474719e+00,1,7755,0,1,1,0,1,0,0,0,0,0
-2.896136e-12,-2.896136e+00,0,7756,1,0,1,1,0,1,0,0,0,0
2.017566e-12,2.017566e+00,1,7757,0,1,0,1,1,0,1,0,0,0
3.028334e-11,3.028334e+01,0,7759,1,1,0,1,0,1,1,0,1,0
-6.775969e-13,-6.775969e-01,1,7760,0,1,1,0,1,0,1,1,0,1
1.458005e-12,1.458005e+00,0,7765,1,1,1,1,1,0,1,1,0,1
-1.291036e-13,-1.291036e-01,1,7767,0,0,1,1,1,1,1,0,1,1
-1.537177e-11,-1.537177e+01,0,7768,1,0,0,1,1,1,1,1,0,1
-1.896288e-12,-1.896288e+00,1,7771,0,0,0,1,0,0,1,1,1,1
9.303391e-13,9.303391e-01,0,7772,1,0,0,0,1,0,0,1,1,1
2.271506e-12,2.271506e+00,1,7773,0,1,0,0,0,1,0,0,1,1
-3.290666e-12,-3.290666e+00,0,7775,1,1,0,1,0,0,0,1,0,0
-3.414089e-12,-3.414089e+00,1,7776,0,1,1,0,1,0,0,0,1,0
5.449119e-12,5.449119e+00,0,7777,1,0,1,1,0,1,0,0,0,1
-3.747545e-12,-3.747545e+00,1,7778,0,1,0,1,1,0,1,0,0,0
5.210361e-12,5.210361e+00,0,7779,1,0,1,0,1,1,0,1,0,0
9.540056e-12,9.540056e+00,1,7783,0,0,0,0,1,0,1,0,1,1
-6.363843e-12,-6.363843e+00,0,7784,1,0,0,0,0,1,0,1,0,1
-2.118358e-12,-2.118358e+00,1,7787,0,0,0,1,0,0,0,0,1,0
4.681860e-13,4.681860e-01,0,7788,1,0,0,0,1,0,0,0,0,1
2.689623e-11,2.689623e+01,1,7790,0,0,1,0,0,0,1,0,0,0
-4.424085e-12,-4.424085e+00,0,7791,1,0,0,1,0,0,0,1,0,0
-1.777192e-12,-1.777192e+00,1,7792,0,1,0,0,1,0,0,0,1,0
1.036497e-12,1.036497e+00,0,7794,1,1,0,1,0,0,1,0,0,0
4.652807e-12,4.652807e+00,1,7796,0,0,1,1,0,1,0,0,1,0
2.852939e-11,2.852939e+01,0,7798,1,1,0,0,1,1,0,1,0,0
-1.668015e-12,-1.668015e+00,1,7800,0,0,1,1,0,0,1,1,0,1
-7.412466e-12,-7.412466e+00,0,7805,1,1,1,1,1,0,0,1,1,0
2.177795e-12,2.177795e+00,1,7808,0,0,0,1,1,1,1,1,0,0
2.273204e-12,2.273204e+00,0,7811,1,1,1,0,0,0,1,1,1,1
2.375461e-12,2.375461e+00,1,7817,0,0,0,0,0,0,1,1,1,0
-6.047706e-13,-6.047706e-01,0,7819,1,1,0,0,0,0,0,0,1,1
7.873694e-12,7.873694e+00,1,7823,0,0,0,0,1,1,0,0,0,0
-8.075320e-13,-8.075320e-01,0,7825,1,1,0,0,0,0,1,1,0,0
7.804309e-12,7.804309e+00,1,7826,0,1,1,0,0,0,0,1,1,0
-2.678757e-11,-2.678757e+01,0,7828,1,1,0,1,1,0,0,0,0,1
6.229624e-13,6.229624e-01,1,7831,0,0,0,1,1,0,1,1,0,0
-2.147546e-12,-2.147546e+00,0,7833,1,1,0,0,0,1,1,0,1,1
4.535920e-12,4.535920e+00,1,7834,0,1,1,0,0,0,1,1,0,1
-1.397383e-12,-1.397383e+00,0,7835,1,0,1,1,0,0,0,1,1,0
-2.700635e-11,-2.700635e+01,1,7836,0,1,0,1,1,0,0,0,1,1
3.315119e-12,3.315119e+00,0,7837,1,0,1,0,1,1,0,0,0,1
-3.674593e-11,-3.674593e+01,1,7840,0,0,0,1,0,1,0,1,1,0
-6.332870e-12,-6.332870e+00,0,7842,1,1,0,0,0,1,0,1,0,1
-4.957268e-12,-4.957268e+00,1,7845,0,0,0,1,1,0,0,0,1,0
2.737350e-11,2.737350e+01,0,7846,1,0,0,0,1,1,0,0,0,1
1.881299e-12,1.881299e+00,1,7848,0,0,1,0,0,0,1,1,0,0
-1.750491e-11,-1.750491e+01,0,7849,1,0,0,1,0,0,0,1,1,0
6.607351e-12,6.607351e+00,1,7850,0,1,0,0,1,0,0,0,1,1
5.276538e-13,5.276538e-01,0,7853,1,1,1,0,1,0,0,1,0,0
5.165050e-12,5.165050e+00,1,7857,0,0,0,0,1,1,1,0,1,0
7.087993e-13,7.087993e-01,0,7858,1,0,0,0,0,1,1,1,0,1
-3.779042e-12,-3.779042e+00,1,7859,0,1,0,0,0,0,1,1,1,0
-4.377894e-11,-4.377894e+01,0,7860,1,0,1,0,0,0,0,1,1,1
-4.380768e-12,-4.380768e+00,1,7862,0,0,1,0,1,0,0,0,0,1
-4.448502e-12,-4.448502e+00,0,7864,1,1,0,0,1,0,1,0,0,0
-6.286425e-12,-6.286425e+00,1,7869,0,0,0,0,0,1,1,0,0,1
2.953262e-12,2.953262e+00,0,7870,1,0,0,0,0,0,1,1,0,0
6.791507e-12,6.791507e+00,1,7872,0,0,1,0,0,0,0,0,1,1
7.017344e-12,7.017344e+00,0,7875,1,1,1,0,0,1,0,0,0,0
6.357818e-12,6.357818e+00,1,7881,0,0,0,0,0,0,1,1,1,0
-8.955516e-12,-8.955516e+00,0,7882,1,0,0,0,0,0,0,1,1,1
-2.110947e-12,-2.110947e+00,1,7883,0,1,0,0,0,0,0,0,1,1
-4.031967e-13,-4.031967e-01,0,7884,1,0,1,0,0,0,0,0,0,1
-1.987260e-12,-1.987260e+00,1,7885,0,1,0,1,0,0,0,0,0,0
6.953287e-13,6.953287e-01,0,7888,1,1,1,0,1,0,1,0,0,0
3.266682e-12,3.266682e+00,1,7889,0,1,1,1,0,1,0,1,0,0
-1.356449e-12,-1.356449e+00,0,7891,1,1,0,1,1,1,0,1,0,1
-6.493379e-13,-6.493379e-01,1,7892,0,1,1,0,1,1,1,0,1,0
-1.673944e-12,-1.673944e+00,0,7893,1,0,1,1,0,1,1,1,0,1
-3.541994e-11,-3.541994e+01,1,7895,0,0,1,0,1,1,0,1,1,1
7.736993e-12,7.736993e+00,0,7896,1,0,0,1,0,1,1,0,1,1
1.977431e-12,1.977431e+00,1,7900,0,0,0,0,1,0,0,1,0,1
-4.317694e-12,-4.317694e+00,0,7901,1,0,0,0,0,1,0,0,1,0
1.516573e-13,1.516573e-01,1,7902,0,1,0,0,0,0,1,0,0,1
1.434281e-11,1.434281e+01,0,7903,1,0,1,0,0,0,0,1,0,0
-2.466276e-11,-2.466276e+01,1,7905,0,0,1,0,1,0,0,0,0,1
7.477815e-12,7.477815e+00,0,7909,1,1,1,1,0,0,1,0,1,0
-2.043180e-11,-2.043180e+01,1,7910,0,1,1,1,1,0,0,1,0,1
1.460789e-12,1.460789e+00,0,7916,1,1,1,1,1,1,0,1,1,1
1.534894e-11,1.534894e+01,1,7921,0,0,0,0,0,1,1,1,1,1
-9.310603e-13,-9.310603e-01,0,7922,1,0,0,0,0,0,1,1,1,1
3.302187e-12,3.302187e+00,1,7923,0,1,0,0,0,0,0,1,1,1
6.962376e-14,6.962376e-02,0,7925,1,1,0,1,0,0,0,0,0,1
2.937902e-13,2.937902e-01,1,7926,0,1,1,0,1,0,0,0,0,0
9.098723e-12,9.098723e+00,0,7929,1,1,1,0,1,1,0,1,0,0
-5.489667e-12,-5.489667e+00,1,7930,0,1,1,1,0,1,1,0,1,0
3.697449e-11,3.697449e+01,0,7932,1,1,0,1,1,1,0,1,1,0
3.982761e-12,3.982761e+00,1,7934,0,0,1,1,0,1,1,1,0,1
4.334077e-12,4.334077e+00,0,7935,1,0,0,1,1,0,1,1,1,0
-8.809749e-13,-8.809749e-01,1,7936,0,1,0,0,1,1,0,1,1,1
-2.095287e-11,-2.095287e+01,0,7937,1,0,1,0,0,1,1,0,1,1
1.190194e-12,1.190194e+00,1,7941,0,0,0,0,1,0,1,0,0,1
9.571500e-13,9.571500e-01,0,7942,1,0,0,0,0,1,0,1,0,0
-3.479495e-12,-3.479495e+00,1,7943,0,1,0,0,0,0,1,0,1,0
1.289379e-12,1.289379e+00,0,7944,1,0,1,0,0,0,0,1,0,1
1.601192e-13,1.601192e-01,1,7945,0,1,0,1,0,0,0,0,1,0
2.838974e-13,2.838974e-01,0,7946,1,0,1,0,1,0,0,0,0,1
-2.922580e-11,-2.922580e+01,1,7948,0,0,1,0,1,0,1,0,0,0
3.996712e-12,3.996712e+00,0,7949,1,0,0,1,0,1,0,1,0,0
-4.377536e-12,-4.377536e+00,1,7950,0,1,0,0,1,0,1,0,1,0
2.131381e-12,2.131381e+00,0,7952,1,1,0,1,0,0,1,0,1,0
1.415470e-11,1.415470e+01,1,7954,0,0,1,1,0,1,0,0,1,0
-1.962207e-12,-1.962207e+00,0,7955,1,0,0,1,1,0,1,0,0,1
-7.392782e-13,-7.392782e-01,1,7957,0,0,1,0,0,1,1,0,1,0
3.477520e-12,3.477520e+00,0,7958,1,0,0,1,0,0,1,1,0,1
2.134625e-11,2.134625e+01,1,7959,0,1,0,0,1,0,0,1,1,0
-2.662402e-12,-2.662402e+00,0,7960,1,0,1,0,0,1,0,0,1,1
3.803613e-11,3.803613e+01,1,7962,0,0,1,0,1,0,0,1,0,0
8.981509e-12,8.981509e+00,0,7965,1,1,1,0,0,1,0,1,0,0
1.311981e-11,1.311981e+01,1,7967,0,0,1,1,1,0,0,1,0,1
3.784518e-11,3.784518e+01,0,7973,1,1,1,1,1,1,0,0,1,1
3.943290e-12,3.943290e+00,1,7977,0,0,0,0,1,1,1,1,1,1
2.812487e-12,2.812487e+00,0,7980,1,1,1,0,0,0,0,1,1,1
1.447695e-11,1.447695e+01,1,7981,0,1,1,1,0,0,0,0,1,1
-1.036965e-12,-1.036965e+00,0,7983,1,1,0,1,1,1,0,0,0,0
3.953665e-12,3.953665e+00,1,7984,0,1,1,0,1,1,1,0,0,0
7.216581e-12,7.216581e+00,0,7985,1,0,1,1,0,1,1,1,0,0
-8.820405e-13,-8.820405e-01,1,7986,0,1,0,1,1,0,1,1,1,0
2.687353e-11,2.687353e+01,0,7988,1,1,0,1,0,1,1,0,1,1
-6.753930e-12,-6.753930e+00,1,7992,0,0,0,0,1,1,0,1,0,1
-1.878947e-11,-1.878947e+01,0,7993,1,0,0,0,0,1,1,0,1,0
1.182685e-11,1.182685e+01,1,7994,0,1,0,0,0,0,1,1,0,1
-4.370356e-12,-4.370356e+00,0,7995,1,0,1,0,0,0,0,1,1,0
2.182099e-12,2.182099e+00,1,7997,0,0,1,0,1,0,0,0,0,1
2.245485e-14,2.245485e-02,0,7998,1,0,0,1,0,1,0,0,0,0
2.995194e-12,2.995194e+00,1,7999,0,1,0,0,1,0,1,0,0,0
-2.574809e-12,-2.574809e+00,0,8000,1,0,1,0,0,1,0,1,0,0
8.138808e-12,8.138808e+00,1,8001,0,1,0,1,0,0,1,0,1,0
-1.823561e-12,-1.823561e+00,0,8003,1,1,0,1,0,1,0,0,1,0
-1.363961e-12,-1.363961e+00,1,8005,0,0,1,1,0,1,0,1,0,0
2.574091e-12,2.574091e+00,0,8006,1,0,0,1,1,0,1,0,1,0
-4.711955e-12,-4.711955e+00,1,8009,0,0,0,1,0,0,1,1,0,1
3.928067e-13,3.928067e-01,0,8010,1,0,0,0,1,0,0,1,1,0
-2.406986e-12,-2.406986e+00,1,8012,0,0,1,0,0,0,1,0,0,1
6.138707e-13,6.138707e-01,0,8013,1,0,0,1,0,0,0,1,0,0
-4.267201e-12,-4.267201e+00,1,8014,0,1,0,0,1,0,0,0,1,0
1.625459e-12,1.625459e+00,0,8015,1,0,1,0,0,1,0,0,0,1
2.491538e-12,2.491538e+00,1,8016,0,1,0,1,0,0,1,0,0,0
-6.353683e-13,-6.353683e-01,0,8017,1,0,1,0,1,0,0,1,0,0
-6.178479e-12,-6.178479e+00,1,8021,0,0,0,0,1,0,1,0,1,0
4.740672e-12,4.740672e+00,0,8022,1,0,0,0,0,1,0,1,0,1
2.682371e-13,2.682371e-01,1,8023,0,1,0,0,0,0,1,0,1,0
1.116013e-12,1.116013e+00,0,8024,1,0,1,0,0,0,0,1,0,1
4.555519e-12,4.555519e+00,1,8026,0,0,1,0,1,0,0,0,0,1
-3.544438e-11,-3.544438e+01,0,8027,1,0,0,1,0,1,0,0,0,0
-5.363313e-12,-5.363313e+00,1,8029,0,0,1,0,0,1,0,1,0,0
-3.948144e-12,-3.948144e+00,0,8031,1,1,0,0,1,0,0,1,0,1
-8.389282e-13,-8.389282e-01,1,8032,0,1,1,0,0,1,0,0,1,0
-3.906492e-12,-3.906492e+00,0,8033,1,0,1,1,0,0,1,0,0,1
3.323189e-12,3.323189e+00,1,8035,0,0,1,0,1,1,0,0,1,0
9.675058e-12,9.675058e+00,0,8036,1,0,0,1,0,1,1,0,0,1
-1.664389e-12,-1.664389e+00,1,8037,0,1,0,0,1,0,1,1,0,0
3.695459e-12,3.695459e+00,0,8038,1,0,1,0,0,1,0,1,1,0
3.233797e-11,3.233797e+01,1,8041,0,0,0,1,0,1,0,0,1,0
-5.525821e-12,-5.525821e+00,0,8046,1,1,1,1,1,0,0,0,1,0
6.293523e-12,6.293523e+00,1,8048,0,0,1,1,1,1,1,0,0,0
2.588823e-13,2.588823e-01,0,8049,1,0,0,1,1,1,1,1,0,0
3.078968e-11,3.078968e+01,1,8053,0,0,0,0,1,0,0,1,1,1
2.772198e-11,2.772198e+01,0,8055,1,1,0,0,0,0,1,0,0,1
5.985214e-12,5.985214e+00,1,8056,0,1,1,0,0,0,0,1,0,0
-1.552504e-12,-1.552504e+00,0,8059,1,1,1,0,1,1,0,0,0,0
1.766642e-11,1.766642e+01,1,8061,0,0,1,1,1,0,1,1,0,0
2.354443e-12,2.354443e+00,0,8063,1,1,0,0,1,1,1,0,1,1
1.583917e-12,1.583917e+00,1,8064,0,1,1,0,0,1,1,1,0,1
3.691940e-12,3.691940e+00,0,8065,1,0,1,1,0,0,1,1,1,0
-2.016418e-12,-2.016418e+00,1,8066,0,1,0,1,1,0,0,1,1,1
2.683729e-12,2.683729e+00,0,8067,1,0,1,0,1,1,0,0,1,1
3.184252e-12,3.184252e+00,1,8071,0,0,0,0,1,0,1,0,1,1
5.979431e-13,5.979431e-01,0,8074,1,1,1,0,0,0,0,1,0,1
-1.730021e-11,-1.730021e+01,1,8076,0,0,1,1,1,0,0,0,0,1
1.326870e-11,1.326870e+01,0,8077,1,0,0,1,1,1,0,0,0,0
-3.930357e-12,-3.930357e+00,1,8079,0,0,1,0,0,1,1,1,0,0
2.318523e-12,2.318523e+00,0,8081,1,1,0,0,1,0,0,1,1,1
6.450868e-13,6.450868e-01,1,8082,0,1,1,0,0,1,0,0,1,1
-3.935481e-11,-3.935481e+01,0,8083,1,0,1,1,0,0,1,0,0,1
4.837888e-11,4.837888e+01,1,8084,0,1,0,1,1,0,0,1,0,0
2.315611e-11,2.315611e+01,0,8087,1,1,1,0,1,0,1,1,0,0
3.361712e-12,3.361712e+00,1,8089,0,0,1,1,1,0,1,0,1,1
-2.130331e-12,-2.130331e+00,0,8092,1,1,1,0,0,1,1,1,0,1
4.675052e-12,4.675052e+00,1,8094,0,0,1,1,1,0,0,1,1,1
1.265924e-11,1.265924e+01,0,8095,1,0,0,1,1,1,0,0,1,1
-4.934275e-12,-4.934275e+00,1,8099,0,0,0,0,1,0,0,1,1,1
2.874676e-12,2.874676e+00,0,8102,1,1,1,0,0,0,0,1,0,0
-8.242770e-13,-8.242770e-01,1,8103,0,1,1,1,0,0,0,0,1,0
-1.707577e-12,-1.707577e+00,0,8104,1,0,1,1,1,0,0,0,0,1
3.097503e-11,3.097503e+01,1,8105,0,1,0,1,1,1,0,0,0,0
-9.024864e-12,-9.024864e+00,0,8106,1,0,1,0,1,1,1,0,0,0
-5.408438e-13,-5.408438e-01,1,8111,0,0,0,0,0,1,0,1,0,1
-2.148595e-12,-2.148595e+00,0,8113,1,1,0,0,0,0,0,1,0,1
1.045826e-11,1.045826e+01,1,8115,0,0,1,1,0,0,0,0,0,1
-1.667221e-12,-1.667221e+00,0,8116,1,0,0,1,1,0,0,0,0,0
4.713704e-12,4.713704e+00,1,8118,0,0,1,0,0,1,1,0,0,0
-2.192997e-12,-2.192997e+00,0,8120,1,1,0,0,1,0,0,1,1,0
3.404834e-12,3.404834e+00,1,8121,0,1,1,0,0,1,0,0,1,1
-1.446269e-11,-1.446269e+01,0,8124,1,1,1,0,1,1,0,0,1,0
3.619604e-12,3.619604e+00,1,8127,0,0,0,1,1,1,0,1,1,0
2.601744e-11,2.601744e+01,0,8128,1,0,0,0,1,1,1,0,1,1
-7.942950e-12,-7.942950e+00,1,8129,0,1,0,0,0,1,1,1,0,1
1.041454e-12,1.041454e+00,0,8130,1,0,1,0,0,0,1,1,1,0
1.246675e-13,1.246675e-01,1,8131,0,1,0,1,0,0,0,1,1,1
-3.519458e-12,-3.519458e+00,0,8132,1,0,1,0,1,0,0,0,1,1
-2.075260e-12,-2.075260e+00,1,8136,0,0,0,0,1,0,1,0,1,0
9.167498e-13,9.167498e-01,0,8138,1,1,0,0,0,0,1,0,1,0
-6.228084e-12,-6.228084e+00,1,8140,0,0,1,1,0,0,0,0,1,0
2.375338e-12,2.375338e+00,0,8141,1,0,0,1,1,0,0,0,0,1
-4.302839e-12,-4.302839e+00,1,8143,0,0,1,0,0,1,1,0,0,0
-5.347496e-14,-5.347496e-02,0,8144,1,0,0,1,0,0,1,1,0,0
7.245539e-13,7.245539e-01,1,8145,0,1,0,0,1,0,0,1,1,0
7.387578e-13,7.387578e-01,0,8147,1,1,0,1,0,0,1,0,0,1
1.400570e-11,1.400570e+01,1,8150,0,0,0,1,1,0,1,0,0,1
-5.771872e-14,-5.771872e-02,0,8154,1,1,1,1,0,0,0,1,1,0
1.292090e-12,1.292090e+00,1,8156,0,0,1,1,1,1,0,0,0,1
-3.870781e-11,-3.870781e+01,0,8157,1,0,0,1,1,1,1,0,0,0
4.046749e-11,4.046749e+01,1,8158,0,1,0,0,1,1,1,1,0,0
4.675932e-13,4.675932e-01,0,8159,1,0,1,0,0,1,1,1,1,0
4.921051e-13,4.921051e-01,1,8160,0,1,0,1,0,0,1,1,1,1
7.477730e-12,7.477730e+00,0,8163,1,1,1,0,1,0,1,0,0,1
-6.365233e-12,-6.365233e+00,1,8164,0,1,1,1,0,1,0,1,0,0
-3.963805e-12,-3.963805e+00,0,8167,1,1,1,0,1,1,1,0,1,0
3.690845e-12,3.690845e+00,1,8169,0,0,1,1,1,0,1,1,1,0
2.229489e-13,2.229489e-01,0,8170,1,0,0,1,1,1,0,1,1,1
-2.035430e-12,-2.035430e+00,1,8172,0,0,1,0,0,1,1,1,0,1
-2.969178e-12,-2.969178e+00,0,8174,1,1,0,0,1,0,0,1,1,1
4.604332e-12,4.604332e+00,1,8176,0,0,1,1,0,0,1,0,0,1
-8.215679e-13,-8.215679e-01,0,8178,1,1,0,0,1,1,0,0,1,0
-1.941467e-12,-1.941467e+00,1,8181,0,0,0,1,1,0,0,1,1,0
2.851345e-11,2.851345e+01,0,8182,1,0,0,0,1,1,0,0,1,1
-1.148644e-11,-1.148644e+01,1,8183,0,1,0,0,0,1,1,0,0,1
-3.745412e-12,-3.745412e+00,0,8184,1,0,1,0,0,0,1,1,0,0
8.872679e-13,8.872679e-01,1,8185,0,1,0,1,0,0,0,1,1,0
-3.911263e-11,-3.911263e+01,0,8186,1,0,1,0,1,0,0,0,1,1
4.376995e-11,4.376995e+01,1,8187,0,1,0,1,0,1,0,0,0,1
3.770055e-12,3.770055e+00,0,8188,1,0,1,0,1,0,1,0,0,0
1.154654e-11,1.154654e+01,1,8189,0,1,0,1,0,1,0,1,0,0
-9.291423e-12,-9.291423e+00,0,8190,1,0,1,0,1,0,1,0,1,0
1.626156e-12,1.626156e+00,1,8191,0,1,0,1,0,1,0,1,0,1
5.667532e-12,5.667532e+00,0,8204,1,1,1,1,1,1,1,1,1,1
2.998016e-11,2.998016e+01,1,8205,0,1,1,1,1,1,1,1,1,1
3.091544e-12,3.091544e+00,0,8207,1,1,0,1,1,1,1,1,1,1
-7.846395e-13,-7.846395e-01,1,8208,0,1,1,0,1,1,1,1,1,1
3.177463e-12,3.177463e+00,0,8210,1,1,0,1,1,0,1,1,1,1
-6.895660e-13,-6.895660e-01,1,8211,0,1,1,0,1,1,0,1,1,1
-3.913158e-12,-3.913158e+00,0,8213,1,1,0,1,1,0,1,1,0,1
-5.706422e-13,-5.706422e-01,1,8214,0,1,1,0,1,1,0,1,1,0
-3.484805e-11,-3.484805e+01,0,8218,1,1,1,1,0,1,1,0,1,1
-2.850730e-12,-2.850730e+00,1,8220,0,0,1,1,1,1,0,1,1,0
3.210681e-12,3.210681e+00,0,8224,1,1,1,1,0,0,1,1,1,1
1.020705e-12,1.020705e+00,1,8226,0,0,1,1,1,1,0,0,1,1
-4.404962e-12,-4.404962e+00,0,8228,1,1,0,0,1,1,1,1,0,0
3.253137e-12,3.253137e+00,1,8229,0,1,1,0,0,1,1,1,1,0
3.053343e-12,3.053343e+00,0,8230,1,0,1,1,0,0,1,1,1,1
-4.160306e-13,-4.160306e-01,1,8231,0,1,0,1,1,0,0,1,1,1
-2.225045e-12,-2.225045e+00,0,8232,1,0,1,0,1,1,0,0,1,1
1.069559e-12,1.069559e+00,1,8233,0,1,0,1,0,1,1,0,0,1
4.146048e-13,4.146048e-01,0,8235,1,1,0,1,0,1,0,1,1,0
-6.349994e-12,-6.349994e+00,1,8238,0,0,0,1,1,0,1,0,1,0
2.317544e-12,2.317544e+00,0,8246,1,1,1,1,1,1,1,1,0,0
3.808186e-12,3.808186e+00,1,8250,0,0,0,0,1,1,1,1,1,1
2.522869e-12,2.522869e+00,0,8252,1,1,0,0,0,0,1,1,1,1
2.591667e-11,2.591667e+01,1,8253,0,1,1,0,0,0,0,1,1,1
2.167127e-13,2.167127e-01,0,8255,1,1,0,1,1,0,0,0,0,1
-6.058495e-13,-6.058495e-01,1,8256,0,1,1,0,1,1,0,0,0,0
-8.927227e-13,-8.927227e-01,0,8259,1,1,1,0,1,1,0,1,1,0
-5.755168e-12,-5.755168e+00,1,8260,0,1,1,1,0,1,1,0,1,1
1.326212e-12,1.326212e+00,0,8263,1,1,1,0,1,1,1,0,1,1
5.941792e-12,5.941792e+00,1,8265,0,0,1,1,1,0,1,1,1,0
4.683240e-12,4.683240e+00,0,8269,1,1,1,1,0,0,1,1,1,0
-3.531666e-11,-3.531666e+01,1,8270,0,1,1,1,1,0,0,1,1,1
4.867294e-11,4.867294e+01,0,8271,1,0,1,1,1,1,0,0,1,1
-4.046924e-13,-4.046924e-01,1,8275,0,0,0,0,1,0,1,1,1,1
5.596673e-13,5.596673e-01,0,8278,1,1,1,0,0,0,0,1,0,1
-1.157747e-12,-1.157747e+00,1,8279,0,1,1,1,0,0,0,0,1,0
1.229060e-11,1.229060e+01,0,8284,1,1,1,1,1,0,1,1,1,0
1.619209e-12,1.619209e+00,1,8285,0,1,1,1,1,1,0,1,1,1
-5.876274e-12,-5.876274e+00,0,8288,1,1,1,0,1,1,1,1,1,0
-4.587617e-11,-4.587617e+01,1,8289,0,1,1,1,0,1,1,1,1,1
-8.587607e-11,-8.587607e+01,0,8290,1,0,1,1,1,0,1,1,1,1
-4.290333e-12,-4.290333e+00,1,8296,0,0,0,0,0,0,1,0,1,1
1.359657e-12,1.359657e+00,0,8297,1,0,0,0,0,0,0,1,0,1
3.786361e-11,3.786361e+01,1,8298,0,1,0,0,0,0,0,0,1,0
7.465654e-12,7.465654e+00,0,8303,1,1,1,1,1,0,1,0,0,0
1.183811e-12,1.183811e+00,1,8304,0,1,1,1,1,1,0,1,0,0
-3.575749e-11,-3.575749e+01,0,8306,1,1,0,1,1,1,1,1,0,1
1.602733e-12,1.602733e+00,1,8307,0,1,1,0,1,1,1,1,1,0
1.508186e-12,1.508186e+00,0,8308,1,0,1,1,0,1,1,1,1,1
1.555919e-12,1.555919e+00,1,8310,0,0,1,0,1,1,0,1,1,1
-6.863663e-13,-6.863663e-01,0,8312,1,1,0,0,1,0,1,1,0,1
4.096866e-12,4.096866e+00,1,8313,0,1,1,0,0,1,0,1,1,0
-3.291295e-12,-3.291295e+00,0,8317,1,1,1,1,0,1,1,0,0,1
-5.037835e-13,-5.037835e-01,1,8319,0,0,1,1,1,1,0,1,1,0
4.564139e-12,4.564139e+00,0,8320,1,0,0,1,1,1,1,0,1,1
2.202231e-12,2.202231e+00,1,8321,0,1,0,0,1,1,1,1,0,1
3.637159e-12,3.637159e+00,0,8322,1,0,1,0,0,1,1,1,1,0
-5.639439e-13,-5.639439e-01,1,8323,0,1,0,1,0,0,1,1,1,1
6.589345e-12,6.589345e+00,0,8324,1,0,1,0,1,0,0,1,1,1
1.936551e-12,1.936551e+00,1,8329,0,0,0,0,0,1,0,1,0,1
-3.060666e-13,-3.060666e-01,0,8337,1,1,1,1,1,1,1,1,0,0
-1.231894e-13,-1.231894e-01,1,8338,0,1,1,1,1,1,1,1,1,0
2.747683e-12,2.747683e+00,0,8340,1,1,0,1,1,1,1,1,1,1
3.523014e-12,3.523014e+00,1,8349,0,0,0,0,0,0,0,0,0,1
-7.900254e-12,-7.900254e+00,0,8350,1,0,0,0,0,0,0,0,0,0
-1.751937e-11,-1.751937e+01,1,8351,0,1,0,0,0,0,0,0,0,0
4.147254e-11,4.147254e+01,0,8352,1,0,1,0,0,0,0,0,0,0
1.472646e-12,1.472646e+00,1,8353,0,1,0,1,0,0,0,0,0,0
1.360753e-11,1.360753e+01,0,8355,1,1,0,1,0,1,0,0,0,0
-2.480870e-12,-2.480870e+00,1,8356,0,1,1,0,1,0,1,0,0,0
4.824727e-12,4.824727e+00,0,8358,1,1,0,1,1,0,1,0,1,0
6.796337e-13,6.796337e-01,1,8359,0,1,1,0,1,1,0,1,0,1
-4.721565e-12,-4.721565e+00,0,8366,1,1,1,1,1,1,1,0,1,1
1.040544e-12,1.040544e+00,1,8368,0,0,1,1,1,1,1,1,1,0
1.776646e-12,1.776646e+00,0,8372,1,1,1,1,0,0,1,1,1,1
-3.058047e-11,-3.058047e+01,1,8373,0,1,1,1,1,0,0,1,1,1
-3.319295e-12,-3.319295e+00,0,8375,1,1,0,1,1,1,1,0,0,1
9.434784e-13,9.434784e-01,1,8376,0,1,1,0,1,1,1,1,0,0
-1.333785e-12,-1.333785e+00,0,8379,1,1,1,0,1,1,0,1,1,1
-3.112632e-12,-3.112632e+00,1,8384,0,0,0,0,0,1,1,1,0,1
-4.020952e-12,-4.020952e+00,0,8385,1,0,0,0,0,0,1,1,1,0
2.424218e-11,2.424218e+01,1,8386,0,1,0,0,0,0,0,1,1,1
-4.176703e-12,-4.176703e+00,0,8387,1,0,1,0,0,0,0,0,1,1
1.400697e-12,1.400697e+00,1,8391,0,0,0,0,1,0,1,0,0,0
-2.235299e-12,-2.235299e+00,0,8393,1,1,0,0,0,0,1,0,1,0
1.877110e-12,1.877110e+00,1,8394,0,1,1,0,0,0,0,1,0,1
1.069644e-12,1.069644e+00,0,8400,1,1,1,1,1,1,0,1,1,0
2.188213e-11,2.188213e+01,1,8401,0,1,1,1,1,1,1,0,1,1
-3.186772e-12,-3.186772e+00,0,8404,1,1,1,0,1,1,1,1,1,1
-2.009092e-12,-2.009092e+00,1,8406,0,0,1,1,1,0,1,1,1,1
-7.106359e-13,-7.106359e-01,0,8408,1,1,0,0,1,1,1,0,1,1
-4.071053e-11,-4.071053e+01,1,8409,0,1,1,0,0,1,1,1,0,1
3.573937e-12,3.573937e+00,0,8411,1,1,0,1,1,0,0,1,1,1
-1.823451e-12,-1.823451e+00,1,8413,0,0,1,1,0,1,1,0,0,1
7.540715e-12,7.540715e+00,0,8415,1,1,0,0,1,1,0,1,1,0
6.872789e-13,6.872789e-01,1,8418,0,0,0,1,1,0,0,1,1,0
1.083546e-12,1.083546e+00,0,8422,1,1,1,1,0,0,0,1,1,0
3.538673e-11,3.538673e+01,1,8425,0,0,0,1,1,1,1,0,0,0
-3.875693e-12,-3.875693e+00,0,8428,1,1,1,0,0,0,1,1,1,1
1.360564e-12,1.360564e+00,1,8429,0,1,1,1,0,0,0,1,1,1
-8.493686e-13,-8.493686e-01,0,8430,1,0,1,1,1,0,0,0,1,1
1.554455e-12,1.554455e+00,1,8431,0,1,0,1,1,1,0,0,0,1
1.040726e-12,1.040726e+00,0,8433,1,1,0,1,0,1,1,1,0,0
-4.486287e-11,-4.486287e+01,1,8437,0,0,0,0,1,1,0,1,0,1
-3.650679e-12,-3.650679e+00,0,8439,1,1,0,0,0,0,1,1,0,1
-1.947083e-15,-1.947083e-03,1,8441,0,0,1,1,0,0,0,0,1,1
-5.192467e-13,-5.192467e-01,0,8442,1,0,0,1,1,0,0,0,0,1
-9.647896e-12,-9.647896e+00,1,8445,0,0,0,1,0,0,1,1,0,0
3.989008e-11,3.989008e+01,0,8447,1,1,0,0,0,1,0,0,1,1
-1.098135e-13,-1.098135e-01,1,8448,0,1,1,0,0,0,1,0,0,1
1.473565e-12,1.473565e+00,0,8449,1,0,1,1,0,0,0,1,0,0
-3.852633e-11,-3.852633e+01,1,8450,0,1,0,1,1,0,0,0,1,0
4.315785e-11,4.315785e+01,0,8451,1,0,1,0,1,1,0,0,0,1
3.157951e-12,3.157951e+00,1,8452,0,1,0,1,0,1,1,0,0,0
-1.838959e-12,-1.838959e+00,0,8453,1,0,1,0,1,0,1,1,0,0
-1.486724e-11,-1.486724e+01,1,8457,0,0,0,0,1,0,1,0,1,0
3.064673e-11,3.064673e+01,0,8466,1,1,1,1,1,1,1,1,1,0
-5.658494e-12,-5.658494e+00,1,8467,0,1,1,1,1,1,1,1,1,1
-2.973353e-12,-2.973353e+00,0,8470,1,1,1,0,1,1,1,1,1,1
-1.297278e-11,-1.297278e+01,1,8471,0,1,1,1,0,1,1,1,1,1
-2.475382e-13,-2.475382e-01,0,8473,1,1,0,1,1,1,0,1,1,1
4.087816e-12,4.087816e+00,1,8474,0,1,1,0,1,1,1,0,1,1
2.048544e-12,2.048544e+00,0,8476,1,1,0,1,1,0,1,1,1,0
1.326714e-12,1.326714e+00,1,8477,0,1,1,0,1,1,0,1,1,1
4.252662e-12,4.252662e+00,0,8478,1,0,1,1,0,1,1,0,1,1
2.926178e-12,2.926178e+00,1,8482,0,0,0,0,1,0,1,1,0,1
1.113175e-11,1.113175e+01,0,8483,1,0,0,0,0,1,0,1,1,0
6.773142e-12,6.773142e+00,1,8484,0,1,0,0,0,0,1,0,1,1
-1.016859e-12,-1.016859e+00,0,8485,1,0,1,0,0,0,0,1,0,1
2.491118e-12,2.491118e+00,1,8488,0,0,0,1,0,1,0,0,0,0
1.383086e-12,1.383086e+00,0,8489,1,0,0,0,1,0,1,0,0,0
7.853121e-13,7.853121e-01,1,8494,0,0,0,0,0,1,0,0,0,1
-2.157474e-12,-2.157474e+00,0,8495,1,0,0,0,0,0,1,0,0,0
5.798618e-12,5.798618e+00,1,8497,0,0,1,0,0,0,0,0,1,0
3.278606e-13,3.278606e-01,0,8499,1,1,0,0,1,0,0,0,0,0
3.539732e-12,3.539732e+00,1,8501,0,0,1,1,0,0,1,0,0,0
2.269935e-13,2.269935e-01,0,8503,1,1,0,0,1,1,0,0,1,0
-3.523747e-12,-3.523747e+00,1,8504,0,1,1,0,0,1,1,0,0,1
-2.843593e-12,-2.843593e+00,0,8508,1,1,1,1,0,1,1,0,0,1
-2.364622e-11,-2.364622e+01,1,8511,0,0,0,1,1,1,1,0,1,1
-1.306575e-12,-1.306575e+00,0,8514,1,1,1,0,0,0,1,1,1,1
4.173124e-12,4.173124e+00,1,8516,0,0,1,1,1,0,0,0,1,1
8.928465e-13,8.928465e-01,0,8518,1,1,0,0,1,1,1,0,0,0
-2.015280e-12,-2.015280e+00,1,8519,0,1,1,0,0,1,1,1,0,0
-5.187474e-13,-5.187474e-01,0,8520,1,0,1,1,0,0,1,1,1,0
-7.118697e-13,-7.118697e-01,1,8521,0,1,0,1,1,0,0,1,1,1
1.889141e-12,1.889141e+00,0,8524,1,1,1,0,1,0,1,1,0,0
-5.336581e-12,-5.336581e+00,1,8525,0,1,1,1,0,1,0,1,1,0
4.142937e-13,4.142937e-01,0,8526,1,0,1,1,1,0,1,0,1,1
1.262390e-12,1.262390e+00,1,8527,0,1,0,1,1,1,0,1,0,1
1.452465e-11,1.452465e+01,0,8528,1,0,1,0,1,1,1,0,1,0
-2.579633e-12,-2.579633e+00,1,8529,0,1,0,1,0,1,1,1,0,1
-1.992975e-12,-1.992975e+00,0,8530,1,0,1,0,1,0,1,1,1,0
-5.578411e-12,-5.578411e+00,1,8532,0,0,1,0,1,0,1,0,1,1
3.369781e-12,3.369781e+00,0,8533,1,0,0,1,0,1,0,1,0,1
3.749280e-12,3.749280e+00,1,8534,0,1,0,0,1,0,1,0,1,0
1.333266e-12,1.333266e+00,0,8543,1,1,1,1,1,1,1,1,1,0
2.958128e-11,2.958128e+01,1,8545,0,0,1,1,1,1,1,1,1,1
4.975703e-12,4.975703e+00,0,8546,1,0,0,1,1,1,1,1,1,1
-1.941198e-12,-1.941198e+00,1,8547,0,1,0,0,1,1,1,1,1,1
-6.012269e-12,-6.012269e+00,0,8549,1,1,0,1,0,0,1,1,1,1
3.672780e-12,3.672780e+00,1,8550,0,1,1,0,1,0,0,1,1,1
-5.010474e-12,-5.010474e+00,0,8552,1,1,0,1,1,0,1,0,0,1
7.879919e-12,7.879919e+00,1,8553,0,1,1,0,1,1,0,1,0,0
4.864720e-12,4.864720e+00,0,8556,1,1,1,0,1,1,0,1,1,0
-6.475202e-13,-6.475202e-01,1,8558,0,0,1,1,1,0,1,1,0,1
-6.045271e-13,-6.045271e-01,0,8559,1,0,0,1,1,1,0,1,1,0
-1.561817e-11,-1.561817e+01,1,8560,0,1,0,0,1,1,1,0,1,1
1.265964e-11,1.265964e+01,0,8561,1,0,1,0,0,1,1,1,0,1
-2.784532e-12,-2.784532e+00,1,8564,0,0,0,1,0,1,0,0,1,1
3.110585e-12,3.110585e+00,0,8565,1,0,0,0,1,0,1,0,0,1
3.293762e-12,3.293762e+00,1,8566,0,1,0,0,0,1,0,1,0,0
6.107597e-12,6.107597e+00,0,8569,1,1,1,0,1,0,0,0,1,0
-2.157340e-13,-2.157340e-01,1,8571,0,0,1,1,1,0,1,0,0,0
-2.053372e-12,-2.053372e+00,0,8572,1,0,0,1,1,1,0,1,0,0
1.400694e-11,1.400694e+01,1,8576,0,0,0,0,1,0,0,1,1,1
8.873443e-13,8.873443e-01,0,8577,1,0,0,0,0,1,0,0,1,1
-1.612271e-11,-1.612271e+01,1,8581,0,0,0,0,1,0,0,0,0,1
7.685947e-12,7.685947e+00,0,8585,1,1,1,1,0,0,0,0,1,0
-2.097286e-11,-2.097286e+01,1,8586,0,1,1,1,1,0,0,0,0,1
1.408303e-12,1.408303e+00,0,8590,1,1,1,1,0,1,1,1,1,0
-8.367608e-12,-8.367608e+00,1,8591,0,1,1,1,1,0,1,1,1,1
-1.277330e-12,-1.277330e+00,0,8594,1,1,1,0,1,1,1,1,0,1
4.773770e-14,4.773770e-02,1,8595,0,1,1,1,0,1,1,1,1,0
3.571586e-12,3.571586e+00,0,8599,1,1,1,1,0,1,1,1,0,1
2.080741e-12,2.080741e+00,1,8600,0,1,1,1,1,0,1,1,1,0
2.397038e-12,2.397038e+00,0,8604,1,1,1,1,0,1,1,1,1,0
2.342549e-12,2.342549e+00,1,8605,0,1,1,1,1,0,1,1,1,1
6.906001e-12,6.906001e+00,0,8606,1,0,1,1,1,1,0,1,1,1
-2.284881e-12,-2.284881e+00,1,8611,0,0,0,0,0,1,0,1,1,1
-9.445745e-13,-9.445745e-01,0,8612,1,0,0,0,0,0,1,0,1,1
1.412632e-12,1.412632e+00,1,8613,0,1,0,0,0,0,0,1,0,1
-5.558878e-12,-5.558878e+00,0,8615,1,1,0,1,0,0,0,0,0,1
-2.451037e-12,-2.451037e+00,1,8617,0,0,1,1,0,1,0,0,0,0
2.296369e-13,2.296369e-01,0,8618,1,0,0,1,1,0,1,0,0,0
3.298232e-12,3.298232e+00,1,8619,0,1,0,0,1,1,0,1,0,0
-5.587087e-12,-5.587087e+00,0,8621,1,1,0,1,0,0,1,1,0,1
-7.411368e-13,-7.411368e-01,1,8622,0,1,1,0,1,0,0,1,1,0
-1.666841e-12,-1.666841e+00,0,8623,1,0,1,1,0,1,0,0,1,1
1.881456e-12,1.881456e+00,1,8625,0,0,1,0,1,1,0,1,0,0
-5.185986e-13,-5.185986e-01,0,8628,1,1,1,0,0,1,0,1,1,0
-1.821828e-11,-1.821828e+01,1,8630,0,0,1,1,1,0,0,1,0,1
4.259621e-11,4.259621e+01,0,8631,1,0,0,1,1,1,0,0,1,0
2.596318e-12,2.596318e+00,1,8632,0,1,0,0,1,1,1,0,0,1
1.899569e-12,1.899569e+00,0,8633,1,0,1,0,0,1,1,1,0,0
-9.186314e-13,-9.186314e-01,1,8635,0,0,1,0,1,0,0,1,1,1
3.255078e-12,3.255078e+00,0,8638,1,1,1,0,0,1,0,1,0,0
-2.413547e-11,-2.413547e+01,1,8639,0,1,1,1,0,0,1,0,1,0
3.860776e-12,3.860776e+00,0,8640,1,0,1,1,1,0,0,1,0,1
-2.797413e-12,-2.797413e+00,1,8641,0,1,0,1,1,1,0,0,1,0
3.781095e-12,3.781095e+00,0,8642,1,0,1,0,1,1,1,0,0,1
-1.111771e-12,-1.111771e+00,1,8644,0,0,1,0,1,0,1,1,1,0
-2.999329e-12,-2.999329e+00,0,8645,1,0,0,1,0,1,0,1,1,1
-3.521558e-12,-3.521558e+00,1,8646,0,1,0,0,1,0,1,0,1,1
-2.157227e-12,-2.157227e+00,0,8647,1,0,1,0,0,1,0,1,0,1
-1.330917e-12,-1.330917e+00,1,8648,0,1,0,1,0,0,1,0,1,0
3.417991e-12,3.417991e+00,0,8655,1,1,1,1,1,1,1,0,1,0
9.606869e-13,9.606869e-01,1,8657,0,0,1,1,1,1,1,1,1,0
-4.606685e-12,-4.606685e+00,0,8658,1,0,0,1,1,1,1,1,1,1
-3.508957e-11,-3.508957e+01,1,8660,0,0,1,0,0,1,1,1,1,1
4.695787e-12,4.695787e+00,0,8662,1,1,0,0,1,0,0,1,1,1
-2.605371e-11,-2.605371e+01,1,8663,0,1,1,0,0,1,0,0,1,1
2.403432e-12,2.403432e+00,0,8665,1,1,0,1,1,0,0,1,0,0
3.141374e-12,3.141374e+00,1,8666,0,1,1,0,1,1,0,0,1,0
-2.322463e-11,-2.322463e+01,0,8667,1,0,1,1,0,1,1,0,0,1
5.042543e-12,5.042543e+00,1,8668,0,1,0,1,1,0,1,1,0,0
-8.981715e-13,-8.981715e-01,0,8669,1,0,1,0,1,1,0,1,1,0
-3.592672e-12,-3.592672e+00,1,8672,0,0,0,1,0,1,0,1,1,0
-1.382749e-11,-1.382749e+01,0,8676,1,1,1,1,0,0,0,1,0,1
1.102350e-12,1.102350e+00,1,8678,0,0,1,1,1,1,0,0,0,1
2.323398e-12,2.323398e+00,0,8679,1,0,0,1,1,1,1,0,0,0
2.239278e-11,2.239278e+01,1,8681,0,0,1,0,0,1,1,1,1,0
1.622360e-12,1.622360e+00,0,8683,1,1,0,0,1,0,0,1,1,1
-2.684113e-12,-2.684113e+00,1,8688,0,0,0,0,0,1,1,0,0,1
-4.106152e-13,-4.106152e-01,0,8692,1,1,1,1,0,0,0,0,0,1
-1.041714e-12,-1.041714e+00,1,8695,0,0,0,1,1,1,1,0,0,0
1.862659e-12,1.862659e+00,0,8697,1,1,0,0,0,1,1,1,1,0
-9.797651e-13,-9.797651e-01,1,8698,0,1,1,0,0,0,1,1,1,1
1.391498e-12,1.391498e+00,0,8701,1,1,1,0,1,1,0,0,0,1
2.646442e-12,2.646442e+00,1,8702,0,1,1,1,0,1,1,0,0,0
-3.691148e-11,-3.691148e+01,0,8705,1,1,1,0,1,1,1,0,1,1
5.425117e-13,5.425117e-01,1,8706,0,1,1,1,0,1,1,1,0,1
3.041054e-12,3.041054e+00,0,8707,1,0,1,1,1,0,1,1,1,0
2.592226e-12,2.592226e+00,1,8708,0,1,0,1,1,1,0,1,1,1
2.729641e-11,2.729641e+01,0,8709,1,0,1,0,1,1,1,0,1,1
1.212474e-12,1.212474e+00,1,8713,0,0,0,0,1,0,1,0,1,1
-2.356770e-12,-2.356770e+00,0,8714,1,0,0,0,0,1,0,1,0,1
-4.234413e-13,-4.234413e-01,1,8715,0,1,0,0,0,0,1,0,1,0
-6.584527e-12,-6.584527e+00,0,8722,1,1,1,1,1,1,1,0,1,0
6.100185e-13,6.100185e-01,1,8723,0,1,1,1,1,1,1,1,0,1
-5.470523e-12,-5.470523e+00,0,8728,1,1,1,1,1,0,1,1,1,1
7.585160e-12,7.585160e+00,1,8729,0,1,1,1,1,1,0,1,1,1
2.790561e-12,2.790561e+00,0,8731,1,1,0,1,1,1,1,1,0,1
-1.225950e-11,-1.225950e+01,1,8732,0,1,1,0,1,1,1,1,1,0
-5.572949e-12,-5.572949e+00,0,8736,1,1,1,1,0,1,1,0,1,1
1.127348e-12,1.127348e+00,1,8737,0,1,1,1,1,0,1,1,0,1
1.880501e-12,1.880501e+00,0,8739,1,1,0,1,1,1,1,0,1,1
-2.574959e-12,-2.574959e+00,1,8741,0,0,1,1,0,1,1,1,1,0
1.496742e-12,1.496742e+00,0,8745,1,1,1,1,0,0,1,1,0,1
-7.452101e-12,-7.452101e+00,1,8746,0,1,1,1,1,0,0,1,1,0
-4.957760e-12,-4.957760e+00,0,8750,1,1,1,1,0,1,1,1,1,0
7.114314e-12,7.114314e+00,1,8753,0,0,0,1,1,1,1,0,1,1
-4.974989e-13,-4.974989e-01,0,8755,1,1,0,0,0,1,1,1,1,0
-6.390088e-13,-6.390088e-01,1,8756,0,1,1,0,0,0,1,1,1,1
2.757047e-13,2.757047e-01,0,8757,1,0,1,1,0,0,0,1,1,1
-2.092863e-12,-2.092863e+00,1,8762,0,0,0,0,0,1,0,1,1,0
-9.069578e-12,-9.069578e+00,0,8764,1,1,0,0,0,0,0,1,0,1
-6.245615e-14,-6.245615e-02,1,8767,0,0,0,1,1,0,0,0,0,0
-3.105739e-13,-3.105739e-01,0,8768,1,0,0,0,1,1,0,0,0,0
2.055679e-11,2.055679e+01,1,8774,0,0,0,0,0,0,1,0,0,0
6.458134e-12,6.458134e+00,0,8777,1,1,1,0,0,0,0,0,0,1
-1.538725e-12,-1.538725e+00,1,8778,0,1,1,1,0,0,0,0,0,0
-4.500730e-13,-4.500730e-01,0,8779,1,0,1,1,1,0,0,0,0,0
1.686121e-12,1.686121e+00,1,8786,0,0,0,0,0,0,0,1,0,1
-3.303547e-12,-3.303547e+00,0,8788,1,1,0,0,0,0,0,0,0,1
-3.239814e-12,-3.239814e+00,1,8790,0,0,1,1,0,0,0,0,0,0
3.745713e-12,3.745713e+00,0,8791,1,0,0,1,1,0,0,0,0,0
2.636698e-12,2.636698e+00,1,8792,0,1,0,0,1,1,0,0,0,0
1.784813e-11,1.784813e+01,0,8794,1,1,0,1,0,0,1,1,0,0
4.500629e-12,4.500629e+00,1,8795,0,1,1,0,1,0,0,1,1,0
-2.174147e-12,-2.174147e+00,0,8797,1,1,0,1,1,0,1,0,0,1
1.725897e-11,1.725897e+01,1,8800,0,0,0,1,1,0,1,1,0,1
3.980073e-12,3.980073e+00,0,8805,1,1,1,1,1,0,0,0,1,1
7.616494e-12,7.616494e+00,1,8807,0,0,1,1,1,1,1,0,0,0
-9.298699e-12,-9.298699e+00,0,8810,1,1,1,0,0,1,1,1,1,1
-2.211755e-12,-2.211755e+00,1,8811,0,1,1,1,0,0,1,1,1,1
7.685178e-12,7.685178e+00,0,8812,1,0,1,1,1,0,0,1,1,1
-1.774261e-12,-1.774261e+00,1,8813,0,1,0,1,1,1,0,0,1,1
-1.918962e-11,-1.918962e+01,0,8815,1,1,0,1,0,1,1,1,0,0
2.446435e-12,2.446435e+00,1,8816,0,1,1,0,1,0,1,1,1,0
1.486110e-12,1.486110e+00,0,8817,1,0,1,1,0,1,0,1,1,1
-3.851379e-11,-3.851379e+01,1,8818,0,1,0,1,1,0,1,0,1,1
3.876544e-11,3.876544e+01,0,8819,1,0,1,0,1,1,0,1,0,1
-1.234458e-12,-1.234458e+00,1,8820,0,1,0,1,0,1,1,0,1,0
-4.824194e-12,-4.824194e+00,0,8826,1,1,1,1,1,1,0,1,0,1
-2.014558e-12,-2.014558e+00,1,8828,0,0,1,1,1,1,1,1,0,1
2.477698e-12,2.477698e+00,0,8829,1,0,0,1,1,1,1,1,1,0
1.805173e-12,1.805173e+00,1,8831,0,0,1,0,0,1,1,1,1,1
9.790143e-12,9.790143e+00,0,8832,1,0,0,1,0,0,1,1,1,1
-7.439419e-12,-7.439419e+00,1,8833,0,1,0,0,1,0,0,1,1,1
1.225590e-12,1.225590e+00,0,8835,1,1,0,1,0,0,1,0,0,1
-1.197238e-12,-1.197238e+00,1,8836,0,1,1,0,1,0,0,1,0,0
1.188094e-12,1.188094e+00,0,8839,1,1,1,0,1,1,0,1,0,0
3.166409e-12,3.166409e+00,1,8841,0,0,1,1,1,0,1,1,0,1
6.295315e-12,6.295315e+00,0,8846,1,1,1,1,1,0,0,1,1,1
-4.819640e-13,-4.819640e-01,1,8848,0,0,1,1,1,1,1,0,0,1
3.430631e-12,3.430631e+00,0,8850,1,1,0,0,1,1,1,1,1,0
-2.812598e-12,-2.812598e+00,1,8853,0,0,0,1,1,0,0,1,1,1
3.047732e-12,3.047732e+00,0,8855,1,1,0,0,0,1,1,0,0,1
8.189909e-12,8.189909e+00,1,8856,0,1,1,0,0,0,1,1,0,0
4.536595e-11,4.536595e+01,0,8859,1,1,1,0,1,1,0,0,0,1
-2.533953e-11,-2.533953e+01,1,8862,0,0,0,1,1,1,0,1,1,0
-1.221839e-12,-1.221839e+00,0,8864,1,1,0,0,0,1,1,1,0,1
1.541332e-12,1.541332e+00,1,8867,0,0,0,1,1,0,0,0,1,1
-5.342480e-12,-5.342480e+00,0,8868,1,0,0,0,1,1,0,0,0,1
6.433053e-12,6.433053e+00,1,8869,0,1,0,0,0,1,1,0,0,0
1.379290e-12,1.379290e+00,0,8872,1,1,1,0,1,0,0,0,1,1
-1.260014e-12,-1.260014e+00,1,8873,0,1,1,1,0,1,0,0,0,1
3.209995e-12,3.209995e+00,0,8874,1,0,1,1,1,0,1,0,0,0
-1.153996e-11,-1.153996e+01,1,8875,0,1,0,1,1,1,0,1,0,0
1.751425e-11,1.751425e+01,0,8876,1,0,1,0,1,1,1,0,1,0
4.892436e-13,4.892436e-01,1,8877,0,1,0,1,0,1,1,1,0,1
-6.342591e-13,-6.342591e-01,0,8882,1,1,1,1,1,0,1,0,1,0
-4.606972e-12,-4.606972e+00,1,8883,0,1,1,1,1,1,0,1,0,1
1.708671e-12,1.708671e+00,0,8884,1,0,1,1,1,1,1,0,1,0
2.880737e-12,2.880737e+00,1,8886,0,0,1,0,1,1,1,1,1,0
2.209147e-12,2.209147e+00,0,8887,1,0,0,1,0,1,1,1,1,1
4.066338e-11,4.066338e+01,1,8889,0,0,1,0,0,1,0,1,1,1
4.642612e-12,4.642612e+00,0,8891,1,1,0,0,1,0,0,1,0,1
-3.535728e-11,-3.535728e+01,1,8892,0,1,1,0,0,1,0,0,1,0
-2.254176e-12,-2.254176e+00,0,8897,1,1,1,1,1,0,1,1,0,0
4.588499e-13,4.588499e-01,1,8899,0,0,1,1,1,1,1,0,1,1
2.347978e-12,2.347978e+00,0,8902,1,1,1,0,0,1,1,1,1,1
-5.788390e-13,-5.788390e-01,1,8904,0,0,1,1,1,0,0,1,1,1
4.386538e-12,4.386538e+00,0,8906,1,1,0,0,1,1,1,0,0,1
2.863956e-12,2.863956e+00,1,8907,0,1,1,0,0,1,1,1,0,0
-7.896763e-13,-7.896763e-01,0,8910,1,1,1,0,1,1,0,0,1,1
2.374790e-12,2.374790e+00,1,8914,0,0,0,0,1,1,1,0,1,1
-1.313813e-12,-1.313813e+00,0,8917,1,1,1,0,0,0,0,1,1,1
1.726590e-12,1.726590e+00,1,8919,0,0,1,1,1,0,0,0,0,1
4.360196e-12,4.360196e+00,0,8921,1,1,0,0,1,1,1,0,0,0
6.841419e-12,6.841419e+00,1,8926,0,0,0,0,0,1,1,0,0,1
-7.118104e-13,-7.118104e-01,0,8928,1,1,0,0,0,0,0,1,1,0
1.972877e-12,1.972877e+00,1,8931,0,0,0,1,1,0,0,0,0,0
3.803468e-11,3.803468e+01,0,8934,1,1,1,0,0,0,1,1,0,0
-1.965212e-12,-1.965212e+00,1,8935,0,1,1,1,0,0,0,1,1,0
-1.361647e-12,-1.361647e+00,0,8937,1,1,0,1,1,1,0,0,0,1
-1.534204e-12,-1.534204e+00,1,8940,0,0,0,1,1,0,1,1,1,0
6.197398e-12,6.197398e+00,0,8942,1,1,0,0,0,1,1,0,1,1
2.686247e-12,2.686247e+00,1,8946,0,0,0,0,1,1,0,0,0,1
-1.587936e-12,-1.587936e+00,0,8947,1,0,0,0,0,1,1,0,0,0
-4.158783e-11,-4.158783e+01,1,8948,0,1,0,0,0,0,1,1,0,0
2.007955e-11,2.007955e+01,0,8949,1,0,1,0,0,0,0,1,1,0
-1.992034e-11,-1.992034e+01,1,8950,0,1,0,1,0,0,0,0,1,1
-1.407745e-11,-1.407745e+01,0,8953,1,1,1,0,1,0,1,0,0,0
-4.938327e-12,-4.938327e+00,1,8958,0,0,0,0,0,1,1,1,0,1
-5.322427e-12,-5.322427e+00,0,8959,1,0,0,0,0,0,1,1,1,0
-2.046097e-12,-2.046097e+00,1,8961,0,0,1,0,0,0,0,0,1,1
4.217519e-12,4.217519e+00,0,8962,1,0,0,1,0,0,0,0,0,1
-3.578238e-11,-3.578238e+01,1,8963,0,1,0,0,1,0,0,0,0,0
5.584651e-12,5.584651e+00,0,8966,1,1,1,0,1,0,0,1,0,0
-3.441525e-11,-3.441525e+01,1,8967,0,1,1,1,0,1,0,0,1,0
-3.284416e-12,-3.284416e+00,0,8969,1,1,0,1,1,1,0,1,0,0
3.555841e-11,3.555841e+01,1,8971,0,0,1,1,0,1,1,1,0,1
3.486255e-12,3.486255e+00,0,8976,1,1,1,1,1,0,0,1,1,0
-5.240359e-12,-5.240359e+00,1,8977,0,1,1,1,1,1,0,0,1,1
3.668774e-12,3.668774e+00,0,8978,1,0,1,1,1,1,1,0,0,1
1.406467e-12,1.406467e+00,1,8981,0,0,0,1,0,1,1,1,1,1
-3.418333e-12,-3.418333e+00,0,8984,1,1,1,0,0,0,1,0,1,1
1.395721e-12,1.395721e+00,1,8985,0,1,1,1,0,0,0,1,0,1
3.489719e-12,3.489719e+00,0,8987,1,1,0,1,1,1,0,0,0,1
1.194866e-14,1.194866e-02,1,8989,0,0,1,1,0,1,1,1,0,0
-4.750837e-12,-4.750837e+00,0,8990,1,0,0,1,1,0,1,1,1,0
1.745629e-12,1.745629e+00,1,8991,0,1,0,0,1,1,0,1,1,1
2.745869e-12,2.745869e+00,0,8994,1,1,1,0,1,0,0,1,1,0
2.999234e-12,2.999234e+00,1,8995,0,1,1,1,0,1,0,0,1,1
-2.338793e-11,-2.338793e+01,0,8996,1,0,1,1,1,0,1,0,0,1
2.397066e-12,2.397066e+00,1,8999,0,0,0,1,0,1,1,1,0,1
-1.656797e-12,-1.656797e+00,0,9004,1,1,1,1,1,0,0,0,1,0
-4.165669e-11,-4.165669e+01,1,9005,0,1,1,1,1,1,0,0,0,1
1.038571e-11,1.038571e+01,0,9006,1,0,1,1,1,1,1,0,0,0
-3.729665e-13,-3.729665e-01,1,9008,0,0,1,0,1,1,1,1,1,0
3.637398e-11,3.637398e+01,0,9010,1,1,0,0,1,0,1,1,1,1
9.103525e-13,9.103525e-01,1,9016,0,0,0,0,0,0,1,1,0,0
2.438921e-12,2.438921e+00,0,9017,1,0,0,0,0,0,0,1,1,0
-2.729385e-12,-2.729385e+00,1,9020,0,0,0,1,0,0,0,0,0,0
5.427393e-12,5.427393e+00,0,9023,1,1,1,0,0,0,1,0,0,0
-1.473566e-11,-1.473566e+01,1,9024,0,1,1,1,0,0,0,1,0,0
4.791766e-12,4.791766e+00,0,9026,1,1,0,1,1,1,0,0,0,1
1.492728e-12,1.492728e+00,1,9027,0,1,1,0,1,1,1,0,0,0
6.324295e-12,6.324295e+00,0,9028,1,0,1,1,0,1,1,1,0,0
1.378470e-11,1.378470e+01,1,9032,0,0,0,0,1,0,1,1,0,1
-1.584944e-11,-1.584944e+01,0,9034,1,1,0,0,0,0,1,0,1,1
-3.740538e-12,-3.740538e+00,1,9036,0,0,1,1,0,0,0,0,1,0
-3.594856e-11,-3.594856e+01,0,9041,1,1,1,1,1,0,0,1,1,0
-7.566652e-13,-7.566652e-01,1,9042,0,1,1,1,1,1,0,0,1,1
4.592476e-11,4.592476e+01,0,9045,1,1,1,0,1,1,1,1,1,0
3.689583e-12,3.689583e+00,1,9048,0,0,0,1,1,1,0,1,1,1
-1.306781e-13,-1.306781e-01,0,9050,1,1,0,0,0,1,1,1,0,1
-4.624840e-12,-4.624840e+00,1,9051,0,1,1,0,0,0,1,1,1,0
-9.322755e-13,-9.322755e-01,0,9055,1,1,1,1,0,1,1,0,0,0
-4.093217e-11,-4.093217e+01,1,9056,0,1,1,1,1,0,1,1,0,0
4.109272e-11,4.109272e+01,0,9057,1,0,1,1,1,1,0,1,1,0
1.092828e-12,1.092828e+00,1,9058,0,1,0,1,1,1,1,0,1,1
-4.373295e-12,-4.373295e+00,0,9061,1,1,1,0,1,0,1,1,1,1
-8.183464e-12,-8.183464e+00,1,9063,0,0,1,1,1,0,1,0,1,1
-3.620135e-11,-3.620135e+01,0,9065,1,1,0,0,1,1,1,0,1,0
-9.443317e-13,-9.443317e-01,1,9066,0,1,1,0,0,1,1,1,0,1
-4.094423e-11,-4.094423e+01,0,9067,1,0,1,1,0,0,1,1,1,0
2.027621e-11,2.027621e+01,1,9069,0,0,1,0,1,1,0,0,1,1
-4.808773e-12,-4.808773e+00,0,9070,1,0,0,1,0,1,1,0,0,1
-1.508122e-11,-1.508122e+01,1,9071,0,1,0,0,1,0,1,1,0,0
8.838716e-13,8.838716e-01,0,9074,1,1,1,0,1,0,0,1,0,1
-8.344445e-14,-8.344445e-02,1,9077,0,0,0,1,1,1,0,1,0,0
-4.008334e-11,-4.008334e+01,0,9078,1,0,0,0,1,1,1,0,1,0
1.884100e-11,1.884100e+01,1,9081,0,0,0,1,0,0,0,1,1,1
1.860231e-11,1.860231e+01,0,9082,1,0,0,0,1,0,0,0,1,1
-3.403686e-12,-3.403686e+00,1,9086,0,0,0,0,1,0,0,0,1,0
1.057233e-11,1.057233e+01,0,9088,1,1,0,0,0,0,1,0,0,0
1.553535e-12,1.553535e+00,1,9090,0,0,1,1,0,0,0,0,1,0
-3.594157e-11,-3.594157e+01,0,9092,1,1,0,0,1,1,0,0,0,0
-5.363009e-12,-5.363009e+00,1,9094,0,0,1,1,0,0,1,1,0,0
5.284508e-13,5.284508e-01,0,9096,1,1,0,0,1,1,0,0,1,1
-3.462105e-13,-3.462105e-01,1,9097,0,1,1,0,0,1,1,0,0,1
-7.810867e-12,-7.810867e+00,0,9098,1,0,1,1,0,0,1,1,0,0
-9.553849e-14,-9.553849e-02,1,9099,0,1,0,1,1,0,0,1,1,0
8.177972e-12,8.177972e+00,0,9100,1,0,1,0,1,1,0,0,1,1
-4.993885e-12,-4.993885e+00,1,9101,0,1,0,1,0,1,1,0,0,1
4.436206e-12,4.436206e+00,0,9102,1,0,1,0,1,0,1,1,0,0
1.641347e-12,1.641347e+00,1,9103,0,1,0,1,0,1,0,1,1,0
1.066364e-12,1.066364e+00,0,9104,1,0,1,0,1,0,1,0,1,1
2.877974e-12,2.877974e+00,1,9105,0,1,0,1,0,1,0,1,0,1
1.258729e-11,1.258729e+01,0,9106,1,0,1,0,1,0,1,0,1,0
1.880863e-11,1.880863e+01,1,9107,0,1,0,1,0,1,0,1,0,1
3.044184e-12,3.044184e+00,0,9108,1,0,1,0,1,0,1,0,1,0
-3.118569e-13,-3.118569e-01,1,9110,0,0,1,0,1,0,1,0,1,0
1.137410e-12,1.137410e+00,0,9111,1,0,0,1,0,1,0,1,0,1
-2.883950e-11,-2.883950e+01,1,9113,0,0,1,0,0,1,0,1,0,1
2.346599e-11,2.346599e+01,0,9114,1,0,0,1,0,0,1,0,1,0
-2.125895e-12,-2.125895e+00,1,9116,0,0,1,0,0,1,0,0,1,0
2.609909e-12,2.609909e+00,0,9117,1,0,0,1,0,0,1,0,0,1
3.238069e-12,3.238069e+00,1,9119,0,0,1,0,0,1,0,0,1,0
-2.173222e-12,-2.173222e+00,0,9120,1,0,0,1,0,0,1,0,0,1
-2.633029e-12,-2.633029e+00,1,9121,0,1,0,0,1,0,0,1,0,0
-2.823850e-12,-2.823850e+00,0,9122,1,0,1,0,0,1,0,0,1,0
1.988359e-12,1.988359e+00,1,9125,0,0,0,1,0,1,0,0,1,0
-2.859782e-11,-2.859782e+01,0,9126,1,0,0,0,1,0,1,0,0,1
5.817127e-12,5.817127e+00,1,9127,0,1,0,0,0,1,0,1,0,0
-3.659058e-12,-3.659058e+00,0,9128,1,0,1,0,0,0,1,0,1,0
2.794450e-12,2.794450e+00,1,9131,0,0,0,1,0,1,0,0,0,1
5.948544e-12,5.948544e+00,0,9132,1,0,0,0,1,0,1,0,0,0
-1.498666e-12,-1.498666e+00,1,9134,0,0,1,0,0,0,1,0,1,0
7.560641e-12,7.560641e+00,0,9136,1,1,0,0,1,0,0,0,1,0
-4.270479e-12,-4.270479e+00,1,9138,0,0,1,1,0,0,1,0,0,0
8.805230e-12,8.805230e+00,0,9139,1,0,0,1,1,0,0,1,0,0
6.862090e-12,6.862090e+00,1,9143,0,0,0,0,1,0,0,1,1,0
7.237876e-12,7.237876e+00,0,9144,1,0,0,0,0,1,0,0,1,1
-1.453467e-12,-1.453467e+00,1,9145,0,1,0,0,0,0,1,0,0,1
-1.088829e-12,-1.088829e+00,0,9146,1,0,1,0,0,0,0,1,0,0
2.659699e-13,2.659699e-01,1,9147,0,1,0,1,0,0,0,0,1,0
1.040245e-12,1.040245e+00,0,9148,1,0,1,0,1,0,0,0,0,1
6.311433e-12,6.311433e+00,1,9149,0,1,0,1,0,1,0,0,0,0
1.418405e-12,1.418405e+00,0,9150,1,0,1,0,1,0,1,0,0,0
-3.914207e-13,-3.914207e-01,1,9155,0,0,0,0,0,1,0,1,0,1
7.485445e-12,7.485445e+00,0,9156,1,0,0,0,0,0,1,0,1,0
2.522172e-13,2.522172e-01,1,9158,0,0,1,0,0,0,0,0,1,0
-1.629252e-12,-1.629252e+00,0,9159,1,0,0,1,0,0,0,0,0,1
3.196991e-12,3.196991e+00,1,9161,0,0,1,0,0,1,0,0,0,0
4.572073e-12,4.572073e+00,0,9162,1,0,0,1,0,0,1,0,0,0
8.619085e-12,8.619085e+00,1,9163,0,1,0,0,1,0,0,1,0,0
2.738775e-12,2.738775e+00,0,9165,1,1,0,1,0,0,1,0,0,1
1.101082e-12,1.101082e+00,1,9166,0,1,1,0,1,0,0,1,0,0
-3.660517e-12,-3.660517e+00,0,9167,1,0,1,1,0,1,0,0,1,0
-1.657541e-12,-1.657541e+00,1,9170,0,0,0,1,0,1,1,0,1,0
6.432353e-13,6.432353e-01,0,9171,1,0,0,0,1,0,1,1,0,1
2.756856e-14,2.756856e-02,1,9172,0,1,0,0,0,1,0,1,1,0
-3.997233e-11,-3.997233e+01,0,9173,1,0,1,0,0,0,1,0,1,1
3.045262e-11,3.045262e+01,1,9175,0,0,1,0,1,0,0,0,1,0
7.284279e-12,7.284279e+00,0,9180,1,1,1,1,1,0,0,1,0,1
5.912887e-12,5.912887e+00,1,9181,0,1,1,1,1,1,0,0,1,0
2.809498e-12,2.809498e+00,0,9182,1,0,1,1,1,1,1,0,0,1
-5.131188e-12,-5.131188e+00,1,9184,0,0,1,0,1,1,1,1,1,0
2.035023e-13,2.035023e-01,0,9185,1,0,0,1,0,1,1,1,1,1
-3.358889e-13,-3.358889e-01,1,9186,0,1,0,0,1,0,1,1,1,1
-3.293613e-11,-3.293613e+01,0,9187,1,0,1,0,0,1,0,1,1,1
-6.153779e-13,-6.153779e-01,1,9188,0,1,0,1,0,0,1,0,1,1
4.725790e-13,4.725790e-01,0,9190,1,1,0,1,0,1,0,0,1,0
3.086163e-12,3.086163e+00,1,9191,0,1,1,0,1,0,1,0,0,1
6.185193e-12,6.185193e+00,0,9192,1,0,1,1,0,1,0,1,0,0
4.823588e-12,4.823588e+00,1,9194,0,0,1,0,1,1,0,1,0,1
9.659550e-12,9.659550e+00,0,9201,1,1,1,1,1,1,1,0,0,1
-1.474282e-12,-1.474282e+00,1,9203,0,0,1,1,1,1,1,1,1,0
2.458066e-11,2.458066e+01,0,9204,1,0,0,1,1,1,1,1,1,1
-4.173900e-12,-4.173900e+00,1,9205,0,1,0,0,1,1,1,1,1,1
-1.495946e-11,-1.495946e+01,0,9206,1,0,1,0,0,1,1,1,1,1
-5.120662e-12,-5.120662e+00,1,9207,0,1,0,1,0,0,1,1,1,1
3.280962e-12,3.280962e+00,0,9209,1,1,0,1,0,1,0,0,1,1
-1.048579e-11,-1.048579e+01,1,9210,0,1,1,0,1,0,1,0,0,1
-3.351268e-11,-3.351268e+01,0,9212,1,1,0,1,1,0,1,0,1,0
4.626035e-13,4.626035e-01,1,9215,0,0,0,1,1,0,1,1,0,1
4.388898e-12,4.388898e+00,0,9216,1,0,0,0,1,1,0,1,1,0
-6.599312e-13,-6.599312e-01,1,9218,0,0,1,0,0,0,1,1,0,1
7.237696e-13,7.237696e-01,0,9219,1,0,0,1,0,0,0,1,1,0
2.464751e-12,2.464751e+00,1,9220,0,1,0,0,1,0,0,0,1,1
6.079951e-12,6.079951e+00,0,9221,1,0,1,0,0,1,0,0,0,1
-3.583300e-12,-3.583300e+00,1,9224,0,0,0,1,0,1,0,0,1,0
1.770755e-11,1.770755e+01,0,9226,1,1,0,0,0,1,0,1,0,0
1.788907e-12,1.788907e+00,1,9228,0,0,1,1,0,0,0,1,0,1
2.230003e-11,2.230003e+01,0,9234,1,1,1,1,1,1,0,0,1,1
-8.458649e-12,-8.458649e+00,1,9235,0,1,1,1,1,1,1,0,0,1
-8.158955e-13,-8.158955e-01,0,9236,1,0,1,1,1,1,1,1,0,0
-2.348560e-12,-2.348560e+00,1,9237,0,1,0,1,1,1,1,1,1,0
3.304127e-12,3.304127e+00,0,9238,1,0,1,0,1,1,1,1,1,1
2.136336e-12,2.136336e+00,1,9239,0,1,0,1,0,1,1,1,1,1
6.923946e-12,6.923946e+00,0,9240,1,0,1,0,1,0,1,1,1,1
-3.941547e-13,-3.941547e-01,1,9241,0,1,0,1,0,1,0,1,1,1
-8.054836e-15,-8.054836e-03,0,9243,1,1,0,1,0,1,0,1,0,1
2.650060e-12,2.650060e+00,1,9244,0,1,1,0,1,0,1,0,1,0
-2.816334e-12,-2.816334e+00,0,9254,1,1,1,1,1,1,1,1,1,1
1.345155e-12,1.345155e+00,1,9256,0,0,1,1,1,1,1,1,1,1
1.946341e-12,1.946341e+00,0,9258,1,1,0,0,1,1,1,1,1,1
1.399483e-13,1.399483e-01,1,9259,0,1,1,0,0,1,1,1,1,1
-1.458916e-13,-1.458916e-01,0,9261,1,1,0,1,1,0,0,1,1,1
2.197439e-12,2.197439e+00,1,9262,0,1,1,0,1,1,0,0,1,1
-3.844277e-12,-3.844277e+00,0,9264,1,1,0,1,1,0,1,1,0,0
7.166799e-12,7.166799e+00,1,9265,0,1,1,0,1,1,0,1,1,0
5.440370e-12,5.440370e+00,0,9266,1,0,1,1,0,1,1,0,1,1
5.050044e-12,5.050044e+00,1,9267,0,1,0,1,1,0,1,1,0,1
-1.279630e-12,-1.279630e+00,0,9268,1,0,1,0,1,1,0,1,1,0
-1.428166e-12,-1.428166e+00,1,9269,0,1,0,1,0,1,1,0,1,1
6.605300e-12,6.605300e+00,0,9270,1,0,1,0,1,0,1,1,0,1
5.314116e-12,5.314116e+00,1,9273,0,0,0,1,0,1,0,1,0,1
5.331526e-12,5.331526e+00,0,9274,1,0,0,0,1,0,1,0,1,0
4.351590e-12,4.351590e+00,1,9275,0,1,0,0,0,1,0,1,0,1
3.430194e-12,3.430194e+00,0,9276,1,0,1,0,0,0,1,0,1,0
1.209129e-12,1.209129e+00,1,9278,0,0,1,0,1,0,0,0,1,0
-3.504928e-12,-3.504928e+00,0,9279,1,0,0,1,0,1,0,0,0,1
8.606884e-13,8.606884e-01,1,9281,0,0,1,0,0,1,0,1,0,0
2.966217e-13,2.966217e-01,0,9282,1,0,0,1,0,0,1,0,1,0
-4.544839e-12,-4.544839e+00,1,9283,0,1,0,0,1,0,0,1,0,1
3.182116e-11,3.182116e+01,0,9289,1,1,1,1,1,1,0,1,0,0
-6.176846e-12,-6.176846e+00,1,9291,0,0,1,1,1,1,1,1,0,1
-3.315965e-12,-3.315965e+00,0,9296,1,1,1,1,1,0,0,1,1,1
2.368754e-12,2.368754e+00,1,9297,0,1,1,1,1,1,0,0,1,1
-1.322601e-13,-1.322601e-01,0,9299,1,1,0,1,1,1,1,1,0,0
-1.599225e-11,-1.599225e+01,1,9300,0,1,1,0,1,1,1,1,1,0
9.443161e-12,9.443161e+00,0,9301,1,0,1,1,0,1,1,1,1,1
-8.912626e-12,-8.912626e+00,1,9302,0,1,0,1,1,0,1,1,1,1
9.945346e-12,9.945346e+00,0,9303,1,0,1,0,1,1,0,1,1,1
-6.092712e-12,-6.092712e+00,1,9304,0,1,0,1,0,1,1,0,1,1
3.217729e-12,3.217729e+00,0,9306,1,1,0,1,0,1,0,1,1,0
5.239461e-12,5.239461e+00,1,9307,0,1,1,0,1,0,1,0,1,1
1.087821e-11,1.087821e+01,0,9308,1,0,1,1,0,1,0,1,0,1
-1.993364e-11,-1.993364e+01,1,9311,0,0,0,1,0,1,1,0,1,0
1.541631e-11,1.541631e+01,0,9312,1,0,0,0,1,0,1,1,0,1
1.612369e-11,1.612369e+01,1,9314,0,0,1,0,0,0,1,0,1,1
8.435045e-13,8.435045e-01,0,9315,1,0,0,1,0,0,0,1,0,1
-3.269467e-12,-3.269467e+00,1,9318,0,0,0,1,0,0,1,0,0,0
-9.359773e-12,-9.359773e+00,0,9319,1,0,0,0,1,0,0,1,0,0
5.641776e-12,5.641776e+00,1,9323,0,0,0,0,1,0,0,0,1,0
-5.345850e-12,-5.345850e+00,0,9324,1,0,0,0,0,1,0,0,0,1
3.266860e-13,3.266860e-01,1,9325,0,1,0,0,0,0,1,0,0,0
5.593376e-12,5.593376e+00,0,9326,1,0,1,0,0,0,0,1,0,0
6.938956e-12,6.938956e+00,1,9330,0,0,0,0,1,0,1,0,0,0
-6.536623e-12,-6.536623e+00,0,9331,1,0,0,0,0,1,0,1,0,0
-2.497030e-12,-2.497030e+00,1,9332,0,1,0,0,0,0,1,0,1,0
-7.681992e-12,-7.681992e+00,0,9334,1,1,0,1,0,0,0,0,1,0
1.177642e-12,1.177642e+00,1,9336,0,0,1,1,0,1,0,0,0,0
-5.615731e-13,-5.615731e-01,0,9337,1,0,0,1,1,0,1,0,0,0
-2.442873e-14,-2.442873e-02,1,9342,0,0,0,0,0,1,0,0,1,1
-9.438221e-12,-9.438221e+00,0,9343,1,0,0,0,0,0,1,0,0,1
-2.413874e-12,-2.413874e+00,1,9346,0,0,0,1,0,0,0,0,0,1
-5.488555e-12,-5.488555e+00,0,9350,1,1,1,1,0,0,0,1,0,0
3.467241e-12,3.467241e+00,1,9351,0,1,1,1,1,0,0,0,1,0
3.071410e-12,3.071410e+00,0,9353,1,1,0,1,1,1,1,0,0,0
-4.623093e-12,-4.623093e+00,1,9355,0,0,1,1,0,1,1,1,1,0
-3.358197e-12,-3.358197e+00,0,9357,1,1,0,0,1,1,0,1,1,1
-1.059359e-12,-1.059359e+00,1,9362,0,0,0,0,0,1,1,0,0,1
4.931813e-13,4.931813e-01,0,9363,1,0,0,0,0,0,1,1,0,0
-3.970162e-12,-3.970162e+00,1,9364,0,1,0,0,0,0,0,1,1,0
-4.138245e-13,-4.138245e-01,0,9365,1,0,1,0,0,0,0,0,1,1
4.946336e-14,4.946336e-02,1,9366,0,1,0,1,0,0,0,0,0,1
3.426020e-12,3.426020e+00,0,9367,1,0,1,0,1,0,0,0,0,0
3.038900e-12,3.038900e+00,1,9368,0,1,0,1,0,1,0,0,0,0
-4.312865e-12,-4.312865e+00,0,9369,1,0,1,0,1,0,1,0,0,0
2.054437e-12,2.054437e+00,1,9370,0,1,0,1,0,1,0,1,0,0
-1.433288e-12,-1.433288e+00,0,9372,1,1,0,1,0,1,0,1,0,1
-4.143318e-11,-4.143318e+01,1,9373,0,1,1,0,1,0,1,0,1,0
5.774255e-11,5.774255e+01,0,9374,1,0,1,1,0,1,0,1,0,1
4.096965e-13,4.096965e-01,1,9376,0,0,1,0,1,1,0,1,0,1
-2.295777e-11,-2.295777e+01,0,9377,1,0,0,1,0,1,1,0,1,0
-3.935948e-12,-3.935948e+00,1,9379,0,0,1,0,0,1,0,1,1,0
-9.824306e-12,-9.824306e+00,0,9380,1,0,0,1,0,0,1,0,1,1
-5.670476e-12,-5.670476e+00,1,9382,0,0,1,0,0,1,0,0,1,0
-6.281327e-12,-6.281327e+00,0,9387,1,1,1,1,1,0,0,1,0,0
-2.889323e-12,-2.889323e+00,1,9389,0,0,1,1,1,1,1,0,0,1
9.503009e-13,9.503009e-01,0,9393,1,1,1,1,0,0,1,1,1,1
4.841734e-12,4.841734e+00,1,9399,0,0,0,0,0,0,1,1,1,1
-4.374821e-12,-4.374821e+00,0,9402,1,1,1,0,0,0,0,0,0,1
-2.165600e-11,-2.165600e+01,1,9403,0,1,1,1,0,0,0,0,0,0
-1.143124e-12,-1.143124e+00,0,9406,1,1,1,0,1,1,1,0,0,0
-4.259745e-12,-4.259745e+00,1,9407,0,1,1,1,0,1,1,1,0,0
1.672806e-12,1.672806e+00,0,9409,1,1,0,1,1,1,0,1,1,1
-3.148987e-11,-3.148987e+01,1,9410,0,1,1,0,1,1,1,0,1,1
-8.908080e-13,-8.908080e-01,0,9411,1,0,1,1,0,1,1,1,0,1
1.638704e-12,1.638704e+00,1,9412,0,1,0,1,1,0,1,1,1,0
-2.614304e-11,-2.614304e+01,0,9416,1,1,1,1,0,1,0,1,1,0
6.371658e-12,6.371658e+00,1,9417,0,1,1,1,1,0,1,0,1,1
1.232458e-11,1.232458e+01,0,9418,1,0,1,1,1,1,0,1,0,1
-3.523181e-12,-3.523181e+00,1,9421,0,0,0,1,0,1,1,1,1,0
-5.658547e-12,-5.658547e+00,0,9422,1,0,0,0,1,0,1,1,1,1
-1.758809e-12,-1.758809e+00,1,9424,0,0,1,0,0,0,1,0,1,1
-1.398114e-12,-1.398114e+00,0,9426,1,1,0,0,1,0,0,0,1,0
-5.415110e-12,-5.415110e+00,1,9427,0,1,1,0,0,1,0,0,0,1
-4.541501e-11,-4.541501e+01,0,9428,1,0,1,1,0,0,1,0,0,0
-9.696680e-13,-9.696680e-01,1,9430,0,0,1,0,1,1,0,0,1,0
-5.679882e-12,-5.679882e+00,0,9432,1,1,0,0,1,0,1,1,0,0
-7.248114e-12,-7.248114e+00,1,9434,0,0,1,1,0,0,1,0,1,1
8.648630e-12,8.648630e+00,0,9437,1,1,1,0,0,1,1,0,0,1
9.227637e-12,9.227637e+00,1,9439,0,0,1,1,1,0,0,1,1,0
-1.961604e-11,-1.961604e+01,0,9440,1,0,0,1,1,1,0,0,1,1
-1.550712e-12,-1.550712e+00,1,9441,0,1,0,0,1,1,1,0,0,1
-4.155061e-11,-4.155061e+01,0,9442,1,0,1,0,0,1,1,1,0,0
1.516354e-11,1.516354e+01,1,9443,0,1,0,1,0,0,1,1,1,0
-6.859994e-12,-6.859994e+00,0,9444,1,0,1,0,1,0,0,1,1,1
-7.547087e-13,-7.547087e-01,1,9445,0,1,0,1,0,1,0,0,1,1
-7.919741e-12,-7.919741e+00,0,9446,1,0,1,0,1,0,1,0,0,1
-1.124017e-11,-1.124017e+01,1,9447,0,1,0,1,0,1,0,1,0,0
3.264941e-11,3.264941e+01,0,9450,1,1,1,0,1,0,1,0,1,0
-3.328162e-12,-3.328162e+00,1,9452,0,0,1,1,1,0,1,0,1,0
-4.356856e-12,-4.356856e+00,0,9453,1,0,0,1,1,1,0,1,0,1
2.540075e-12,2.540075e+00,1,9455,0,0,1,0,0,1,1,1,0,1
-5.082418e-13,-5.082418e-01,0,9456,1,0,0,1,0,0,1,1,1,0
-6.195491e-12,-6.195491e+00,1,9458,0,0,1,0,0,1,0,0,1,1
-3.522570e-12,-3.522570e+00,0,9459,1,0,0,1,0,0,1,0,0,1
1.028551e-11,1.028551e+01,1,9460,0,1,0,0,1,0,0,1,0,0
8.027245e-12,8.027245e+00,0,9463,1,1,1,0,1,0,0,1,0,0
3.778413e-13,3.778413e-01,1,9465,0,0,1,1,1,0,1,0,0,1
3.123672e-12,3.123672e+00,0,9469,1,1,1,1,0,0,1,1,1,0
-1.072315e-11,-1.072315e+01,1,9471,0,0,1,1,1,1,0,0,1,1
-6.493093e-12,-6.493093e+00,0,9472,1,0,0,1,1,1,1,0,0,1
-3.349436e-12,-3.349436e+00,1,9473,0,1,0,0,1,1,1,1,0,0
1.958851e-12,1.958851e+00,0,9476,1,1,1,0,1,0,0,1,1,1
3.216172e-12,3.216172e+00,1,9481,0,0,0,0,0,1,1,1,0,1
-2.677618e-12,-2.677618e+00,0,9486,1,1,1,1,1,0,0,0,0,0
-7.582196e-12,-7.582196e+00,1,9487,0,1,1,1,1,1,0,0,0,0
-1.710509e-12,-1.710509e+00,0,9488,1,0,1,1,1,1,1,0,0,0
-4.631033e-12,-4.631033e+00,1,9489,0,1,0,1,1,1,1,1,0,0
-6.728411e-12,-6.728411e+00,0,9491,1,1,0,1,0,1,1,1,1,1
-4.474985e-12,-4.474985e+00,1,9492,0,1,1,0,1,0,1,1,1,1
-5.672333e-12,-5.672333e+00,0,9493,1,0,1,1,0,1,0,1,1,1
9.407564e-13,9.407564e-01,1,9494,0,1,0,1,1,0,1,0,1,1
-3.474183e-12,-3.474183e+00,0,9496,1,1,0,1,0,1,1,0,1,0
2.102961e-13,2.102961e-01,1,9497,0,1,1,0,1,0,1,1,0,1
-4.359656e-12,-4.359656e+00,0,9498,1,0,1,1,0,1,0,1,1,0
-1.775491e-12,-1.775491e+00,1,9500,0,0,1,0,1,1,0,1,0,1
1.934313e-12,1.934313e+00,0,9501,1,0,0,1,0,1,1,0,1,0
-5.222592e-12,-5.222592e+00,1,9502,0,1,0,0,1,0,1,1,0,1
1.352432e-11,1.352432e+01,0,9503,1,0,1,0,0,1,0,1,1,0
-8.269269e-15,-8.269269e-03,1,9505,0,0,1,0,1,0,0,1,0,1
-2.891293e-12,-2.891293e+00,0,9506,1,0,0,1,0,1,0,0,1,0
-1.183534e-13,-1.183534e-01,1,9507,0,1,0,0,1,0,1,0,0,1
8.001934e-12,8.001934e+00,0,9508,1,0,1,0,0,1,0,1,0,0
-5.367615e-12,-5.367615e+00,1,9510,0,0,1,0,1,0,0,1,0,1
7.121559e-12,7.121559e+00,0,9516,1,1,1,1,1,1,0,0,1,0
-1.620317e-11,-1.620317e+01,1,9518,0,0,1,1,1,1,1,1,0,0
-2.341056e-12,-2.341056e+00,0,9519,1,0,0,1,1,1,1,1,1,0
1.726633e-11,1.726633e+01,1,9522,0,0,0,1,0,0,1,1,1,1
-4.299228e-13,-4.299228e-01,0,9524,1,1,0,0,0,1,0,0,1,1
6.412284e-12,6.412284e+00,1,9525,0,1,1,0,0,0,1,0,0,1
1.082562e-12,1.082562e+00,0,9527,1,1,0,1,1,0,0,0,1,0
-7.670094e-12,-7.670094e+00,1,9530,0,0,0,1,1,0,1,1,0,0
-4.023760e-12,-4.023760e+00,0,9531,1,0,0,0,1,1,0,1,1,0
-7.839937e-12,-7.839937e+00,1,9532,0,1,0,0,0,1,1,0,1,1
2.973018e-11,2.973018e+01,0,9535,1,1,1,0,1,0,0,0,1,1
1.452668e-11,1.452668e+01,1,9537,0,0,1,1,1,0,1,0,0,0
2.745860e-12,2.745860e+00,0,9540,1,1,1,0,0,1,1,1,0,1
-3.421352e-12,-3.421352e+00,1,9541,0,1,1,1,0,0,1,1,1,0
2.433994e-12,2.433994e+00,0,9542,1,0,1,1,1,0,0,1,1,1
3.375654e-11,3.375654e+01,1,9544,0,0,1,0,1,1,1,0,0,1
-2.356208e-12,-2.356208e+00,0,9546,1,1,0,0,1,0,1,1,1,0
-1.142154e-11,-1.142154e+01,1,9549,0,0,0,1,1,0,0,1,0,1
-6.045689e-12,-6.045689e+00,0,9551,1,1,0,0,0,1,1,0,0,1
-3.481374e-11,-3.481374e+01,1,9553,0,0,1,1,0,0,0,1,1,0
-2.524438e-12,-2.524438e+00,0,9554,1,0,0,1,1,0,0,0,1,1
1.978074e-13,1.978074e-01,1,9555,0,1,0,0,1,1,0,0,0,1
6.130076e-12,6.130076e+00,0,9556,1,0,1,0,0,1,1,0,0,0
-3.077253e-12,-3.077253e+00,1,9557,0,1,0,1,0,0,1,1,0,0
-5.997043e-12,-5.997043e+00,0,9558,1,0,1,0,1,0,0,1,1,0
-1.296760e-12,-1.296760e+00,1,9559,0,1,0,1,0,1,0,0,1,1
-9.996515e-12,-9.996515e+00,0,9562,1,1,1,0,1,0,1,0,1,0
1.918553e-12,1.918553e+00,1,9565,0,0,0,1,1,1,0,1,0,1
-8.240574e-12,-8.240574e+00,0,9566,1,0,0,0,1,1,1,0,1,0
-2.441828e-11,-2.441828e+01,1,9568,0,0,1,0,0,0,1,1,1,0
-2.672451e-13,-2.672451e-01,0,9569,1,0,0,1,0,0,0,1,1,1
-3.171468e-12,-3.171468e+00,1,9571,0,0,1,0,0,1,0,0,0,1
-7.167609e-12,-7.167609e+00,0,9573,1,1,0,0,1,0,0,1,0,0
-3.743863e-11,-3.743863e+01,1,9577,0,0,0,0,1,1,0,0,1,0
3.399200e-11,3.399200e+01,0,9578,1,0,0,0,0,1,1,0,0,1
-6.007901e-12,-6.007901e+00,1,9579,0,1,0,0,0,0,1,1,0,0
-1.215943e-13,-1.215943e-01,0,9580,1,0,1,0,0,0,0,1,1,0
-7.582841e-12,-7.582841e+00,1,9583,0,0,0,1,0,1,0,0,0,0
-1.126942e-11,-1.126942e+01,0,9586,1,1,1,0,0,0,1,0,1,0
-5.088515e-12,-5.088515e+00,1,9587,0,1,1,1,0,0,0,1,0,1
-8.584893e-12,-8.584893e+00,0,9593,1,1,1,1,1,1,0,1,1,1
-4.136296e-12,-4.136296e+00,1,9594,0,1,1,1,1,1,1,0,1,1
-4.413619e-11,-4.413619e+01,0,9595,1,0,1,1,1,1,1,1,0,1
6.298291e-12,6.298291e+00,1,9596,0,1,0,1,1,1,1,1,1,0
-1.002041e-11,-1.002041e+01,0,9600,1,1,1,1,0,1,0,1,1,1
-5.684745e-13,-5.684745e-01,1,9601,0,1,1,1,1,0,1,0,1,1
-4.134357e-12,-4.134357e+00,0,9603,1,1,0,1,1,1,1,0,1,0
-4.413425e-11,-4.413425e+01,1,9604,0,1,1,0,1,1,1,1,0,1
5.235567e-12,5.235567e+00,0,9605,1,0,1,1,0,1,1,1,1,0
3.703839e-11,3.703839e+01,1,9607,0,0,1,0,1,1,0,1,1,1
-2.961511e-12,-2.961511e+00,0,9608,1,0,0,1,0,1,1,0,1,1
3.362494e-12,3.362494e+00,1,9609,0,1,0,0,1,0,1,1,0,1
1.781387e-11,1.781387e+01,0,9611,1,1,0,1,0,0,1,0,1,1
-3.600682e-12,-3.600682e+00,1,9613,0,0,1,1,0,1,0,0,1,0
9.233322e-12,9.233322e+00,0,9618,1,1,1,1,1,0,0,1,1,0
1.212273e-12,1.212273e+00,1,9620,0,0,1,1,1,1,1,0,0,1
-1.006181e-11,-1.006181e+01,0,9621,1,0,0,1,1,1,1,1,0,0
-2.218756e-12,-2.218756e+00,1,9622,0,1,0,0,1,1,1,1,1,0
-7.937107e-12,-7.937107e+00,0,9623,1,0,1,0,0,1,1,1,1,1
-1.753778e-12,-1.753778e+00,1,9624,0,1,0,1,0,0,1,1,1,1
2.659098e-11,2.659098e+01,0,9625,1,0,1,0,1,0,0,1,1,1
-5.999526e-12,-5.999526e+00,1,9626,0,1,0,1,0,1,0,0,1,1
3.184658e-11,3.184658e+01,0,9628,1,1,0,1,0,1,0,1,0,0
-8.153318e-12,-8.153318e+00,1,9629,0,1,1,0,1,0,1,0,1,0
-6.148399e-12,-6.148399e+00,0,9630,1,0,1,1,0,1,0,1,0,1
-2.908621e-12,-2.908621e+00,1,9631,0,1,0,1,1,0,1,0,1,0
-3.374709e-12,-3.374709e+00,0,9632,1,0,1,0,1,1,0,1,0,1
1.626398e-11,1.626398e+01,1,9634,0,0,1,0,1,0,1,1,0,1
-6.833931e-12,-6.833931e+00,0,9635,1,0,0,1,0,1,0,1,1,0
-1.128374e-11,-1.128374e+01,1,9637,0,0,1,0,0,1,0,1,0,1
-3.673795e-12,-3.673795e+00,0,9638,1,0,0,1,0,0,1,0,1,0
4.989501e-12,4.989501e+00,1,9639,0,1,0,0,1,0,0,1,0,1
-1.357877e-12,-1.357877e+00,0,9640,1,0,1,0,0,1,0,0,1,0
-9.518663e-12,-9.518663e+00,1,9642,0,0,1,0,1,0,0,1,0,0
2.496171e-12,2.496171e+00,0,9643,1,0,0,1,0,1,0,0,1,0
1.924008e-11,1.924008e+01,1,9646,0,0,0,1,0,0,1,0,1,0
3.873900e-13,3.873900e-01,0,9647,1,0,0,0,1,0,0,1,0,1
-5.997054e-12,-5.997054e+00,1,9648,0,1,0,0,0,1,0,0,1,0
-3.021712e-11,-3.021712e+01,0,9649,1,0,1,0,0,0,1,0,0,1
1.804377e-11,1.804377e+01,1,9651,0,0,1,0,1,0,0,0,1,0
-2.020976e-11,-2.020976e+01,0,9652,1,0,0,1,0,1,0,0,0,1
6.533312e-12,6.533312e+00,1,9653,0,1,0,0,1,0,1,0,0,0
-1.036164e-11,-1.036164e+01,0,9654,1,0,1,0,0,1,0,1,0,0
-3.050374e-12,-3.050374e+00,1,9658,0,0,0,0,1,0,1,0,0,1
5.598655e-12,5.598655e+00,0,9659,1,0,0,0,0,1,0,1,0,0
-2.048382e-12,-2.048382e+00,1,9661,0,0,1,0,0,0,0,1,0,1
-4.285227e-12,-4.285227e+00,0,9667,1,1,1,1,1,1,0,0,1,0
-6.510914e-12,-6.510914e+00,1,9668,0,1,1,1,1,1,1,0,0,1
2.373585e-12,2.373585e+00,0,9672,1,1,1,1,0,1,1,1,1,1
-1.895417e-12,-1.895417e+00,1,9679,0,0,0,0,0,0,0,1,1,1
7.329487e-12,7.329487e+00,0,9680,1,0,0,0,0,0,0,0,1,1
-2.210575e-11,-2.210575e+01,1,9681,0,1,0,0,0,0,0,0,0,1
-3.274141e-12,-3.274141e+00,0,9683,1,1,0,1,0,0,0,0,0,0
1.145084e-12,1.145084e+00,1,9691,0,0,0,0,0,0,0,0,1,1
-5.715391e-12,-5.715391e+00,0,9692,1,0,0,0,0,0,0,0,0,1
-3.800940e-12,-3.800940e+00,1,9695,0,0,0,1,0,0,0,0,0,0
-4.445409e-12,-4.445409e+00,0,9697,1,1,0,0,0,1,0,0,0,0
1.046278e-12,1.046278e+00,1,9698,0,1,1,0,0,0,1,0,0,0
-3.330173e-12,-3.330173e+00,0,9700,1,1,0,1,1,0,0,0,1,0
3.963716e-12,3.963716e+00,1,9701,0,1,1,0,1,1,0,0,0,1
-2.780845e-12,-2.780845e+00,0,9705,1,1,1,1,0,1,1,0,1,1
-4.971374e-12,-4.971374e+00,1,9706,0,1,1,1,1,0,1,1,0,1
-2.468700e-11,-2.468700e+01,0,9707,1,0,1,1,1,1,0,1,1,0
-1.102910e-11,-1.102910e+01,1,9708,0,1,0,1,1,1,1,0,1,1
-3.612478e-12,-3.612478e+00,0,9709,1,0,1,0,1,1,1,1,0,1
5.205043e-12,5.205043e+00,1,9712,0,0,0,1,0,1,0,1,1,1
-1.067474e-11,-1.067474e+01,0,9713,1,0,0,0,1,0,1,0,1,1
-3.132700e-12,-3.132700e+00,1,9714,0,1,0,0,0,1,0,1,0,1
-3.153455e-12,-3.153455e+00,0,9716,1,1,0,1,0,0,0,1,0,1
1.954163e-11,1.954163e+01,1,9718,0,0,1,1,0,1,0,0,0,1
-5.201995e-12,-5.201995e+00,0,9719,1,0,0,1,1,0,1,0,0,0
-8.371045e-12,-8.371045e+00,1,9721,0,0,1,0,0,1,1,0,1,0
-3.460574e-12,-3.460574e+00,0,9723,1,1,0,0,1,0,0,1,1,0
3.744692e-11,3.744692e+01,1,9725,0,0,1,1,0,0,1,0,0,1
-2.552975e-12,-2.552975e+00,0,9726,1,0,0,1,1,0,0,1,0,0
-3.087952e-12,-3.087952e+00,1,9727,0,1,0,0,1,1,0,0,1,0
-3.053634e-12,-3.053634e+00,0,9728,1,0,1,0,0,1,1,0,0,1
-1.483894e-12,-1.483894e+00,1,9729,0,1,0,1,0,0,1,1,0,0
-3.662617e-13,-3.662617e-01,0,9730,1,0,1,0,1,0,0,1,1,0
-6.456335e-12,-6.456335e+00,1,9733,0,0,0,1,0,1,0,1,0,0
1.095550e-11,1.095550e+01,0,9736,1,1,1,0,0,0,1,0,1,0
-5.379763e-12,-5.379763e+00,1,9738,0,0,1,1,1,0,0,0,1,0
-1.578537e-12,-1.578537e+00,0,9739,1,0,0,1,1,1,0,0,0,1
-6.495406e-12,-6.495406e+00,1,9741,0,0,1,0,0,1,1,1,0,0
-4.842105e-12,-4.842105e+00,0,9742,1,0,0,1,0,0,1,1,1,0
-6.097264e-12,-6.097264e+00,1,9743,0,1,0,0,1,0,0,1,1,1
-1.062766e-11,-1.062766e+01,0,9746,1,1,1,0,1,0,0,1,0,0
1.967943e-12,1.967943e+00,1,9747,0,1,1,1,0,1,0,0,1,0
2.074571e-12,2.074571e+00,0,9748,1,0,1,1,1,0,1,0,0,1
3.501828e-11,3.501828e+01,1,9749,0,1,0,1,1,1,0,1,0,0
-4.981615e-12,-4.981615e+00,0,9750,1,0,1,0,1,1,1,0,1,0
1.307663e-11,1.307663e+01,1,9753,0,0,0,1,0,1,0,1,1,1
-1.057007e-11,-1.057007e+01,0,9754,1,0,0,0,1,0,1,0,1,1
-2.083417e-11,-2.083417e+01,1,9758,0,0,0,0,1,0,0,0,1,0
4.169100e-11,4.169100e+01,0,9759,1,0,0,0,0,1,0,0,0,1
-3.486715e-12,-3.486715e+00,1,9761,0,0,1,0,0,0,0,1,0,0
-2.722056e-12,-2.722056e+00,0,9762,1,0,0,1,0,0,0,0,1,0
-4.000549e-12,-4.000549e+00,1,9763,0,1,0,0,1,0,0,0,0,1
-5.334666e-11,-5.334666e+01,0,9767,1,1,1,1,0,1,0,0,1,0
4.646194e-11,4.646194e+01,1,9768,0,1,1,1,1,0,1,0,0,1
2.083867e-11,2.083867e+01,0,9772,1,1,1,1,0,1,1,1,1,0
-3.024782e-12,-3.024782e+00,1,9774,0,0,1,1,1,1,0,1,1,1
-4.302468e-11,-4.302468e+01,0,9775,1,0,0,1,1,1,1,0,1,1
6.405357e-12,6.405357e+00,1,9776,0,1,0,0,1,1,1,1,0,1
2.221818e-12,2.221818e+00,0,9778,1,1,0,1,0,0,1,1,1,1
-1.083797e-11,-1.083797e+01,1,9780,0,0,1,1,0,1,0,0,1,1
-2.232154e-12,-2.232154e+00,0,9782,1,1,0,0,1,1,0,1,0,0
-4.060103e-12,-4.060103e+00,1,9783,0,1,1,0,0,1,1,0,1,0
1.302779e-12,1.302779e+00,0,9784,1,0,1,1,0,0,1,1,0,1
1.183579e-12,1.183579e+00,1,9785,0,1,0,1,1,0,0,1,1,0
-1.507684e-11,-1.507684e+01,0,9786,1,0,1,0,1,1,0,0,1,1
1.085099e-12,1.085099e+00,1,9788,0,0,1,0,1,0,1,1,0,0
-6.927526e-12,-6.927526e+00,0,9791,1,1,1,0,0,1,0,1,0,1
-9.974073e-13,-9.974073e-01,1,9794,0,0,0,1,1,1,0,0,1,0
5.716241e-12,5.716241e+00,0,9795,1,0,0,0,1,1,1,0,0,1
-5.294989e-11,-5.294989e+01,1,9797,0,0,1,0,0,0,1,1,1,0
1.613429e-11,1.613429e+01,0,9798,1,0,0,1,0,0,0,1,1,1
-6.285313e-12,-6.285313e+00,1,9799,0,1,0,0,1,0,0,0,1,1
-2.825923e-12,-2.825923e+00,0,9800,1,0,1,0,0,1,0,0,0,1
-2.695629e-13,-2.695629e-01,1,9801,0,1,0,1,0,0,1,0,0,0
-2.459192e-12,-2.459192e+00,0,9804,1,1,1,0,1,0,1,0,0,1
-8.885169e-12,-8.885169e+00,1,9805,0,1,1,1,0,1,0,1,0,0
2.153800e-12,2.153800e+00,0,9806,1,0,1,1,1,0,1,0,1,0
-5.233607e-12,-5.233607e+00,1,9809,0,0,0,1,0,1,1,1,0,1
-4.728311e-12,-4.728311e+00,0,9810,1,0,0,0,1,0,1,1,1,0
8.355389e-12,8.355389e+00,1,9812,0,0,1,0,0,0,1,0,1,1
-8.519445e-12,-8.519445e+00,0,9813,1,0,0,1,0,0,0,1,0,1
-3.436499e-12,-3.436499e+00,1,9814,0,1,0,0,1,0,0,0,1,0
2.837050e-12,2.837050e+00,0,9819,1,1,1,1,1,0,1,0,0,1
6.221554e-12,6.221554e+00,1,9820,0,1,1,1,1,1,0,1,0,0
-7.658011e-12,-7.658011e+00,0,9821,1,0,1,1,1,1,1,0,1,0
-3.700367e-12,-3.700367e+00,1,9824,0,0,0,1,0,1,1,1,1,1
-4.188531e-12,-4.188531e+00,0,9825,1,0,0,0,1,0,1,1,1,1
-5.320382e-12,-5.320382e+00,1,9831,0,0,0,0,0,0,1,0,0,0
-1.633258e-12,-1.633258e+00,0,9832,1,0,0,0,0,0,0,1,0,0
-7.153349e-13,-7.153349e-01,1,9836,0,0,0,0,1,0,0,0,0,0
-8.496471e-12,-8.496471e+00,0,9837,1,0,0,0,0,1,0,0,0,0
2.959114e-12,2.959114e+00,1,9838,0,1,0,0,0,0,1,0,0,0
2.426120e-12,2.426120e+00,0,9840,1,1,0,1,0,0,0,0,1,0
2.492183e-12,2.492183e+00,1,9841,0,1,1,0,1,0,0,0,0,1
1.079701e-12,1.079701e+00,0,9845,1,1,1,1,0,1,1,0,1,0
-7.986713e-12,-7.986713e+00,1,9846,0,1,1,1,1,0,1,1,0,1
3.006978e-11,3.006978e+01,0,9851,1,1,1,1,1,0,1,1,1,1
3.456840e-11,3.456840e+01,1,9853,0,0,1,1,1,1,1,0,1,1
1.624913e-12,1.624913e+00,0,9855,1,1,0,0,1,1,1,1,1,0
4.871418e-12,4.871418e+00,1,9856,0,1,1,0,0,1,1,1,1,1
1.627971e-11,1.627971e+01,0,9857,1,0,1,1,0,0,1,1,1,1
-1.774149e-12,-1.774149e+00,1,9863,0,0,0,0,0,0,1,0,1,1
-1.951420e-12,-1.951420e+00,0,9866,1,1,1,0,0,0,0,0,0,1
-1.782147e-12,-1.782147e+00,1,9868,0,0,1,1,1,0,0,0,0,0
-6.066475e-12,-6.066475e+00,0,9869,1,0,0,1,1,1,0,0,0,0
-9.512455e-13,-9.512455e-01,1,9870,0,1,0,0,1,1,1,0,0,0
-6.905460e-12,-6.905460e+00,0,9872,1,1,0,1,0,0,1,1,1,0
-6.655359e-12,-6.655359e+00,1,9873,0,1,1,0,1,0,0,1,1,1
-1.562934e-11,-1.562934e+01,0,9876,1,1,1,0,1,1,0,1,0,0
3.309782e-11,3.309782e+01,1,9877,0,1,1,1,0,1,1,0,1,0
-6.902081e-12,-6.902081e+00,0,9878,1,0,1,1,1,0,1,1,0,1
-4.690198e-11,-4.690198e+01,1,9879,0,1,0,1,1,1,0,1,1,0
4.044491e-11,4.044491e+01,0,9880,1,0,1,0,1,1,1,0,1,1
-3.955499e-11,-3.955499e+01,1,9882,0,0,1,0,1,0,1,1,1,0
-8.840421e-12,-8.840421e+00,0,9886,1,1,1,1,0,0,1,0,1,0
-3.823575e-12,-3.823575e+00,1,9887,0,1,1,1,1,0,0,1,0,1
-3.565029e-12,-3.565029e+00,0,9888,1,0,1,1,1,1,0,0,1,0
2.106269e-11,2.106269e+01,1,9890,0,0,1,0,1,1,1,1,0,0
-2.421763e-12,-2.421763e+00,0,9891,1,0,0,1,0,1,1,1,1,0
2.303342e-12,2.303342e+00,1,9894,0,0,0,1,0,0,1,0,1,1
-3.565841e-12,-3.565841e+00,0,9896,1,1,0,0,0,1,0,0,1,0
2.662530e-12,2.662530e+00,1,9897,0,1,1,0,0,0,1,0,0,1
-1.075411e-11,-1.075411e+01,0,9898,1,0,1,1,0,0,0,1,0,0
-5.052052e-11,-5.052052e+01,1,9900,0,0,1,0,1,1,0,0,0,1
-9.137023e-12,-9.137023e+00,0,9904,1,1,1,1,0,0,1,0,1,1
-6.031131e-12,-6.031131e+00,1,9905,0,1,1,1,1,0,0,1,0,1
-3.233616e-12,-3.233616e+00,0,9906,1,0,1,1,1,1,0,0,1,0
-3.581100e-12,-3.581100e+00,1,9907,0,1,0,1,1,1,1,0,0,1
5.865759e-13,5.865759e-01,0,9908,1,0,1,0,1,1,1,1,0,0
-7.143504e-12,-7.143504e+00,1,9910,0,0,1,0,1,0,1,1,1,1
2.023466e-12,2.023466e+00,0,9913,1,1,1,0,0,1,0,1,0,1
6.234296e-12,6.234296e+00,1,9914,0,1,1,1,0,0,1,0,1,0
1.464224e-11,1.464224e+01,0,9921,1,1,1,1,1,1,1,0,1,1
3.549226e-11,3.549226e+01,1,9925,0,0,0,0,1,1,1,1,1,1
-4.507641e-12,-4.507641e+00,0,9926,1,0,0,0,0,1,1,1,1,1
-2.071460e-12,-2.071460e+00,1,9927,0,1,0,0,0,0,1,1,1,1
-5.765349e-13,-5.765349e-01,0,9929,1,1,0,1,0,0,0,0,1,1
-2.493434e-12,-2.493434e+00,1,9930,0,1,1,0,1,0,0,0,0,1
-4.425603e-12,-4.425603e+00,0,9932,1,1,0,1,1,0,1,0,0,0
-3.931326e-12,-3.931326e+00,1,9937,0,0,0,0,0,1,1,0,1,1
-6.100243e-12,-6.100243e+00,0,9938,1,0,0,0,0,0,1,1,0,1
-4.636222e-12,-4.636222e+00,1,9941,0,0,0,1,0,0,0,0,0,1
-2.278533e-12,-2.278533e+00,0,9942,1,0,0,0,1,0,0,0,0,0
-9.870376e-13,-9.870376e-01,1,9943,0,1,0,0,0,1,0,0,0,0
-3.606811e-12,-3.606811e+00,0,9944,1,0,1,0,0,0,1,0,0,0
-5.128825e-12,-5.128825e+00,1,9945,0,1,0,1,0,0,0,1,0,0
-2.003191e-12,-2.003191e+00,0,9947,1,1,0,1,0,1,0,0,0,1
-3.209103e-12,-3.209103e+00,1,9948,0,1,1,0,1,0,1,0,0,0
-4.459789e-12,-4.459789e+00,0,9949,1,0,1,1,0,1,0,1,0,0
-8.441867e-12,-8.441867e+00,1,9953,0,0,0,0,1,0,1,1,0,1
-1.721972e-12,-1.721972e+00,0,9954,1,0,0,0,0,1,0,1,1,0
-7.052704e-12,-7.052704e+00,1,9956,0,0,1,0,0,0,0,1,0,1
-4.916466e-12,-4.916466e+00,0,9957,1,0,0,1,0,0,0,0,1,0
8.301502e-12,8.301502e+00,1,9958,0,1,0,0,1,0,0,0,0,1
-9.436029e-12,-9.436029e+00,0,9959,1,0,1,0,0,1,0,0,0,0
-4.969664e-12,-4.969664e+00,1,9961,0,0,1,0,1,0,0,1,0,0
-7.845006e-12,-7.845006e+00,0,9963,1,1,0,0,1,0,1,0,0,1
-1.499922e-12,-1.499922e+00,1,9964,0,1,1,0,0,1,0,1,0,0
-3.290760e-12,-3.290760e+00,0,9965,1,0,1,1,0,0,1,0,1,0
-7.500795e-12,-7.500795e+00,1,9968,0,0,0,1,0,1,1,0,0,1
-2.611846e-12,-2.611846e+00,0,9969,1,0,0,0,1,0,1,1,0,0
-5.210725e-12,-5.210725e+00,1,9971,0,0,1,0,0,0,1,0,1,1
-3.169797e-12,-3.169797e+00,0,9974,1,1,1,0,0,1,0,0,0,1
-7.078060e-12,-7.078060e+00,1,9976,0,0,1,1,1,0,0,1,0,0
7.485887e-12,7.485887e+00,0,9977,1,0,0,1,1,1,0,0,1,0
4.739783e-12,4.739783e+00,1,9978,0,1,0,0,1,1,1,0,0,1
2.749886e-13,2.749886e-01,0,9982,1,1,1,1,0,1,0,0,1,1
-4.841274e-12,-4.841274e+00,1,9986,0,0,0,0,1,1,1,1,0,1
-7.827622e-12,-7.827622e+00,0,9991,1,1,1,1,1,0,0,0,0,1
-1.623375e-11,-1.623375e+01,1,9992,0,1,1,1,1,1,0,0,0,0
-6.863874e-12,-6.863874e+00,0,9995,1,1,1,0,1,1,1,1,1,0
3.552942e-13,3.552942e-01,1,9996,0,1,1,1,0,1,1,1,1,1
3.058600e-12,3.058600e+00,0,9999,1,1,1,0,1,1,1,0,1,1
3.351195e-11,3.351195e+01,1,10000,0,1,1,1,0,1,1,1,0,1
-5.442894e-12,-5.442894e+00,0,10002,1,1,0,1,1,1,0,1,1,1
-1.771066e-12,-1.771066e+00,1,10004,0,0,1,1,0,1,1,1,0,1
-4.896029e-12,-4.896029e+00,0,10006,1,1,0,0,1,1,0,1,1,1
-2.281393e-11,-2.281393e+01,1,10008,0,0,1,1,0,0,1,1,0,1
2.309089e-12,2.309089e+00,0,10010,1,1,0,0,1,1,0,0,1,1
1.954358e-12,1.954358e+00,1,10012,0,0,1,1,0,0,1,1,0,0
1.415808e-12,1.415808e+00,0,10015,1,1,1,0,0,1,1,0,0,1
-3.180794e-12,-3.180794e+00,1,10018,0,0,0,1,1,1,0,0,1,1
-4.863503e-12,-4.863503e+00,0,10021,1,1,1,0,0,0,1,1,1,0
-4.682251e-12,-4.682251e+00,1,10024,0,0,0,1,1,1,0,0,0,1
6.930486e-12,6.930486e+00,0,10026,1,1,0,0,0,1,1,1,0,0
-2.107372e-11,-2.107372e+01,1,10030,0,0,0,0,1,1,0,0,0,1
1.933538e-11,1.933538e+01,0,10032,1,1,0,0,0,0,1,1,0,0
-6.508046e-13,-6.508046e-01,1,10036,0,0,0,0,1,1,0,0,0,0
4.724295e-11,4.724295e+01,0,10039,1,1,1,0,0,0,0,1,1,0
7.243050e-12,7.243050e+00,1,10040,0,1,1,1,0,0,0,0,1,1
2.766112e-11,2.766112e+01,0,10043,1,1,1,0,1,1,1,0,0,0
-4.362677e-12,-4.362677e+00,1,10048,0,0,0,0,0,1,1,1,0,1
1.536811e-13,1.536811e-01,0,10050,1,1,0,0,0,0,0,1,1,1
3.292841e-11,3.292841e+01,1,10052,0,0,1,1,0,0,0,0,0,1
-2.264439e-11,-2.264439e+01,0,10054,1,1,0,0,1,1,0,0,0,0
-7.707070e-12,-7.707070e+00,1,10060,0,0,0,0,0,0,1,1,0,0
-7.836437e-12,-7.836437e+00,0,10063,1,1,1,0,0,0,0,0,0,1
-4.231078e-11,-4.231078e+01,1,10066,0,0,0,1,1,1,0,0,0,0
-3.507211e-11,-3.507211e+01,0,10068,1,1,0,0,0,1,1,1,0,0
3.858907e-11,3.858907e+01,1,10069,0,1,1,0,0,0,1,1,1,0
8.628147e-13,8.628147e-01,0,10071,1,1,0,1,1,0,0,0,1,1
-5.184218e-12,-5.184218e+00,1,10075,0,0,0,0,1,1,0,1,1,0
5.222050e-13,5.222050e-01,0,10077,1,1,0,0,0,0,1,1,0,1
2.827505e-11,2.827505e+01,1,10080,0,0,0,1,1,0,0,0,0,1
-1.090274e-11,-1.090274e+01,0,10081,1,0,0,0,1,1,0,0,0,0
-4.687339e-12,-4.687339e+00,1,10082,0,1,0,0,0,1,1,0,0,0
2.193972e-11,2.193972e+01,0,10083,1,0,1,0,0,0,1,1,0,0
1.448667e-12,1.448667e+00,1,10084,0,1,0,1,0,0,0,1,1,0
4.290784e-11,4.290784e+01,0,10086,1,1,0,1,0,1,0,0,0,1
3.724344e-11,3.724344e+01,1,10089,0,0,0,1,1,0,1,0,1,0
-1.459983e-12,-1.459983e+00,0,10091,1,1,0,0,0,1,1,0,1,0
4.129940e-11,4.129940e+01,1,10093,0,0,1,1,0,0,0,1,1,0
1.299501e-12,1.299501e+00,0,10094,1,0,0,1,1,0,0,0,1,1
-3.541845e-12,-3.541845e+00,1,10096,0,0,1,0,0,1,1,0,0,0
1.637514e-12,1.637514e+00,0,10099,1,1,1,0,0,1,0,0,1,1
-3.947067e-12,-3.947067e+00,1,10100,0,1,1,1,0,0,1,0,0,1
-8.570016e-12,-8.570016e+00,0,10101,1,0,1,1,1,0,0,1,0,0
4.861379e-12,4.861379e+00,1,10102,0,1,0,1,1,1,0,0,1,0
-5.094353e-12,-5.094353e+00,0,10103,1,0,1,0,1,1,1,0,0,1
-7.896649e-12,-7.896649e+00,1,10104,0,1,0,1,0,1,1,1,0,0
-2.811242e-14,-2.811242e-02,0,10105,1,0,1,0,1,0,1,1,1,0
1.472500e-11,1.472500e+01,1,10108,0,0,0,1,0,1,0,1,0,1
1.541214e-12,1.541214e+00,0,10110,1,1,0,0,0,1,0,1,0,1
-5.999836e-12,-5.999836e+00,1,10112,0,0,1,1,0,0,0,1,0,1
-3.670168e-12,-3.670168e+00,0,10113,1,0,0,1,1,0,0,0,1,0
-4.702225e-12,-4.702225e+00,1,10115,0,0,1,0,0,1,1,0,0,0
8.610855e-12,8.610855e+00,0,10116,1,0,0,1,0,0,1,1,0,0
-6.687958e-12,-6.687958e+00,1,10120,0,0,0,0,1,0,0,1,0,0
-4.354961e-12,-4.354961e+00,0,10123,1,1,1,0,0,0,0,1,0,0
-3.821184e-12,-3.821184e+00,1,10125,0,0,1,1,1,0,0,0,0,1
-9.855967e-12,-9.855967e+00,0,10129,1,1,1,1,0,0,1,1,1,0
8.675054e-13,8.675054e-01,1,10130,0,1,1,1,1,0,0,1,1,1
-4.908157e-13,-4.908157e-01,0,10133,1,1,1,0,1,1,1,1,0,0
-2.998321e-12,-2.998321e+00,1,10134,0,1,1,1,0,1,1,1,1,0
2.749827e-11,2.749827e+01,0,10135,1,0,1,1,1,0,1,1,1,1
-1.342487e-12,-1.342487e+00,1,10136,0,1,0,1,1,1,0,1,1,1
-3.665375e-12,-3.665375e+00,0,10137,1,0,1,0,1,1,1,0,1,1
-1.108868e-12,-1.108868e+00,1,10138,0,1,0,1,0,1,1,1,0,1
-5.209457e-12,-5.209457e+00,0,10140,1,1,0,1,0,1,0,1,1,1
-4.283513e-12,-4.283513e+00,1,10142,0,0,1,1,0,1,0,1,0,1
-3.701492e-12,-3.701492e+00,0,10144,1,1,0,0,1,1,0,1,0,1
-5.432277e-12,-5.432277e+00,1,10146,0,0,1,1,0,0,1,1,0,1
-9.736332e-13,-9.736332e-01,0,10147,1,0,0,1,1,0,0,1,1,0
-5.262034e-12,-5.262034e+00,1,10149,0,0,1,0,0,1,1,0,0,1
1.909971e-12,1.909971e+00,0,10150,1,0,0,1,0,0,1,1,0,0
7.317249e-12,7.317249e+00,1,10151,0,1,0,0,1,0,0,1,1,0
-3.268265e-11,-3.268265e+01,0,10152,1,0,1,0,0,1,0,0,1,1
3.101437e-12,3.101437e+00,1,10153,0,1,0,1,0,0,1,0,0,1
-2.161132e-11,-2.161132e+01,0,10154,1,0,1,0,1,0,0,1,0,0
3.399749e-11,3.399749e+01,1,10155,0,1,0,1,0,1,0,0,1,0
-6.002409e-12,-6.002409e+00,0,10156,1,0,1,0,1,0,1,0,0,1
-5.723290e-12,-5.723290e+00,1,10157,0,1,0,1,0,1,0,1,0,0
-6.811543e-12,-6.811543e+00,0,10158,1,0,1,0,1,0,1,0,1,0
-3.269770e-11,-3.269770e+01,1,10161,0,0,0,1,0,1,0,1,0,1
-1.170026e-12,-1.170026e+00,0,10162,1,0,0,0,1,0,1,0,1,0
7.957295e-13,7.957295e-01,1,10164,0,0,1,0,0,0,1,0,1,0
-6.737254e-13,-6.737254e-01,0,10165,1,0,0,1,0,0,0,1,0,1
-1.320320e-11,-1.320320e+01,1,10167,0,0,1,0,0,1,0,0,0,1
-5.013790e-12,-5.013790e+00,0,10168,1,0,0,1,0,0,1,0,0,0
-1.337822e-12,-1.337822e+00,1,10170,0,0,1,0,0,1,0,0,1,0
1.848171e-12,1.848171e+00,0,10172,1,1,0,0,1,0,0,1,0,0
-1.982123e-11,-1.982123e+01,1,10174,0,0,1,1,0,0,1,0,0,1
-3.986238e-12,-3.986238e+00,0,10178,1,1,1,1,0,0,1,1,0,0
-5.351024e-12,-5.351024e+00,1,10180,0,0,1,1,1,1,0,0,1,1
-4.737541e-12,-4.737541e+00,0,10183,1,1,1,0,0,1,1,1,1,0
-2.382050e-11,-2.382050e+01,1,10186,0,0,0,1,1,1,0,0,1,1
-3.877673e-11,-3.877673e+01,0,10188,1,1,0,0,0,1,1,1,0,0
3.657461e-11,3.657461e+01,1,10189,0,1,1,0,0,0,1,1,1,0
-3.425282e-12,-3.425282e+00,0,10190,1,0,1,1,0,0,0,1,1,1
-2.942990e-12,-2.942990e+00,1,10191,0,1,0,1,1,0,0,0,1,1
4.799644e-12,4.799644e+00,0,10192,1,0,1,0,1,1,0,0,0,1
-1.796650e-11,-1.796650e+01,1,10193,0,1,0,1,0,1,1,0,0,0
-1.342921e-12,-1.342921e+00,0,10196,1,1,1,0,1,0,1,0,1,1
-2.612786e-12,-2.612786e+00,1,10197,0,1,1,1,0,1,0,1,0,1
-1.512226e-11,-1.512226e+01,0,10198,1,0,1,1,1,0,1,0,1,0
-6.957084e-12,-6.957084e+00,1,10199,0,1,0,1,1,1,0,1,0,1
-2.401102e-12,-2.401102e+00,0,10200,1,0,1,0,1,1,1,0,1,0
-2.531094e-14,-2.531094e-02,1,10202,0,0,1,0,1,0,1,1,1,0
6.569763e-12,6.569763e+00,0,10203,1,0,0,1,0,1,0,1,1,1
-3.739373e-12,-3.739373e+00,1,10205,0,0,1,0,0,1,0,1,0,1
-2.742195e-12,-2.742195e+00,0,10207,1,1,0,0,1,0,0,1,0,1
-2.571014e-12,-2.571014e+00,1,10209,0,0,1,1,0,0,1,0,0,1
-2.393940e-12,-2.393940e+00,0,10210,1,0,0,1,1,0,0,1,0,0
-3.924711e-12,-3.924711e+00,1,10212,0,0,1,0,0,1,1,0,0,1
-1.224152e-12,-1.224152e+00,0,10216,1,1,1,1,0,0,1,0,0,1
1.876568e-11,1.876568e+01,1,10219,0,0,0,1,1,1,1,0,0,1
7.660259e-12,7.660259e+00,0,10223,1,1,1,1,0,0,0,1,1,1
-9.802555e-12,-9.802555e+00,1,10228,0,0,0,0,0,1,1,1,1,0
-2.895117e-12,-2.895117e+00,0,10230,1,1,0,0,0,0,0,1,1,1
-2.545879e-11,-2.545879e+01,1,10235,0,0,0,0,0,1,1,0,0,0
-1.526209e-12,-1.526209e+00,0,10237,1,1,0,0,0,0,0,1,1,0
1.550365e-11,1.550365e+01,1,10238,0,1,1,0,0,0,0,0,1,1
-4.979577e-12,-4.979577e+00,0,10241,1,1,1,0,1,1,0,0,0,0
-2.294542e-12,-2.294542e+00,1,10247,0,0,0,0,0,0,1,1,1,0
-4.992384e-14,-4.992384e-02,0,10251,1,1,1,1,0,0,0,0,0,0
7.210046e-12,7.210046e+00,1,10252,0,1,1,1,1,0,0,0,0,0
-1.122375e-11,-1.122375e+01,0,10253,1,0,1,1,1,1,0,0,0,0
-4.337536e-12,-4.337536e+00,1,10254,0,1,0,1,1,1,1,0,0,0
-4.890315e-14,-4.890315e-02,0,10256,1,1,0,1,0,1,1,1,1,0
-7.240619e-12,-7.240619e+00,1,10257,0,1,1,0,1,0,1,1,1,1
-9.971136e-12,-9.971136e+00,0,10260,1,1,1,0,1,1,0,1,0,1
1.131282e-12,1.131282e+00,1,10261,0,1,1,1,0,1,1,0,1,0
-1.133784e-11,-1.133784e+01,0,10267,1,1,1,1,1,1,0,1,1,1
3.481810e-11,3.481810e+01,1,10269,0,0,1,1,1,1,1,1,0,1
-5.845930e-12,-5.845930e+00,0,10271,1,1,0,0,1,1,1,1,1,1
-9.361436e-12,-9.361436e+00,1,10273,0,0,1,1,0,0,1,1,1,1
-3.984107e-12,-3.984107e+00,0,10275,1,1,0,0,1,1,0,0,1,1
1.866983e-11,1.866983e+01,1,10276,0,1,1,0,0,1,1,0,0,1
1.384755e-12,1.384755e+00,0,10278,1,1,0,1,1,0,0,1,1,0
-5.237064e-12,-5.237064e+00,1,10281,0,0,0,1,1,0,1,1,0,0
-4.576219e-11,-4.576219e+01,0,10284,1,1,1,0,0,0,1,1,0,1
1.839527e-11,1.839527e+01,1,10287,0,0,0,1,1,1,0,0,0,1
-8.177391e-12,-8.177391e+00,0,10288,1,0,0,0,1,1,1,0,0,0
-5.418533e-12,-5.418533e+00,1,10289,0,1,0,0,0,1,1,1,0,0
-4.067065e-12,-4.067065e+00,0,10290,1,0,1,0,0,0,1,1,1,0
3.663282e-12,3.663282e+00,1,10291,0,1,0,1,0,0,0,1,1,1
-4.234304e-12,-4.234304e+00,0,10294,1,1,1,0,1,0,1,0,0,0
3.595015e-12,3.595015e+00,1,10295,0,1,1,1,0,1,0,1,0,0
-7.068051e-13,-7.068051e-01,0,10296,1,0,1,1,1,0,1,0,1,0
-4.387086e-12,-4.387086e+00,1,10297,0,1,0,1,1,1,0,1,0,1
-6.426514e-12,-6.426514e+00,0,10304,1,1,1,1,1,1,1,0,1,0
9.221294e-14,9.221294e-02,1,10305,0,1,1,1,1,1,1,1,0,1
-5.412470e-12,-5.412470e+00,0,10306,1,0,1,1,1,1,1,1,1,0
-1.032301e-11,-1.032301e+01,1,10308,0,0,1,0,1,1,1,1,1,1
-6.012463e-12,-6.012463e+00,0,10309,1,0,0,1,0,1,1,1,1,1
-2.634397e-13,-2.634397e-01,1,10310,0,1,0,0,1,0,1,1,1,1
-2.191870e-12,-2.191870e+00,0,10312,1,1,0,1,0,0,1,0,1,1
-4.219177e-11,-4.219177e+01,1,10313,0,1,1,0,1,0,0,1,0,1
-2.042185e-11,-2.042185e+01,0,10315,1,1,0,1,1,0,1,0,0,1
1.022097e-11,1.022097e+01,1,10317,0,0,1,1,0,1,1,0,1,0
-2.344711e-12,-2.344711e+00,0,10318,1,0,0,1,1,0,1,1,0,1
-6.879767e-12,-6.879767e+00,1,10319,0,1,0,0,1,1,0,1,1,0
-1.799874e-12,-1.799874e+00,0,10320,1,0,1,0,0,1,1,0,1,1
-1.013417e-11,-1.013417e+01,1,10322,0,0,1,0,1,0,0,1,1,0
2.272567e-12,2.272567e+00,0,10326,1,1,1,1,0,0,1,0,1,0
2.686876e-12,2.686876e+00,1,10329,0,0,0,1,1,1,1,0,0,1
-9.182087e-12,-9.182087e+00,0,10330,1,0,0,0,1,1,1,1,0,0
-5.449772e-12,-5.449772e+00,1,10332,0,0,1,0,0,0,1,1,1,1
-4.326085e-13,-4.326085e-01,0,10335,1,1,1,0,0,1,0,0,0,1
2.373865e-12,2.373865e+00,1,10336,0,1,1,1,0,0,1,0,0,0
-8.495445e-12,-8.495445e+00,0,10339,1,1,1,0,1,1,1,0,0,1
-6.715354e-12,-6.715354e+00,1,10340,0,1,1,1,0,1,1,1,0,0
-3.508553e-12,-3.508553e+00,0,10341,1,0,1,1,1,0,1,1,1,0
-4.962282e-12,-4.962282e+00,1,10344,0,0,0,1,0,1,1,1,0,1
-5.606055e-12,-5.606055e+00,0,10346,1,1,0,0,0,1,0,1,1,1
-4.281848e-12,-4.281848e+00,1,10348,0,0,1,1,0,0,0,1,0,1
-4.442907e-12,-4.442907e+00,0,10350,1,1,0,0,1,1,0,0,0,1
7.258724e-13,7.258724e-01,1,10352,0,0,1,1,0,0,1,1,0,0
4.587608e-12,4.587608e+00,0,10353,1,0,0,1,1,0,0,1,1,0
3.531857e-13,3.531857e-01,1,10354,0,1,0,0,1,1,0,0,1,1
-4.432206e-12,-4.432206e+00,0,10357,1,1,1,0,1,0,0,1,1,0
-4.144513e-11,-4.144513e+01,1,10360,0,0,0,1,1,1,0,1,0,0
-5.692725e-12,-5.692725e+00,0,10363,1,1,1,0,0,0,1,1,1,0
5.000203e-12,5.000203e+00,1,10365,0,0,1,1,1,0,0,0,1,1
-6.346088e-12,-6.346088e+00,0,10366,1,0,0,1,1,1,0,0,0,1
-4.787598e-12,-4.787598e+00,1,10367,0,1,0,0,1,1,1,0,0,0
5.709445e-12,5.709445e+00,0,10370,1,1,1,0,1,0,0,1,1,1
-6.863382e-12,-6.863382e+00,1,10371,0,1,1,1,0,1,0,0,1,1
-5.738712e-12,-5.738712e+00,0,10372,1,0,1,1,1,0,1,0,0,1
2.148862e-11,2.148862e+01,1,10373,0,1,0,1,1,1,0,1,0,0
-5.118761e-12,-5.118761e+00,0,10376,1,1,1,0,1,0,1,1,1,0
-3.819236e-12,-3.819236e+00,1,10378,0,0,1,1,1,0,1,0,1,1
2.734125e-11,2.734125e+01,0,10379,1,0,0,1,1,1,0,1,0,1
2.326238e-12,2.326238e+00,1,10380,0,1,0,0,1,1,1,0,1,0
2.281591e-12,2.281591e+00,0,10386,1,1,1,1,1,1,0,1,0,0
-2.005822e-11,-2.005822e+01,1,10387,0,1,1,1,1,1,1,0,1,0
3.857503e-11,3.857503e+01,0,10388,1,0,1,1,1,1,1,1,0,1
-1.424862e-12,-1.424862e+00,1,10389,0,1,0,1,1,1,1,1,1,0
-2.212176e-11,-2.212176e+01,0,10390,1,0,1,0,1,1,1,1,1,1
-4.387776e-11,-4.387776e+01,1,10392,0,0,1,0,1,0,1,1,1,1
1.875402e-13,1.875402e-01,0,10394,1,1,0,0,1,0,1,0,1,1
-3.981236e-11,-3.981236e+01,1,10395,0,1,1,0,0,1,0,1,0,1
-2.018637e-12,-2.018637e+00,0,10397,1,1,0,1,1,0,0,1,0,1
-4.146476e-11,-4.146476e+01,1,10399,0,0,1,1,0,1,1,0,0,1
4.324672e-11,4.324672e+01,0,10400,1,0,0,1,1,0,1,1,0,0
-8.969933e-12,-8.969933e+00,1,10402,0,0,1,0,0,1,1,0,1,1
6.528783e-12,6.528783e+00,0,10405,1,1,1,0,0,1,0,0,1,1
-3.005644e-12,-3.005644e+00,1,10407,0,0,1,1,1,0,0,1,0,0
-4.131732e-12,-4.131732e+00,0,10410,1,1,1,0,0,1,1,1,0,0
-1.822773e-12,-1.822773e+00,1,10412,0,0,1,1,1,0,0,1,1,1
-6.437874e-12,-6.437874e+00,0,10415,1,1,1,0,0,1,1,1,0,0
7.631883e-13,7.631883e-01,1,10416,0,1,1,1,0,0,1,1,1,0
-2.959781e-12,-2.959781e+00,0,10417,1,0,1,1,1,0,0,1,1,1
6.752126e-12,6.752126e+00,1,10418,0,1,0,1,1,1,0,0,1,1
-1.858201e-11,-1.858201e+01,0,10419,1,0,1,0,1,1,1,0,0,1
3.310078e-11,3.310078e+01,1,10420,0,1,0,1,0,1,1,1,0,0
2.870198e-12,2.870198e+00,0,10423,1,1,1,0,1,0,1,0,1,1
-5.076122e-12,-5.076122e+00,1,10427,0,0,0,0,1,1,1,0,1,0
-4.614166e-12,-4.614166e+00,0,10428,1,0,0,0,0,1,1,1,0,1
-5.329169e-12,-5.329169e+00,1,10430,0,0,1,0,0,0,0,1,1,1
-2.851790e-12,-2.851790e+00,0,10431,1,0,0,1,0,0,0,0,1,1
-3.988194e-12,-3.988194e+00,1,10435,0,0,0,0,1,0,0,1,0,0
-3.481750e-11,-3.481750e+01,0,10437,1,1,0,0,0,0,1,0,0,1
-5.856292e-12,-5.856292e+00,1,10438,0,1,1,0,0,0,0,1,0,0
-1.939974e-12,-1.939974e+00,0,10439,1,0,1,1,0,0,0,0,1,0
3.521637e-11,3.521637e+01,1,10442,0,0,0,1,0,1,1,0,0,0
-4.783525e-12,-4.783525e+00,0,10443,1,0,0,0,1,0,1,1,0,0
1.108692e-11,1.108692e+01,1,10444,0,1,0,0,0,1,0,1,1,0
-5.882911e-12,-5.882911e+00,0,10446,1,1,0,1,0,0,0,1,0,1
-6.988268e-12,-6.988268e+00,1,10449,0,0,0,1,1,0,1,0,0,0
-5.505711e-12,-5.505711e+00,0,10450,1,0,0,0,1,1,0,1,0,0
-9.490990e-13,-9.490990e-01,1,10454,0,0,0,0,1,0,0,0,1,1
5.271475e-12,5.271475e+00,0,10455,1,0,0,0,0,1,0,0,0,1
-1.661513e-12,-1.661513e+00,1,10458,0,0,0,1,0,0,0,0,1,0
-4.838915e-12,-4.838915e+00,0,10460,1,1,0,0,0,1,0,0,0,0
-7.001878e-12,-7.001878e+00,1,10462,0,0,1,1,0,0,0,1,0,0
1.591020e-12,1.591020e+00,0,10464,1,1,0,0,1,1,0,0,0,1
8.033813e-12,8.033813e+00,1,10465,0,1,1,0,0,1,1,0,0,0
1.441595e-11,1.441595e+01,0,10466,1,0,1,1,0,0,1,1,0,0
-2.281883e-12,-2.281883e+00,1,10470,0,0,0,0,1,0,1,1,0,0
-8.641324e-13,-8.641324e-01,0,10473,1,1,1,0,0,0,0,1,0,1
-2.257315e-12,-2.257315e+00,1,10476,0,0,0,1,1,1,0,0,0,0
-5.094785e-12,-5.094785e+00,0,10477,1,0,0,0,1,1,1,0,0,0
-1.495372e-11,-1.495372e+01,1,10482,0,0,0,0,0,1,0,0,0,1
-2.406290e-12,-2.406290e+00,0,10484,1,1,0,0,0,0,0,1,0,0
3.723623e-11,3.723623e+01,1,10488,0,0,0,0,1,1,0,0,0,0
-2.763671e-12,-2.763671e+00,0,10489,1,0,0,0,0,1,1,0,0,0
-6.142428e-13,-6.142428e-01,1,10490,0,1,0,0,0,0,1,1,0,0
-9.830121e-12,-9.830121e+00,0,10492,1,1,0,1,0,0,0,0,1,1
-3.326187e-12,-3.326187e+00,1,10493,0,1,1,0,1,0,0,0,0,1
1.164730e-11,1.164730e+01,0,10494,1,0,1,1,0,1,0,0,0,0
-8.173537e-12,-8.173537e+00,1,10495,0,1,0,1,1,0,1,0,0,0
-4.698314e-12,-4.698314e+00,0,10496,1,0,1,0,1,1,0,1,0,0
-1.538992e-12,-1.538992e+00,1,10497,0,1,0,1,0,1,1,0,1,0
2.187764e-12,2.187764e+00,0,10499,1,1,0,1,0,1,0,1,1,0
3.429278e-11,3.429278e+01,1,10501,0,0,1,1,0,1,0,1,0,1
-5.707120e-12,-5.707120e+00,0,10502,1,0,0,1,1,0,1,0,1,0
4.121084e-11,4.121084e+01,1,10503,0,1,0,0,1,1,0,1,0,1
1.210946e-12,1.210946e+00,0,10504,1,0,1,0,0,1,1,0,1,0
4.416630e-12,4.416630e+00,1,10506,0,0,1,0,1,0,0,1,1,0
-4.139350e-14,-4.139350e-02,0,10507,1,0,0,1,0,1,0,0,1,1
-4.075683e-12,-4.075683e+00,1,10509,0,0,1,0,0,1,0,1,0,0
-4.035882e-12,-4.035882e+00,0,10512,1,1,1,0,0,1,0,0,1,0
7.551092e-13,7.551092e-01,1,10514,0,0,1,1,1,0,0,1,0,0
-4.326080e-12,-4.326080e+00,0,10515,1,0,0,1,1,1,0,0,1,0
-8.570385e-12,-8.570385e+00,1,10518,0,0,0,1,0,0,1,1,1,0
-5.249617e-12,-5.249617e+00,0,10519,1,0,0,0,1,0,0,1,1,1
2.152628e-11,2.152628e+01,1,10520,0,1,0,0,0,1,0,0,1,1
-9.366372e-13,-9.366372e-01,0,10521,1,0,1,0,0,0,1,0,0,1
-4.893107e-12,-4.893107e+00,1,10522,0,1,0,1,0,0,0,1,0,0
-2.952269e-12,-2.952269e+00,0,10525,1,1,1,0,1,0,1,0,0,0
7.740268e-13,7.740268e-01,1,10527,0,0,1,1,1,0,1,0,1,0
3.687132e-12,3.687132e+00,0,10529,1,1,0,0,1,1,1,0,1,0
-7.745394e-13,-7.745394e-01,1,10531,0,0,1,1,0,0,1,1,1,0
4.754729e-12,4.754729e+00,0,10532,1,0,0,1,1,0,0,1,1,1
4.571285e-12,4.571285e+00,1,10534,0,0,1,0,0,1,1,0,0,1
-1.489417e-12,-1.489417e+00,0,10536,1,1,0,0,1,0,0,1,1,0
-3.293127e-12,-3.293127e+00,1,10539,0,0,0,1,1,0,0,1,0,0
-7.819736e-12,-7.819736e+00,0,10542,1,1,1,0,0,0,1,1,0,0
-3.811060e-11,-3.811060e+01,1,10544,0,0,1,1,1,0,0,0,1,1
-5.047541e-12,-5.047541e+00,0,10547,1,1,1,0,0,1,1,1,0,0
-4.920129e-12,-4.920129e+00,1,10551,0,0,0,0,1,1,1,0,0,1
-2.606550e-12,-2.606550e+00,0,10553,1,1,0,0,0,0,1,1,1,0
-3.909537e-12,-3.909537e+00,1,10556,0,0,0,1,1,0,0,0,0,1
-4.180244e-12,-4.180244e+00,0,10558,1,1,0,0,0,1,1,0,0,0
-7.148248e-12,-7.148248e+00,1,10563,0,0,0,0,0,1,1,0,0,0
-3.007221e-12,-3.007221e+00,0,10566,1,1,1,0,0,0,0,0,1,1
-2.996205e-12,-2.996205e+00,1,10567,0,1,1,1,0,0,0,0,0,1
-4.299610e-11,-4.299610e+01,0,10568,1,0,1,1,1,0,0,0,0,0
4.245396e-11,4.245396e+01,1,10569,0,1,0,1,1,1,0,0,0,0
2.454067e-12,2.454067e+00,0,10570,1,0,1,0,1,1,1,0,0,0
-3.754583e-11,-3.754583e+01,1,10571,0,1,0,1,0,1,1,1,0,0
9.005740e-13,9.005740e-01,0,10573,1,1,0,1,0,1,0,1,1,1
3.735850e-11,3.735850e+01,1,10574,0,1,1,0,1,0,1,0,1,1
-2.641394e-12,-2.641394e+00,0,10575,1,0,1,1,0,1,0,1,0,1
-6.116447e-12,-6.116447e+00,1,10576,0,1,0,1,1,0,1,0,1,0
-8.687418e-12,-8.687418e+00,0,10584,1,1,1,1,1,1,1,1,0,1
-8.924294e-12,-8.924294e+00,1,10586,0,0,1,1,1,1,1,1,1,1
-3.690415e-12,-3.690415e+00,0,10587,1,0,0,1,1,1,1,1,1,1
2.015383e-12,2.015383e+00,1,10596,0,0,0,0,0,0,0,0,0,1
-6.270074e-12,-6.270074e+00,0,10600,1,1,1,1,0,0,0,0,0,0
-3.164446e-13,-3.164446e-01,1,10601,0,1,1,1,1,0,0,0,0,0
-5.914066e-12,-5.914066e+00,0,10603,1,1,0,1,1,1,1,0,0,0
3.111152e-12,3.111152e+00,1,10604,0,1,1,0,1,1,1,1,0,0
2.515630e-12,2.515630e+00,0,10606,1,1,0,1,1,0,1,1,1,1
1.473588e-12,1.473588e+00,1,10607,0,1,1,0,1,1,0,1,1,1
-8.562680e-12,-8.562680e+00,0,10608,1,0,1,1,0,1,1,0,1,1
-8.644549e-12,-8.644549e+00,1,10609,0,1,0,1,1,0,1,1,0,1
-8.774207e-12,-8.774207e+00,0,10611,1,1,0,1,0,1,1,0,1,1
-3.188870e-12,-3.188870e+00,1,10613,0,0,1,1,0,1,0,1,1,0
7.590765e-12,7.590765e+00,0,10617,1,1,1,1,0,0,1,1,0,1
-1.635078e-12,-1.635078e+00,1,10619,0,0,1,1,1,1,0,0,1,1
-2.667624e-12,-2.667624e+00,0,10620,1,0,0,1,1,1,1,0,0,1
-9.827759e-12,-9.827759e+00,1,10623,0,0,0,1,0,0,1,1,1,1
-1.055903e-12,-1.055903e+00,0,10626,1,1,1,0,0,0,1,0,0,1
-4.136383e-12,-4.136383e+00,1,10627,0,1,1,1,0,0,0,1,0,0
-1.023968e-11,-1.023968e+01,0,10630,1,1,1,0,1,1,1,0,0,0
-9.338611e-12,-9.338611e+00,1,10632,0,0,1,1,1,0,1,1,1,0
-4.069976e-11,-4.069976e+01,0,10634,1,1,0,0,1,1,1,0,1,1
-2.090754e-11,-2.090754e+01,1,10638,0,0,0,0,1,1,0,0,1,1
4.598250e-11,4.598250e+01,0,10639,1,0,0,0,0,1,1,0,0,1
5.982604e-12,5.982604e+00,1,10640,0,1,0,0,0,0,1,1,0,0
6.645697e-13,6.645697e-01,0,10643,1,1,1,0,1,0,0,0,0,1
2.260571e-11,2.260571e+01,1,10646,0,0,0,1,1,1,0,1,0,0
-3.511056e-12,-3.511056e+00,0,10648,1,1,0,0,0,1,1,1,0,1
-3.919300e-12,-3.919300e+00,1,10649,0,1,1,0,0,0,1,1,1,0
3.430356e-11,3.430356e+01,0,10650,1,0,1,1,0,0,0,1,1,1
3.841591e-12,3.841591e+00,1,10652,0,0,1,0,1,1,0,0,0,1
-4.916296e-12,-4.916296e+00,0,10654,1,1,0,0,1,0,1,1,0,0
-5.200137e-12,-5.200137e+00,1,10658,0,0,0,0,1,1,0,0,1,0
-5.953320e-12,-5.953320e+00,0,10663,1,1,1,1,1,0,0,0,0,1
-6.105897e-12,-6.105897e+00,1,10666,0,0,0,1,1,1,1,1,0,0
-1.918603e-12,-1.918603e+00,0,10668,1,1,0,0,0,1,1,1,1,1
-3.027520e-12,-3.027520e+00,1,10669,0,1,1,0,0,0,1,1,1,1
-6.082427e-12,-6.082427e+00,0,10670,1,0,1,1,0,0,0,1,1,1
-1.443322e-11,-1.443322e+01,1,10671,0,1,0,1,1,0,0,0,1,1
-5.972693e-12,-5.972693e+00,0,10673,1,1,0,1,0,1,1,0,0,0
-1.980709e-12,-1.980709e+00,1,10674,0,1,1,0,1,0,1,1,0,0
-1.605795e-12,-1.605795e+00,0,10675,1,0,1,1,0,1,0,1,1,0
9.377511e-12,9.377511e+00,1,10676,0,1,0,1,1,0,1,0,1,1
-8.467669e-12,-8.467669e+00,0,10679,1,1,1,0,1,0,1,1,0,1
-7.070772e-12,-7.070772e+00,1,10681,0,0,1,1,1,0,1,0,1,1
1.403658e-12,1.403658e+00,0,10682,1,0,0,1,1,1,0,1,0,1
6.633462e-12,6.633462e+00,1,10685,0,0,0,1,0,0,1,1,1,0
1.241217e-11,1.241217e+01,0,10686,1,0,0,0,1,0,0,1,1,1
-5.087253e-12,-5.087253e+00,1,10688,0,0,1,0,0,0,1,0,0,1
-5.968327e-12,-5.968327e+00,0,10690,1,1,0,0,1,0,0,0,1,0
-1.860630e-11,-1.860630e+01,1,10693,0,0,0,1,1,0,0,1,0,0
1.290983e-11,1.290983e+01,0,10694,1,0,0,0,1,1,0,0,1,0
-6.608871e-12,-6.608871e+00,1,10695,0,1,0,0,0,1,1,0,0,1
-5.388279e-12,-5.388279e+00,0,10699,1,1,1,1,0,1,0,0,0,1
1.959273e-12,1.959273e+00,1,10702,0,0,0,1,1,1,1,0,1,0
-2.665958e-12,-2.665958e+00,0,10704,1,1,0,0,0,1,1,1,1,0
-3.915671e-12,-3.915671e+00,1,10706,0,0,1,1,0,0,0,1,1,1
-2.739120e-12,-2.739120e+00,0,10707,1,0,0,1,1,0,0,0,1,1
5.263337e-13,5.263337e-01,1,10708,0,1,0,0,1,1,0,0,0,1
-4.634446e-12,-4.634446e+00,0,10710,1,1,0,1,0,0,1,1,0,0
5.214144e-12,5.214144e+00,1,10714,0,0,0,0,1,1,0,1,0,0
8.233412e-12,8.233412e+00,0,10717,1,1,1,0,0,0,0,1,1,0
-6.677338e-12,-6.677338e+00,1,10719,0,0,1,1,1,0,0,0,0,1
2.596275e-12,2.596275e+00,0,10720,1,0,0,1,1,1,0,0,0,0
-3.740362e-11,-3.740362e+01,1,10721,0,1,0,0,1,1,1,0,0,0
3.525053e-11,3.525053e+01,0,10722,1,0,1,0,0,1,1,1,0,0
-4.749362e-12,-4.749362e+00,1,10723,0,1,0,1,0,0,1,1,1,0
-6.140981e-12,-6.140981e+00,0,10725,1,1,0,1,0,1,0,0,1,1
2.092578e-12,2.092578e+00,1,10729,0,0,0,0,1,1,0,1,0,1
-6.655548e-12,-6.655548e+00,0,10736,1,1,1,1,1,1,1,0,0,0
-2.300135e-12,-2.300135e+00,1,10741,0,0,0,0,0,1,1,1,1,1
2.060563e-11,2.060563e+01,0,10743,1,1,0,0,0,0,0,1,1,1
-6.849413e-12,-6.849413e+00,1,10744,0,1,1,0,0,0,0,0,1,1
-1.298249e-12,-1.298249e+00,0,10746,1,1,0,1,1,0,0,0,0,0
3.476312e-12,3.476312e+00,1,10747,0,1,1,0,1,1,0,0,0,0
2.735040e-12,2.735040e+00,0,10748,1,0,1,1,0,1,1,0,0,0
-3.805526e-12,-3.805526e+00,1,10749,0,1,0,1,1,0,1,1,0,0
1.315740e-11,1.315740e+01,0,10751,1,1,0,1,0,1,1,0,1,1
-1.882912e-11,-1.882912e+01,1,10752,0,1,1,0,1,0,1,1,0,1
3.213915e-11,3.213915e+01,0,10753,1,0,1,1,0,1,0,1,1,0
-7.860749e-12,-7.860749e+00,1,10754,0,1,0,1,1,0,1,0,1,1
-3.123993e-12,-3.123993e+00,0,10755,1,0,1,0,1,1,0,1,0,1
-6.287252e-12,-6.287252e+00,1,10758,0,0,0,1,0,1,0,1,1,0
-3.282503e-12,-3.282503e+00,0,10759,1,0,0,0,1,0,1,0,1,1
-2.955695e-12,-2.955695e+00,1,10761,0,0,1,0,0,0,1,0,1,0
-5.378452e-12,-5.378452e+00,0,10768,1,1,1,1,1,1,1,0,0,1
-4.502511e-12,-4.502511e+00,1,10769,0,1,1,1,1,1,1,1,0,0
-3.251437e-12,-3.251437e+00,0,10770,1,0,1,1,1,1,1,1,1,0
-1.038584e-11,-1.038584e+01,1,10773,0,0,0,1,0,1,1,1,1,1
-9.038574e-11,-9.038574e+01,0,10775,1,1,0,0,0,1,0,1,1,1
7.199030e-11,7.199030e+01,1,10776,0,1,1,0,0,0,1,0,1,1
-8.009593e-12,-8.009593e+00,0,10778,1,1,0,1,1,0,0,0,1,0
-2.674344e-12,-2.674344e+00,1,10779,0,1,1,0,1,1,0,0,0,1
-3.085186e-12,-3.085186e+00,0,10780,1,0,1,1,0,1,1,0,0,0
2.144712e-12,2.144712e+00,1,10782,0,0,1,0,1,1,0,1,1,0
-9.196460e-13,-9.196460e-01,0,10784,1,1,0,0,1,0,1,1,0,1
-6.888894e-12,-6.888894e+00,1,10787,0,0,0,1,1,0,0,1,0,1
-2.875154e-12,-2.875154e+00,0,10788,1,0,0,0,1,1,0,0,1,0
8.341762e-12,8.341762e+00,1,10789,0,1,0,0,0,1,1,0,0,1
-3.349778e-12,-3.349778e+00,0,10790,1,0,1,0,0,0,1,1,0,0
-4.100876e-12,-4.100876e+00,1,10792,0,0,1,0,1,0,0,0,1,1
8.730467e-12,8.730467e+00,0,10795,1,1,1,0,0,1,0,1,0,0
-1.163651e-12,-1.163651e+00,1,10799,0,0,0,0,1,1,1,0,0,1
2.567535e-11,2.567535e+01,0,10800,1,0,0,0,0,1,1,1,0,0
6.940811e-12,6.940811e+00,1,10802,0,0,1,0,0,0,0,1,1,1
-6.653839e-12,-6.653839e+00,0,10805,1,1,1,0,0,1,0,0,0,0
-9.574892e-13,-9.574892e-01,1,10806,0,1,1,1,0,0,1,0,0,0
1.677916e-11,1.677916e+01,0,10807,1,0,1,1,1,0,0,1,0,0
-5.647159e-12,-5.647159e+00,1,10808,0,1,0,1,1,1,0,0,1,0
-5.421387e-12,-5.421387e+00,0,10810,1,1,0,1,0,1,1,1,0,0
-7.413561e-12,-7.413561e+00,1,10812,0,0,1,1,0,1,0,1,1,1
6.541724e-12,6.541724e+00,0,10815,1,1,1,0,0,1,1,0,1,0
-3.345817e-11,-3.345817e+01,1,10816,0,1,1,1,0,0,1,1,0,1
-9.125753e-13,-9.125753e-01,0,10817,1,0,1,1,1,0,0,1,1,0
-4.970479e-12,-4.970479e+00,1,10819,0,0,1,0,1,1,1,0,0,1
-3.235593e-12,-3.235593e+00,0,10820,1,0,0,1,0,1,1,1,0,0
1.455094e-12,1.455094e+00,1,10821,0,1,0,0,1,0,1,1,1,0
-9.080221e-13,-9.080221e-01,0,10822,1,0,1,0,0,1,0,1,1,1
7.798423e-13,7.798423e-01,1,10823,0,1,0,1,0,0,1,0,1,1
-5.261809e-12,-5.261809e+00,0,10824,1,0,1,0,1,0,0,1,0,1
-9.938068e-13,-9.938068e-01,1,10825,0,1,0,1,0,1,0,0,1,0
-5.441737e-12,-5.441737e+00,0,10830,1,1,1,1,1,0,1,0,1,0
-4.821062e-12,-4.821062e+00,1,10832,0,0,1,1,1,1,1,0,1,0
-3.959144e-12,-3.959144e+00,0,10833,1,0,0,1,1,1,1,1,0,1
-5.347942e-12,-5.347942e+00,1,10835,0,0,1,0,0,1,1,1,1,1
-3.989403e-12,-3.989403e+00,0,10836,1,0,0,1,0,0,1,1,1,1
1.525742e-12,1.525742e+00,1,10842,0,0,0,0,0,0,1,0,0,1
-2.419622e-12,-2.419622e+00,0,10846,1,1,1,1,0,0,0,0,0,0
-4.700230e-12,-4.700230e+00,1,10848,0,0,1,1,1,1,0,0,0,0
-3.483454e-12,-3.483454e+00,0,10850,1,1,0,0,1,1,1,1,0,0
-6.145162e-12,-6.145162e+00,1,10851,0,1,1,0,0,1,1,1,1,0
-3.365326e-11,-3.365326e+01,0,10853,1,1,0,1,1,0,0,1,1,1
-1.613047e-12,-1.613047e+00,1,10858,0,0,0,0,0,1,1,0,1,1
-3.464229e-12,-3.464229e+00,0,10861,1,1,1,0,0,0,0,0,1,1
2.780172e-12,2.780172e+00,1,10863,0,0,1,1,1,0,0,0,0,0
9.790108e-13,9.790108e-01,0,10866,1,1,1,0,0,1,1,1,0,0
-7.338027e-12,-7.338027e+00,1,10867,0,1,1,1,0,0,1,1,1,0
8.428186e-12,8.428186e+00,0,10869,1,1,0,1,1,1,0,0,1,1
-4.805677e-12,-4.805677e+00,1,10873,0,0,0,0,1,1,0,1,1,1
-9.173315e-12,-9.173315e+00,0,10876,1,1,1,0,0,0,0,1,1,0
-3.239280e-12,-3.239280e+00,1,10877,0,1,1,1,0,0,0,0,1,1
-1.327828e-12,-1.327828e+00,0,10878,1,0,1,1,1,0,0,0,0,1
-1.436473e-12,-1.436473e+00,1,10881,0,0,0,1,0,1,1,1,0,0
3.777613e-11,3.777613e+01,0,10883,1,1,0,0,0,1,0,1,1,1
-2.223765e-12,-2.223765e+00,1,10884,0,1,1,0,0,0,1,0,1,1
-4.222366e-11,-4.222366e+01,0,10885,1,0,1,1,0,0,0,1,0,1
-8.222356e-11,-8.222356e+01,1,10886,0,1,0,1,1,0,0,0,1,0
-7.630313e-12,-7.630313e+00,0,10891,1,1,1,1,1,0,1,0,1,1
2.750368e-11,2.750368e+01,1,10892,0,1,1,1,1,1,0,1,0,1
-3.370629e-12,-3.370629e+00,0,10893,1,0,1,1,1,1,1,0,1,0
-7.597015e-12,-7.597015e+00,1,10894,0,1,0,1,1,1,1,1,0,1
-2.855845e-12,-2.855845e+00,0,10895,1,0,1,0,1,1,1,1,1,0
1.707387e-13,1.707387e-01,1,10897,0,0,1,0,1,0,1,1,1,1
-9.536670e-12,-9.536670e+00,0,10898,1,0,0,1,0,1,0,1,1,1
2.711235e-11,2.711235e+01,1,10899,0,1,0,0,1,0,1,0,1,1
-3.162271e-12,-3.162271e+00,0,10901,1,1,0,1,0,0,1,0,1,0
-1.068679e-11,-1.068679e+01,1,10902,0,1,1,0,1,0,0,1,0,1
-4.303997e-12,-4.303997e+00,0,10903,1,0,1,1,0,1,0,0,1,0
-3.467124e-12,-3.467124e+00,1,10905,0,0,1,0,1,1,0,1,0,0
-3.765098e-12,-3.765098e+00,0,10906,1,0,0,1,0,1,1,0,1,0
-7.888500e-12,-7.888500e+00,1,10909,0,0,0,1,0,0,1,0,1,1
3.182344e-11,3.182344e+01,0,10910,1,0,0,0,1,0,0,1,0,1
5.042428e-13,5.042428e-01,1,10913,0,0,0,1,0,0,0,1,0,0
-9.066047e-12,-9.066047e+00,0,10914,1,0,0,0,1,0,0,0,1,0
4.135605e-12,4.135605e+00,1,10917,0,0,0,1,0,0,0,1,0,0
-1.025716e-11,-1.025716e+01,0,10918,1,0,0,0,1,0,0,0,1,0
-3.355103e-12,-3.355103e+00,1,10919,0,1,0,0,0,1,0,0,0,1
2.351903e-11,2.351903e+01,0,10923,1,1,1,1,0,1,0,0,0,1
-5.462697e-12,-5.462697e+00,1,10924,0,1,1,1,1,0,1,0,0,0
-1.773936e-12,-1.773936e+00,0,10925,1,0,1,1,1,1,0,1,0,0
-5.620312e-12,-5.620312e+00,1,10929,0,0,0,0,1,0,1,1,1,1
-1.839997e-12,-1.839997e+00,0,10930,1,0,0,0,0,1,0,1,1,1
-1.000945e-11,-1.000945e+01,1,10935,0,0,0,0,0,1,0,0,0,0
-5.319855e-12,-5.319855e+00,0,10936,1,0,0,0,0,0,1,0,0,0
4.591264e-11,4.591264e+01,1,10941,0,0,0,0,0,1,0,0,0,0
5.912746e-12,5.912746e+00,0,10942,1,0,0,0,0,0,1,0,0,0
-5.630650e-12,-5.630650e+00,1,10943,0,1,0,0,0,0,0,1,0,0
8.957263e-13,8.957263e-01,0,10945,1,1,0,1,0,0,0,0,0,1
-3.910417e-11,-3.910417e+01,1,10946,0,1,1,0,1,0,0,0,0,0
2.201410e-11,2.201410e+01,0,10947,1,0,1,1,0,1,0,0,0,0
5.352274e-11,5.352274e+01,1,10953,0,0,0,0,0,0,1,0,1,1
1.352284e-11,1.352284e+01,0,10954,1,0,0,0,0,0,0,1,0,1
2.702069e-11,2.702069e+01,1,10957,0,0,0,1,0,0,0,0,0,0
9.903560e-13,9.903560e-01,0,10958,1,0,0,0,1,0,0,0,0,0
-8.118972e-13,-8.118972e-01,1,10965,0,0,0,0,0,0,0,1,0,0
-1.030909e-12,-1.030909e+00,0,10966,1,0,0,0,0,0,0,0,1,0
-1.809759e-12,-1.809759e+00,1,10967,0,1,0,0,0,0,0,0,0,1
-3.948427e-12,-3.948427e+00,0,10971,1,1,1,1,0,1,0,0,0,0
-5.646027e-12,-5.646027e+00,1,10972,0,1,1,1,1,0,1,0,0,0
-6.985913e-12,-6.985913e+00,0,10974,1,1,0,1,1,1,1,0,1,0
-1.585056e-12,-1.585056e+00,1,10975,0,1,1,0,1,1,1,1,0,1
-2.555561e-12,-2.555561e+00,0,10980,1,1,1,1,1,0,1,1,0,1
-1.000187e-11,-1.000187e+01,1,10981,0,1,1,1,1,1,0,1,1,0
-6.239683e-12,-6.239683e+00,0,10985,1,1,1,1,0,1,1,1,1,1
-2.581355e-11,-2.581355e+01,1,10987,0,0,1,1,1,1,0,1,1,1
7.781961e-12,7.781961e+00,0,10989,1,1,0,0,1,1,1,1,0,1
-5.238787e-12,-5.238787e+00,1,10990,0,1,1,0,0,1,1,1,1,0
-4.955880e-12,-4.955880e+00,0,10994,1,1,1,1,0,1,1,0,0,1
-3.771954e-12,-3.771954e+00,1,10995,0,1,1,1,1,0,1,1,0,0
-7.442815e-12,-7.442815e+00,0,10998,1,1,1,0,1,1,1,1,0,1
1.198896e-12,1.198896e+00,1,11001,0,0,0,1,1,1,0,1,1,1
1.169166e-12,1.169166e+00,0,11002,1,0,0,0,1,1,1,0,1,1
-3.557982e-11,-3.557982e+01,1,11003,0,1,0,0,0,1,1,1,0,1
-4.493468e-12,-4.493468e+00,0,11005,1,1,0,1,0,0,0,1,1,1
-4.972887e-12,-4.972887e+00,1,11007,0,0,1,1,0,1,0,0,0,1
-4.063123e-11,-4.063123e+01,0,11009,1,1,0,0,1,1,0,1,0,0
-1.670900e-12,-1.670900e+00,1,11013,0,0,0,0,1,1,0,0,1,1
-2.669121e-12,-2.669121e+00,0,11014,1,0,0,0,0,1,1,0,0,1
-2.203396e-12,-2.203396e+00,1,11017,0,0,0,1,0,0,0,0,1,1
-6.029758e-12,-6.029758e+00,0,11020,1,1,1,0,0,0,1,0,0,0
-1.037129e-11,-1.037129e+01,1,11025,0,0,0,0,0,1,1,1,0,0
1.203564e-11,1.203564e+01,0,11026,1,0,0,0,0,0,1,1,1,0
-8.984172e-12,-8.984172e+00,1,11027,0,1,0,0,0,0,0,1,1,1
5.266844e-12,5.266844e+00,0,11030,1,1,1,0,1,0,0,0,0,0
1.273006e-11,1.273006e+01,1,11031,0,1,1,1,0,1,0,0,0,0
3.859997e-14,3.859997e-02,0,11032,1,0,1,1,1,0,1,0,0,0
-3.063928e-12,-3.063928e+00,1,11033,0,1,0,1,1,1,0,1,0,0
-9.540321e-12,-9.540321e+00,0,11035,1,1,0,1,0,1,1,1,0,1
-8.796565e-12,-8.796565e+00,1,11036,0,1,1,0,1,0,1,1,1,0
2.242559e-11,2.242559e+01,0,11037,1,0,1,1,0,1,0,1,1,1
6.415505e-12,6.415505e+00,1,11039,0,0,1,0,1,1,0,1,0,1
2.849481e-11,2.849481e+01,0,11041,1,1,0,0,1,0,1,1,0,1
-4.487979e-12,-4.487979e+00,1,11043,0,0,1,1,0,0,1,0,1,1
-2.494282e-12,-2.494282e+00,0,11044,1,0,0,1,1,0,0,1,0,1
-5.202466e-12,-5.202466e+00,1,11047,0,0,0,1,0,0,1,1,0,0
1.011574e-13,1.011574e-01,0,11048,1,0,0,0,1,0,0,1,1,0
1.621538e-12,1.621538e+00,1,11051,0,0,0,1,0,0,0,1,0,0
1.158998e-12,1.158998e+00,0,11054,1,1,1,0,0,0,1,0,0,0
6.620644e-12,6.620644e+00,1,11056,0,0,1,1,1,0,0,0,1,0
4.429955e-11,4.429955e+01,0,11058,1,1,0,0,1,1,1,0,0,0
2.642038e-12,2.642038e+00,1,11060,0,0,1,1,0,0,1,1,1,0
-1.938903e-12,-1.938903e+00,0,11062,1,1,0,0,1,1,0,0,1,1
4.266352e-11,4.266352e+01,1,11066,0,0,0,0,1,1,0,0,1,1
-5.904462e-12,-5.904462e+00,0,11069,1,1,1,0,0,0,0,1,1,0
-4.100286e-11,-4.100286e+01,1,11072,0,0,0,1,1,1,0,0,0,0
-2.339206e-12,-2.339206e+00,0,11075,1,1,1,0,0,0,1,1,1,0
-1.222369e-11,-1.222369e+01,1,11076,0,1,1,1,0,0,0,1,1,1
7.508866e-12,7.508866e+00,0,11079,1,1,1,0,1,1,1,0,0,0
8.461141e-13,8.461141e-01,1,11080,0,1,1,1,0,1,1,1,0,0
5.254430e-12,5.254430e+00,0,11081,1,0,1,1,1,0,1,1,1,0
-8.987552e-12,-8.987552e+00,1,11082,0,1,0,1,1,1,0,1,1,1
1.542949e-12,1.542949e+00,0,11085,1,1,1,0,1,0,1,1,1,0
3.602538e-11,3.602538e+01,1,11086,0,1,1,1,0,1,0,1,1,1
-3.974512e-12,-3.974512e+00,0,11087,1,0,1,1,1,0,1,0,1,1
-6.322608e-12,-6.322608e+00,1,11091,0,0,0,0,1,0,1,1,1,0
-1.357540e-12,-1.357540e+00,0,11092,1,0,0,0,0,1,0,1,1,1
-2.591578e-11,-2.591578e+01,1,11094,0,0,1,0,0,0,0,1,0,1
-2.001650e-12,-2.001650e+00,0,11096,1,1,0,0,1,0,0,0,0,1
-7.579970e-12,-7.579970e+00,1,11098,0,0,1,1,0,0,1,0,0,0
-6.000457e-12,-6.000457e+00,0,11099,1,0,0,1,1,0,0,1,0,0
-1.806144e-12,-1.806144e+00,1,11100,0,1,0,0,1,1,0,0,1,0
2.355332e-11,2.355332e+01,0,11102,1,1,0,1,0,0,1,1,0,0
3.243217e-11,3.243217e+01,1,11104,0,0,1,1,0,1,0,0,1,1
-8.685076e-12,-8.685076e+00,0,11107,1,1,1,0,0,1,1,0,1,0
-1.832171e-11,-1.832171e+01,1,11110,0,0,0,1,1,1,0,0,1,1
7.461684e-13,7.461684e-01,0,11111,1,0,0,0,1,1,1,0,0,1
-5.255895e-12,-5.255895e+00,1,11114,0,0,0,1,0,0,0,1,1,1
-2.808537e-11,-2.808537e+01,0,11117,1,1,1,0,0,0,1,0,0,0
-4.677299e-12,-4.677299e+00,1,11118,0,1,1,1,0,0,0,1,0,0
-4.467720e-11,-4.467720e+01,0,11119,1,0,1,1,1,0,0,0,1,0
4.343711e-11,4.343711e+01,1,11120,0,1,0,1,1,1,0,0,0,1
-4.588590e-12,-4.588590e+00,0,11124,1,1,1,1,0,1,0,1,1,1
-5.844560e-12,-5.844560e+00,1,11125,0,1,1,1,1,0,1,0,1,1
7.865598e-13,7.865598e-01,0,11126,1,0,1,1,1,1,0,1,0,1
3.667073e-11,3.667073e+01,1,11127,0,1,0,1,1,1,1,0,1,0
-5.693590e-12,-5.693590e+00,0,11133,1,1,1,1,1,1,0,1,0,1
-4.482797e-12,-4.482797e+00,1,11134,0,1,1,1,1,1,1,0,1,0
4.685106e-11,4.685106e+01,0,11140,1,1,1,1,1,1,0,1,1,1
6.851162e-12,6.851162e+00,1,11141,0,1,1,1,1,1,1,0,1,1
-1.809302e-12,-1.809302e+00,0,11143,1,1,0,1,1,1,1,1,1,0
-2.975683e-11,-2.975683e+01,1,11144,0,1,1,0,1,1,1,1,1,1
-2.362547e-12,-2.362547e+00,0,11145,1,0,1,1,0,1,1,1,1,1
-3.153170e-12,-3.153170e+00,1,11152,0,0,0,0,0,0,0,1,0,1
-3.092322e-12,-3.092322e+00,0,11153,1,0,0,0,0,0,0,0,1,0
2.473984e-12,2.473984e+00,1,11154,0,1,0,0,0,0,0,0,0,1
-4.867727e-12,-4.867727e+00,0,11155,1,0,1,0,0,0,0,0,0,0
-4.220939e-12,-4.220939e+00,1,11157,0,0,1,0,1,0,0,0,0,0
-3.369220e-12,-3.369220e+00,0,11159,1,1,0,0,1,0,1,0,0,0
-3.903950e-12,-3.903950e+00,1,11160,0,1,1,0,0,1,0,1,0,0
-6.732504e-12,-6.732504e+00,0,11162,1,1,0,1,1,0,0,1,0,1
-5.221032e-12,-5.221032e+00,1,11163,0,1,1,0,1,1,0,0,1,0
1.062900e-12,1.062900e+00,0,11164,1,0,1,1,0,1,1,0,0,1
2.015636e-13,2.015636e-01,1,11166,0,0,1,0,1,1,0,1,1,0
-4.946880e-12,-4.946880e+00,0,11167,1,0,0,1,0,1,1,0,1,1
-5.056185e-13,-5.056185e-01,1,11168,0,1,0,0,1,0,1,1,0,1
-5.552796e-12,-5.552796e+00,0,11169,1,0,1,0,0,1,0,1,1,0
2.628122e-12,2.628122e+00,1,11170,0,1,0,1,0,0,1,0,1,1
-4.572132e-12,-4.572132e+00,0,11171,1,0,1,0,1,0,0,1,0,1
-6.738774e-12,-6.738774e+00,1,11174,0,0,0,1,0,1,0,1,0,0
-5.642748e-12,-5.642748e+00,0,11175,1,0,0,0,1,0,1,0,1,0
-2.997570e-11,-2.997570e+01,1,11178,0,0,0,1,0,0,0,1,0,1
3.417438e-12,3.417438e+00,0,11179,1,0,0,0,1,0,0,0,1,0
-1.104944e-11,-1.104944e+01,1,11181,0,0,1,0,0,0,1,0,0,0
-2.678019e-12,-2.678019e+00,0,11182,1,0,0,1,0,0,0,1,0,0
-1.012442e-12,-1.012442e+00,1,11186,0,0,0,0,1,0,0,1,0,0
2.146294e-12,2.146294e+00,0,11187,1,0,0,0,0,1,0,0,1,0
-2.710408e-11,-2.710408e+01,1,11188,0,1,0,0,0,0,1,0,0,1
-1.186747e-11,-1.186747e+01,0,11192,1,1,1,1,0,1,0,0,0,0
-2.147432e-12,-2.147432e+00,1,11194,0,0,1,1,1,1,0,1,0,0
-2.816857e-12,-2.816857e+00,0,11196,1,1,0,0,1,1,1,1,0,1
-6.983047e-12,-6.983047e+00,1,11197,0,1,1,0,0,1,1,1,1,0
-1.749962e-12,-1.749962e+00,0,11198,1,0,1,1,0,0,1,1,1,1
-4.603799e-12,-4.603799e+00,1,11200,0,0,1,0,1,1,0,0,1,1
1.049866e-12,1.049866e+00,0,11202,1,1,0,0,1,0,1,1,0,0
-1.099223e-11,-1.099223e+01,1,11203,0,1,1,0,0,1,0,1,1,0
-6.041158e-12,-6.041158e+00,0,11204,1,0,1,1,0,0,1,0,1,1
1.955330e-12,1.955330e+00,1,11205,0,1,0,1,1,0,0,1,0,1
7.095900e-12,7.095900e+00,0,11206,1,0,1,0,1,1,0,0,1,0
-1.754250e-11,-1.754250e+01,1,11207,0,1,0,1,0,1,1,0,0,1
4.642204e-12,4.642204e+00,0,11208,1,0,1,0,1,0,1,1,0,0
2.999033e-11,2.999033e+01,1,11210,0,0,1,0,1,0,1,0,1,1
-2.195750e-11,-2.195750e+01,0,11213,1,1,1,0,0,1,0,1,0,1
-3.955579e-12,-3.955579e+00,1,11215,0,0,1,1,1,0,0,1,0,1
-2.159257e-13,-2.159257e-01,0,11216,1,0,0,1,1,1,0,0,1,0
2.661303e-11,2.661303e+01,1,11218,0,0,1,0,0,1,1,1,0,0
-5.821770e-12,-5.821770e+00,0,11219,1,0,0,1,0,0,1,1,1,0
3.599762e-12,3.599762e+00,1,11222,0,0,0,1,0,0,1,0,0,1
-2.489233e-12,-2.489233e+00,0,11224,1,1,0,0,0,1,0,0,1,0
9.232108e-13,9.232108e-01,1,11227,0,0,0,1,1,0,0,0,1,0
-8.093158e-12,-8.093158e+00,0,11228,1,0,0,0,1,1,0,0,0,1
-2.111142e-12,-2.111142e+00,1,11229,0,1,0,0,0,1,1,0,0,0
-5.175827e-12,-5.175827e+00,0,11230,1,0,1,0,0,0,1,1,0,0
-2.638583e-12,-2.638583e+00,1,11234,0,0,0,0,1,0,1,0,0,0
-4.685640e-12,-4.685640e+00,0,11237,1,1,1,0,0,0,0,1,0,1
1.453573e-12,1.453573e+00,1,11238,0,1,1,1,0,0,0,0,1,0
8.291926e-13,8.291926e-01,0,11239,1,0,1,1,1,0,0,0,0,1
-4.048546e-12,-4.048546e+00,1,11241,0,0,1,0,1,1,1,0,0,0
-3.575734e-12,-3.575734e+00,0,11242,1,0,0,1,0,1,1,1,0,0
-3.757558e-13,-3.757558e-01,1,11243,0,1,0,0,1,0,1,1,1,0
-1.508146e-11,-1.508146e+01,0,11245,1,1,0,1,0,0,1,0,1,1
-5.674203e-12,-5.674203e+00,1,11249,0,0,0,0,1,1,0,1,0,0
-1.685944e-11,-1.685944e+01,0,11250,1,0,0,0,0,1,1,0,1,0
-1.094013e-11,-1.094013e+01,1,11253,0,0,0,1,0,0,0,0,1,1
-4.282435e-12,-4.282435e+00,0,11254,1,0,0,0,1,0,0,0,0,1
-5.555277e-12,-5.555277e+00,1,11257,0,0,0,1,0,0,0,1,0,0
-8.913222e-12,-8.913222e+00,0,11259,1,1,0,0,0,1,0,0,0,1
-3.857897e-12,-3.857897e+00,1,11260,0,1,1,0,0,0,1,0,0,0
3.473934e-11,3.473934e+01,0,11261,1,0,1,1,0,0,0,1,0,0
2.771389e-11,2.771389e+01,1,11265,0,0,0,0,1,0,1,1,0,0
-1.228600e-11,-1.228600e+01,0,11266,1,0,0,0,0,1,0,1,1,0
2.278266e-11,2.278266e+01,1,11267,0,1,0,0,0,0,1,0,1,1
-4.868154e-12,-4.868154e+00,0,11270,1,1,1,0,1,0,0,0,0,1
-5.846590e-12,-5.846590e+00,1,11272,0,0,1,1,1,0,1,0,0,0
3.339537e-13,3.339537e-01,0,11273,1,0,0,1,1,1,0,1,0,0
-1.728688e-12,-1.728688e+00,1,11274,0,1,0,0,1,1,1,0,1,0
-2.572368e-12,-2.572368e+00,0,11276,1,1,0,1,0,0,1,1,1,0
-4.200225e-12,-4.200225e+00,1,11278,0,0,1,1,0,1,0,0,1,1
-4.360491e-12,-4.360491e+00,0,11279,1,0,0,1,1,0,1,0,0,1
-7.444071e-12,-7.444071e+00,1,11280,0,1,0,0,1,1,0,1,0,0
5.263759e-12,5.263759e+00,0,11283,1,1,1,0,1,0,0,1,1,0
2.150803e-12,2.150803e+00,1,11285,0,0,1,1,1,0,1,0,0,1
-3.411043e-12,-3.411043e+00,0,11286,1,0,0,1,1,1,0,1,0,0
-2.478484e-11,-2.478484e+01,1,11287,0,1,0,0,1,1,1,0,1,0
-1.908610e-12,-1.908610e+00,0,11288,1,0,1,0,0,1,1,1,0,1
1.885791e-12,1.885791e+00,1,11289,0,1,0,1,0,0,1,1,1,0
-9.763266e-12,-9.763266e+00,0,11290,1,0,1,0,1,0,0,1,1,1
-4.776058e-12,-4.776058e+00,1,11292,0,0,1,0,1,0,1,0,0,1
-1.733581e-11,-1.733581e+01,0,11294,1,1,0,0,1,0,1,0,1,0
-1.711277e-12,-1.711277e+00,1,11297,0,0,0,1,1,0,0,1,0,1
-3.466869e-12,-3.466869e+00,0,11298,1,0,0,0,1,1,0,0,1,0
2.117069e-11,2.117069e+01,1,11300,0,0,1,0,0,0,1,1,0,0
-8.017996e-12,-8.017996e+00,0,11301,1,0,0,1,0,0,0,1,1,0
-7.187027e-13,-7.187027e-01,1,11304,0,0,0,1,0,0,1,0,0,0
-5.193383e-12,-5.193383e+00,0,11307,1,1,1,0,0,0,1,0,0,1
-2.567563e-12,-2.567563e+00,1,11308,0,1,1,1,0,0,0,1,0,0
3.662362e-12,3.662362e+00,0,11309,1,0,1,1,1,0,0,0,1,0
-4.353289e-11,-4.353289e+01,1,11312,0,0,0,1,0,1,1,1,0,0
3.787680e-11,3.787680e+01,0,11313,1,0,0,0,1,0,1,1,1,0
-2.123094e-12,-2.123094e+00,1,11314,0,1,0,0,0,1,0,1,1,1
-4.163376e-13,-4.163376e-01,0,11317,1,1,1,0,1,0,0,0,1,0
1.061569e-11,1.061569e+01,1,11318,0,1,1,1,0,1,0,0,0,1
-1.301334e-11,-1.301334e+01,0,11319,1,0,1,1,1,0,1,0,0,0
-3.220282e-12,-3.220282e+00,1,11321,0,0,1,0,1,1,1,0,1,0
3.155491e-12,3.155491e+00,0,11323,1,1,0,0,1,0,1,1,1,0
1.948211e-11,1.948211e+01,1,11325,0,0,1,1,0,0,1,0,1,1
-2.051779e-11,-2.051779e+01,0,11326,1,0,0,1,1,0,0,1,0,1
-9.455556e-12,-9.455556e+00,1,11327,0,1,0,0,1,1,0,0,1,0
-1.565034e-12,-1.565034e+00,0,11332,1,1,1,1,1,0,1,0,0,1
-1.022972e-11,-1.022972e+01,1,11335,0,0,0,1,1,1,1,1,0,1
-2.488135e-12,-2.488135e+00,0,11340,1,1,1,1,1,0,0,0,1,1
4.372172e-12,4.372172e+00,1,11341,0,1,1,1,1,1,0,0,0,1
3.154370e-12,3.154370e+00,0,11343,1,1,0,1,1,1,1,1,0,0
2.460849e-12,2.460849e+00,1,11347,0,0,0,0,1,1,0,1,1,1
-2.375662e-12,-2.375662e+00,0,11349,1,1,0,0,0,0,1,1,0,1
-5.805046e-12,-5.805046e+00,1,11350,0,1,1,0,0,0,0,1,1,0
-6.120147e-12,-6.120147e+00,0,11354,1,1,1,1,0,1,1,0,0,0
-5.601467e-13,-5.601467e-01,1,11359,0,0,0,0,0,1,1,1,1,0
-7.536006e-12,-7.536006e+00,0,11363,1,1,1,1,0,0,0,0,0,1
-5.770018e-12,-5.770018e+00,1,11364,0,1,1,1,1,0,0,0,0,0
-5.785430e-12,-5.785430e+00,0,11367,1,1,1,0,1,1,1,1,0,0
-1.481439e-12,-1.481439e+00,1,11368,0,1,1,1,0,1,1,1,1,0
-4.912487e-11,-4.912487e+01,0,11370,1,1,0,1,1,1,0,1,1,1
-3.263104e-12,-3.263104e+00,1,11375,0,0,0,0,0,1,1,0,1,1
2.136876e-11,2.136876e+01,0,11376,1,0,0,0,0,0,1,1,0,1
-5.863940e-12,-5.863940e+00,1,11377,0,1,0,0,0,0,0,1,1,0
4.934231e-13,4.934231e-01,0,11381,1,1,1,1,0,1,0,0,0,0
-6.653781e-12,-6.653781e+00,1,11387,0,0,0,0,0,0,1,1,1,1
2.820902e-12,2.820902e+00,0,11388,1,0,0,0,0,0,0,1,1,1
-3.559480e-12,-3.559480e+00,1,11393,0,0,0,0,0,1,0,0,0,0
-2.896557e-12,-2.896557e+00,0,11395,1,1,0,0,0,0,0,1,0,0
-5.969050e-12,-5.969050e+00,1,11396,0,1,1,0,0,0,0,0,1,0
5.547702e-12,5.547702e+00,0,11398,1,1,0,1,1,0,0,0,0,0
-5.469657e-12,-5.469657e+00,1,11400,0,0,1,1,0,1,1,0,0,0
-5.013977e-12,-5.013977e+00,0,11402,1,1,0,0,1,1,0,1,1,0
-7.026648e-12,-7.026648e+00,1,11403,0,1,1,0,0,1,1,0,1,1
-2.982261e-12,-2.982261e+00,0,11406,1,1,1,0,1,1,0,0,1,1
6.353170e-12,6.353170e+00,1,11408,0,0,1,1,1,0,1,1,0,0
-5.900179e-12,-5.900179e+00,0,11411,1,1,1,0,0,1,1,1,0,1
-3.263291e-12,-3.263291e+00,1,11414,0,0,0,1,1,1,0,0,1,1
-3.613664e-12,-3.613664e+00,0,11415,1,0,0,0,1,1,1,0,0,1
1.603185e-11,1.603185e+01,1,11416,0,1,0,0,0,1,1,1,0,0
-6.029661e-12,-6.029661e+00,0,11419,1,1,1,0,1,0,0,0,1,1
-2.342363e-11,-2.342363e+01,1,11423,0,0,0,0,1,1,1,0,1,0
-3.152808e-11,-3.152808e+01,0,11425,1,1,0,0,0,0,1,1,1,0
2.708071e-12,2.708071e+00,1,11427,0,0,1,1,0,0,0,0,1,1
-3.414514e-11,-3.414514e+01,0,11428,1,0,0,1,1,0,0,0,0,1
-3.553899e-13,-3.553899e-01,1,11429,0,1,0,0,1,1,0,0,0,0
-5.236176e-12,-5.236176e+00,0,11432,1,1,1,0,1,0,0,1,1,0
-4.278488e-12,-4.278488e+00,1,11433,0,1,1,1,0,1,0,0,1,1
-3.088183e-12,-3.088183e+00,0,11436,1,1,1,0,1,1,1,0,1,0
-1.036102e-11,-1.036102e+01,1,11439,0,0,0,1,1,1,0,1,1,1
-3.572814e-12,-3.572814e+00,0,11440,1,0,0,0,1,1,1,0,1,1
7.176933e-12,7.176933e+00,1,11444,0,0,0,0,1,0,0,0,1,1
1.191920e-12,1.191920e+00,0,11445,1,0,0,0,0,1,0,0,0,1
-8.588079e-12,-8.588079e+00,1,11446,0,1,0,0,0,0,1,0,0,0
-3.104413e-11,-3.104413e+01,0,11449,1,1,1,0,1,0,0,0,0,1
3.355296e-13,3.355296e-01,1,11450,0,1,1,1,0,1,0,0,0,0
-1.880551e-12,-1.880551e+00,0,11451,1,0,1,1,1,0,1,0,0,0
1.571472e-12,1.571472e+00,1,11456,0,0,0,0,0,1,0,1,1,1
-7.849703e-12,-7.849703e+00,0,11457,1,0,0,0,0,0,1,0,1,1
-5.694606e-12,-5.694606e+00,1,11461,0,0,0,0,1,0,0,0,0,0
2.080946e-12,2.080946e+00,0,11462,1,0,0,0,0,1,0,0,0,0
-5.331788e-12,-5.331788e+00,1,11468,0,0,0,0,0,0,1,0,0,0
2.584890e-13,2.584890e-01,0,11469,1,0,0,0,0,0,0,1,0,0
7.807109e-12,7.807109e+00,1,11470,0,1,0,0,0,0,0,0,1,0
-2.197916e-12,-2.197916e+00,0,11472,1,1,0,1,0,0,0,0,0,0
-1.089150e-11,-1.089150e+01,1,11474,0,0,1,1,0,1,0,0,0,0
2.558089e-12,2.558089e+00,0,11476,1,1,0,0,1,1,0,1,0,0
7.666151e-12,7.666151e+00,1,11477,0,1,1,0,0,1,1,0,1,0
-2.499393e-11,-2.499393e+01,0,11479,1,1,0,1,1,0,0,1,1,0
3.529826e-11,3.529826e+01,1,11481,0,0,1,1,0,1,1,0,0,1
-4.701633e-12,-4.701633e+00,0,11482,1,0,0,1,1,0,1,1,0,0
6.290209e-13,6.290209e-01,1,11483,0,1,0,0,1,1,0,1,1,0
8.062261e-13,8.062261e-01,0,11484,1,0,1,0,0,1,1,0,1,1
-7.622740e-12,-7.622740e+00,1,11485,0,1,0,1,0,0,1,1,0,1
-8.332593e-12,-8.332593e+00,0,11486,1,0,1,0,1,0,0,1,1,0
-5.815949e-12,-5.815949e+00,1,11487,0,1,0,1,0,1,0,0,1,1
-1.970800e-12,-1.970800e+00,0,11488,1,0,1,0,1,0,1,0,0,1
-1.044183e-11,-1.044183e+01,1,11491,0,0,0,1,0,1,0,1,0,1
-6.151357e-12,-6.151357e+00,0,11501,1,1,1,1,1,1,1,1,1,1
-3.564941e-12,-3.564941e+00,1,11502,0,1,1,1,1,1,1,1,1,1
-4.759395e-12,-4.759395e+00,0,11503,1,0,1,1,1,1,1,1,1,1
-2.806239e-12,-2.806239e+00,1,11504,0,1,0,1,1,1,1,1,1,1
1.319732e-11,1.319732e+01,0,11506,1,1,0,1,0,1,1,1,1,1
-9.901566e-13,-9.901566e-01,1,11507,0,1,1,0,1,0,1,1,1,1
-5.578918e-12,-5.578918e+00,0,11509,1,1,0,1,1,0,1,0,1,1
-2.816932e-12,-2.816932e+00,1,11510,0,1,1,0,1,1,0,1,0,1
-2.013599e-13,-2.013599e-01,0,11512,1,1,0,1,1,0,1,1,0,1
1.109496e-11,1.109496e+01,1,11514,0,0,1,1,0,1,1,0,1,1
-9.401204e-12,-9.401204e+00,0,11515,1,0,0,1,1,0,1,1,0,1
8.373143e-13,8.373143e-01,1,11518,0,0,0,1,0,0,1,1,0,1
5.637686e-12,5.637686e+00,0,11519,1,0,0,0,1,0,0,1,1,0
-8.305785e-12,-8.305785e+00,1,11520,0,1,0,0,0,1,0,0,1,1
-4.022245e-12,-4.022245e+00,0,11521,1,0,1,0,0,0,1,0,0,1
2.235868e-11,2.235868e+01,1,11524,0,0,0,1,0,1,0,0,0,1
-2.967229e-12,-2.967229e+00,0,11528,1,1,1,1,0,0,0,1,0,1
-6.000153e-12,-6.000153e+00,1,11529,0,1,1,1,1,0,0,0,1,0
-4.906889e-12,-4.906889e+00,0,11530,1,0,1,1,1,1,0,0,0,1
-6.150582e-12,-6.150582e+00,1,11532,0,0,1,0,1,1,1,1,0,0
1.921998e-11,1.921998e+01,0,11533,1,0,0,1,0,1,1,1,1,0
-8.907187e-12,-8.907187e+00,1,11534,0,1,0,0,1,0,1,1,1,1
-3.090872e-12,-3.090872e+00,0,11537,1,1,1,0,1,0,0,1,0,1
-5.395259e-12,-5.395259e+00,1,11538,0,1,1,1,0,1,0,0,1,0
-3.365116e-12,-3.365116e+00,0,11543,1,1,1,1,1,0,1,1,1,0
-8.393568e-12,-8.393568e+00,1,11545,0,0,1,1,1,1,1,0,1,1
-4.930223e-12,-4.930223e+00,0,11546,1,0,0,1,1,1,1,1,0,1
-1.852289e-12,-1.852289e+00,1,11547,0,1,0,0,1,1,1,1,1,0
-1.635868e-12,-1.635868e+00,0,11551,1,1,1,1,0,1,0,0,1,1
-2.994899e-12,-2.994899e+00,1,11552,0,1,1,1,1,0,1,0,0,1
-1.563686e-12,-1.563686e+00,0,11554,1,1,0,1,1,1,1,0,1,0
5.803171e-12,5.803171e+00,1,11557,0,0,0,1,1,0,1,1,1,1
-9.703789e-12,-9.703789e+00,0,11558,1,0,0,0,1,1,0,1,1,1
-3.838538e-12,-3.838538e+00,1,11563,0,0,0,0,0,1,0,0,0,1
-3.115142e-12,-3.115142e+00,0,11564,1,0,0,0,0,0,1,0,0,0
-9.709842e-13,-9.709842e-01,1,11565,0,1,0,0,0,0,0,1,0,0
1.180876e-12,1.180876e+00,0,11566,1,0,1,0,0,0,0,0,1,0
2.127302e-11,2.127302e+01,1,11567,0,1,0,1,0,0,0,0,0,1
-2.740872e-12,-2.740872e+00,0,11571,1,1,1,1,0,1,0,1,0,0
-4.071916e-13,-4.071916e-01,1,11572,0,1,1,1,1,0,1,0,1,0
9.322878e-12,9.322878e+00,0,11574,1,1,0,1,1,1,1,0,1,0
-6.078504e-12,-6.078504e+00,1,11576,0,0,1,1,0,1,1,1,1,0
-1.783589e-12,-1.783589e+00,0,11577,1,0,0,1,1,0,1,1,1,1
-4.598904e-12,-4.598904e+00,1,11579,0,0,1,0,0,1,1,0,1,1
8.728184e-12,8.728184e+00,0,11581,1,1,0,0,1,0,0,1,1,0
-3.249723e-12,-3.249723e+00,1,11582,0,1,1,0,0,1,0,0,1,1
-5.485012e-12,-5.485012e+00,0,11583,1,0,1,1,0,0,1,0,0,1
3.267659e-13,3.267659e-01,1,11586,0,0,0,1,0,1,1,0,0,1
1.174933e-11,1.174933e+01,0,11590,1,1,1,1,0,0,0,1,0,1
-1.777937e-11,-1.777937e+01,1,11593,0,0,0,1,1,1,1,0,0,0
-1.814141e-12,-1.814141e+00,0,11594,1,0,0,0,1,1,1,1,0,0
-7.440721e-12,-7.440721e+00,1,11598,0,0,0,0,1,0,0,0,1,1
-5.052903e-12,-5.052903e+00,0,11600,1,1,0,0,0,0,1,0,0,0
2.414089e-12,2.414089e+00,1,11601,0,1,1,0,0,0,0,1,0,0
1.066689e-11,1.066689e+01,0,11602,1,0,1,1,0,0,0,0,1,0
-5.320042e-12,-5.320042e+00,1,11603,0,1,0,1,1,0,0,0,0,1
2.845227e-12,2.845227e+00,0,11607,1,1,1,1,0,1,0,1,1,0
-6.412066e-12,-6.412066e+00,1,11608,0,1,1,1,1,0,1,0,1,1
1.508611e-12,1.508611e+00,0,11611,1,1,1,0,1,1,1,1,0,1
-3.741710e-12,-3.741710e+00,1,11613,0,0,1,1,1,0,1,1,1,1
-4.830933e-12,-4.830933e+00,0,11614,1,0,0,1,1,1,0,1,1,1
1.792594e-11,1.792594e+01,1,11619,0,0,0,0,0,1,0,0,1,1
-9.416792e-12,-9.416792e+00,0,11620,1,0,0,0,0,0,1,0,0,1
-2.685222e-12,-2.685222e+00,1,11621,0,1,0,0,0,0,0,1,0,0
-3.717106e-11,-3.717106e+01,0,11624,1,1,1,0,1,0,0,0,0,0
-5.890161e-12,-5.890161e+00,1,11626,0,0,1,1,1,0,1,0,0,0
-9.847485e-13,-9.847485e-01,0,11628,1,1,0,0,1,1,1,0,1,0
-1.270561e-12,-1.270561e+00,1,11629,0,1,1,0,0,1,1,1,0,1
-4.634478e-12,-4.634478e+00,0,11634,1,1,1,1,1,0,1,1,0,0
-6.111311e-13,-6.111311e-01,1,11635,0,1,1,1,1,1,0,1,1,0
-5.926575e-12,-5.926575e+00,0,11636,1,0,1,1,1,1,1,0,1,1
-4.592647e-11,-4.592647e+01,1,11637,0,1,0,1,1,1,1,1,0,1
1.033636e-11,1.033636e+01,0,11638,1,0,1,0,1,1,1,1,1,0
-4.758325e-12,-4.758325e+00,1,11639,0,1,0,1,0,1,1,1,1,1
-1.293570e-12,-1.293570e+00,0,11640,1,0,1,0,1,0,1,1,1,1
-1.027119e-11,-1.027119e+01,1,11646,0,0,0,0,0,0,1,0,1,0
3.808928e-11,3.808928e+01,0,11647,1,0,0,0,0,0,0,1,0,1
-5.368725e-12,-5.368725e+00,1,11649,0,0,1,0,0,0,0,0,0,1
4.835893e-12,4.835893e+00,0,11650,1,0,0,1,0,0,0,0,0,0
5.253805e-12,5.253805e+00,1,11652,0,0,1,0,0,1,0,0,0,0
-2.571072e-11,-2.571072e+01,0,11654,1,1,0,0,1,0,0,1,0,0
-1.643983e-12,-1.643983e+00,1,11655,0,1,1,0,0,1,0,0,1,0
-7.639028e-12,-7.639028e+00,0,11657,1,1,0,1,1,0,0,1,0,0
2.129286e-12,2.129286e+00,1,11659,0,0,1,1,0,1,1,0,0,1
-8.229499e-12,-8.229499e+00,0,11663,1,1,1,1,0,0,1,1,0,1
-1.037246e-11,-1.037246e+01,1,11666,0,0,0,1,1,1,1,0,0,1
-5.037236e-11,-5.037236e+01,0,11667,1,0,0,0,1,1,1,1,0,0
2.976141e-11,2.976141e+01,1,11668,0,1,0,0,0,1,1,1,1,0
-1.023849e-11,-1.023849e+01,0,11669,1,0,1,0,0,0,1,1,1,1
1.059003e-12,1.059003e+00,1,11670,0,1,0,1,0,0,0,1,1,1
4.924501e-12,4.924501e+00,0,11671,1,0,1,0,1,0,0,0,1,1
-1.057090e-11,-1.057090e+01,1,11672,0,1,0,1,0,1,0,0,0,1
-2.136156e-13,-2.136156e-01,0,11674,1,1,0,1,0,1,0,1,0,0
2.584429e-12,2.584429e+00,1,11678,0,0,0,0,1,1,0,1,0,1
-5.815314e-12,-5.815314e+00,0,11679,1,0,0,0,0,1,1,0,1,0
-5.818280e-12,-5.818280e+00,1,11681,0,0,1,0,0,0,0,1,1,0
-5.871621e-12,-5.871621e+00,0,11682,1,0,0,1,0,0,0,0,1,1
-7.423256e-12,-7.423256e+00,1,11684,0,0,1,0,0,1,0,0,0,0
-1.224893e-11,-1.224893e+01,0,11687,1,1,1,0,0,1,0,0,1,0
-6.388615e-12,-6.388615e+00,1,11688,0,1,1,1,0,0,1,0,0,1
-2.294151e-12,-2.294151e+00,0,11692,1,1,1,1,0,1,1,1,0,0
-1.887912e-12,-1.887912e+00,1,11694,0,0,1,1,1,1,0,1,1,1
-3.278450e-12,-3.278450e+00,0,11697,1,1,1,0,0,1,1,1,1,0
-1.814636e-12,-1.814636e+00,1,11698,0,1,1,1,0,0,1,1,1,1
-6.108198e-12,-6.108198e+00,0,11699,1,0,1,1,1,0,0,1,1,1
-2.040389e-12,-2.040389e+00,1,11704,0,0,0,0,0,1,0,1,1,1
2.354277e-11,2.354277e+01,0,11707,1,1,1,0,0,0,0,0,1,0
-6.666952e-12,-6.666952e+00,1,11708,0,1,1,1,0,0,0,0,0,1
-5.047612e-12,-5.047612e+00,0,11709,1,0,1,1,1,0,0,0,0,0
-1.966799e-12,-1.966799e+00,1,11711,0,0,1,0,1,1,1,0,0,0
-1.692537e-12,-1.692537e+00,0,11713,1,1,0,0,1,0,1,1,1,0
-2.332134e-11,-2.332134e+01,1,11714,0,1,1,0,0,1,0,1,1,1
-8.691775e-12,-8.691775e+00,0,11717,1,1,1,0,1,1,0,0,1,0
-3.154224e-12,-3.154224e+00,1,11718,0,1,1,1,0,1,1,0,0,1
-1.298928e-12,-1.298928e+00,0,11719,1,0,1,1,1,0,1,1,0,0
7.225758e-11,7.225758e+01,1,11721,0,0,1,0,1,1,1,0,1,1
2.231090e-12,2.231090e+00,0,11724,1,1,1,0,0,1,0,1,1,1
-3.397451e-12,-3.397451e+00,1,11726,0,0,1,1,1,0,0,1,0,1
-7.270216e-12,-7.270216e+00,0,11728,1,1,0,0,1,1,1,0,0,1
-8.187610e-12,-8.187610e+00,1,11730,0,0,1,1,0,0,1,1,1,0
-4.818751e-11,-4.818751e+01,0,11731,1,0,0,1,1,0,0,1,1,1
4.041487e-11,4.041487e+01,1,11732,0,1,0,0,1,1,0,0,1,1
4.149780e-13,4.149780e-01,0,11733,1,0,1,0,0,1,1,0,0,1
-6.784735e-12,-6.784735e+00,1,11734,0,1,0,1,0,0,1,1,0,0
-5.166930e-12,-5.166930e+00,0,11737,1,1,1,0,1,0,1,0,0,1
-4.961131e-12,-4.961131e+00,1,11740,0,0,0,1,1,1,0,1,0,1
2.503852e-13,2.503852e-01,0,11747,1,1,1,1,1,1,1,0,0,0
-3.013525e-12,-3.013525e+00,1,11748,0,1,1,1,1,1,1,1,0,0
-6.382126e-13,-6.382126e-01,0,11749,1,0,1,1,1,1,1,1,1,0
-9.605995e-13,-9.605995e-01,1,11750,0,1,0,1,1,1,1,1,1,1
-4.670424e-13,-4.670424e-01,0,11753,1,1,1,0,1,0,1,1,1,1
-2.638469e-12,-2.638469e+00,1,11754,0,1,1,1,0,1,0,1,1,1
-1.476171e-11,-1.476171e+01,0,11756,1,1,0,1,1,1,0,1,0,1
4.514803e-11,4.514803e+01,1,11757,0,1,1,0,1,1,1,0,1,0
-2.609314e-12,-2.609314e+00,0,11763,1,1,1,1,1,1,0,1,1,0
-5.612956e-12,-5.612956e+00,1,11764,0,1,1,1,1,1,1,0,1,1
-2.205316e-13,-2.205316e-01,0,11765,1,0,1,1,1,1,1,1,0,1
-1.038404e-12,-1.038404e+00,1,11768,0,0,0,1,0,1,1,1,1,1
8.288493e-12,8.288493e+00,0,11769,1,0,0,0,1,0,1,1,1,1
-1.383655e-11,-1.383655e+01,1,11770,0,1,0,0,0,1,0,1,1,1
-2.022815e-11,-2.022815e+01,0,11772,1,1,0,1,0,0,0,1,0,1
6.561823e-12,6.561823e+00,1,11773,0,1,1,0,1,0,0,0,1,0
-9.111510e-12,-9.111510e+00,0,11778,1,1,1,1,1,0,1,1,0,1
7.170195e-12,7.170195e+00,1,11779,0,1,1,1,1,1,0,1,1,0
9.380602e-12,9.380602e+00,0,11780,1,0,1,1,1,1,1,0,1,1
1.261516e-13,1.261516e-01,1,11782,0,0,1,0,1,1,1,1,1,0
4.471039e-12,4.471039e+00,0,11786,1,1,1,1,0,0,1,0,1,1
3.049581e-12,3.049581e+00,1,11787,0,1,1,1,1,0,0,1,0,1
-2.871914e-12,-2.871914e+00,0,11789,1,1,0,1,1,1,1,0,0,1
-2.920163e-12,-2.920163e+00,1,11791,0,0,1,1,0,1,1,1,1,0
-1.264965e-12,-1.264965e+00,0,11792,1,0,0,1,1,0,1,1,1,1
-1.037412e-11,-1.037412e+01,1,11793,0,1,0,0,1,1,0,1,1,1
-3.835238e-12,-3.835238e+00,0,11794,1,0,1,0,0,1,1,0,1,1
-3.993789e-12,-3.993789e+00,1,11795,0,1,0,1,0,0,1,1,0,1
-1.359881e-12,-1.359881e+00,0,11797,1,1,0,1,0,1,0,0,1,1
8.098549e-12,8.098549e+00,1,11799,0,0,1,1,0,1,0,1,0,0
7.192575e-12,7.192575e+00,0,11802,1,1,1,0,0,1,1,0,1,0
-1.683837e-12,-1.683837e+00,1,11804,0,0,1,1,1,0,0,1,1,0
-4.997290e-12,-4.997290e+00,0,11805,1,0,0,1,1,1,0,0,1,1
9.349507e-13,9.349507e-01,1,11807,0,0,1,0,0,1,1,1,0,0
1.004072e-13,1.004072e-01,0,11810,1,1,1,0,0,1,0,0,1,1
6.428800e-12,6.428800e+00,1,11814,0,0,0,0,1,1,1,0,0,1
-2.339780e-12,-2.339780e+00,0,11818,1,1,1,1,0,0,0,0,1,1
-5.970070e-12,-5.970070e+00,1,11822,0,0,0,0,1,1,1,1,0,0
3.759168e-11,3.759168e+01,0,11824,1,1,0,0,0,0,1,1,1,1
-2.408219e-12,-2.408219e+00,1,11825,0,1,1,0,0,0,0,1,1,1
-3.445944e-12,-3.445944e+00,0,11826,1,0,1,1,0,0,0,0,1,1
-1.730373e-12,-1.730373e+00,1,11827,0,1,0,1,1,0,0,0,0,1
2.081678e-12,2.081678e+00,0,11829,1,1,0,1,0,1,1,0,0,0
9.792936e-12,9.792936e+00,1,11834,0,0,0,0,0,1,1,0,1,0
-3.952786e-11,-3.952786e+01,0,11840,1,1,1,1,1,1,0,0,0,0
-5.308192e-12,-5.308192e+00,1,11846,0,0,0,0,0,0,1,1,1,1
3.886606e-11,3.886606e+01,0,11848,1,1,0,0,0,0,0,0,1,1
-1.133839e-12,-1.133839e+00,1,11849,0,1,1,0,0,0,0,0,0,1
-5.308209e-12,-5.308209e+00,0,11851,1,1,0,1,1,0,0,0,0,0
7.505155e-12,7.505155e+00,1,11858,0,0,0,0,0,0,0,1,1,0
1.974315e-11,1.974315e+01,0,11862,1,1,1,1,0,0,0,0,0,0
-1.196621e-12,-1.196621e+00,1,11870,0,0,0,0,0,0,0,0,1,1
-7.534017e-12,-7.534017e+00,0,11872,1,1,0,0,0,0,0,0,0,0
-4.259765e-12,-4.259765e+00,1,11873,0,1,1,0,0,0,0,0,0,0
-6.288350e-13,-6.288350e-01,0,11874,1,0,1,1,0,0,0,0,0,0
-3.721673e-12,-3.721673e+00,1,11875,0,1,0,1,1,0,0,0,0,0
-7.114156e-12,-7.114156e+00,0,11877,1,1,0,1,0,1,1,0,0,0
-3.122930e-12,-3.122930e+00,1,11878,0,1,1,0,1,0,1,1,0,0
8.811141e-12,8.811141e+00,0,11880,1,1,0,1,1,0,1,0,1,1
-6.525415e-12,-6.525415e+00,1,11881,0,1,1,0,1,1,0,1,0,1
-5.155709e-12,-5.155709e+00,0,11882,1,0,1,1,0,1,1,0,1,0
-1.368171e-12,-1.368171e+00,1,11883,0,1,0,1,1,0,1,1,0,1
4.548245e-13,4.548245e-01,0,11884,1,0,1,0,1,1,0,1,1,0
-6.830858e-12,-6.830858e+00,1,11886,0,0,1,0,1,0,1,1,0,1
-1.021058e-12,-1.021058e+00,0,11887,1,0,0,1,0,1,0,1,1,0
-7.368994e-12,-7.368994e+00,1,11888,0,1,0,0,1,0,1,0,1,1
-3.837355e-12,-3.837355e+00,0,11889,1,0,1,0,0,1,0,1,0,1
-4.123173e-12,-4.123173e+00,1,11892,0,0,0,1,0,1,0,0,1,0
-5.763239e-12,-5.763239e+00,0,11893,1,0,0,0,1,0,1,0,0,1
-8.192406e-12,-8.192406e+00,1,11895,0,0,1,0,0,0,1,0,1,0
1.636530e-12,1.636530e+00,0,11896,1,0,0,1,0,0,0,1,0,1
-2.338513e-12,-2.338513e+00,1,11897,0,1,0,0,1,0,0,0,1,0
-8.929002e-12,-8.929002e+00,0,11898,1,0,1,0,0,1,0,0,0,1
-6.082996e-12,-6.082996e+00,1,11900,0,0,1,0,1,0,0,1,0,0
-1.511889e-12,-1.511889e+00,0,11901,1,0,0,1,0,1,0,0,1,0
-6.650072e-12,-6.650072e+00,1,11902,0,1,0,0,1,0,1,0,0,1
-6.180823e-12,-6.180823e+00,0,11906,1,1,1,1,0,1,0,0,1,0
1.633967e-12,1.633967e+00,1,11908,0,0,1,1,1,1,0,1,0,0
-7.638647e-12,-7.638647e+00,0,11909,1,0,0,1,1,1,1,0,1,0
-2.062117e-12,-2.062117e+00,1,11912,0,0,0,1,0,0,1,1,1,1
-3.874628e-12,-3.874628e+00,0,11913,1,0,0,0,1,0,0,1,1,1
-8.255091e-12,-8.255091e+00,1,11918,0,0,0,0,0,1,0,0,0,1
-2.312669e-12,-2.312669e+00,0,11922,1,1,1,1,0,0,0,0,0,1
3.734212e-12,3.734212e+00,1,11923,0,1,1,1,1,0,0,0,0,0
7.349534e-12,7.349534e+00,0,11924,1,0,1,1,1,1,0,0,0,0
4.081735e-12,4.081735e+00,1,11930,0,0,0,0,0,0,1,0,1,1
1.191498e-12,1.191498e+00,0,11932,1,1,0,0,0,0,0,0,1,0
-1.468788e-11,-1.468788e+01,1,11933,0,1,1,0,0,0,0,0,0,1
1.913679e-11,1.913679e+01,0,11934,1,0,1,1,0,0,0,0,0,0
3.117436e-11,3.117436e+01,1,11936,0,0,1,0,1,1,0,0,0,0
-2.099458e-12,-2.099458e+00,0,11938,1,1,0,0,1,0,1,1,0,0
8.782361e-12,8.782361e+00,1,11939,0,1,1,0,0,1,0,1,1,0
-1.265726e-12,-1.265726e+00,0,11941,1,1,0,1,1,0,0,1,0,1
-6.478519e-12,-6.478519e+00,1,11944,0,0,0,1,1,0,1,1,0,0
-4.647842e-11,-4.647842e+01,0,11945,1,0,0,0,1,1,0,1,1,0
-2.095682e-12,-2.095682e+00,1,11948,0,0,0,1,0,0,0,1,1,0
-9.924337e-12,-9.924337e+00,0,11952,1,1,1,1,0,0,0,1,0,0
4.938438e-12,4.938438e+00,1,11956,0,0,0,0,1,1,1,1,0,0
1.928345e-14,1.928345e-02,0,11957,1,0,0,0,0,1,1,1,1,0
-9.574351e-12,-9.574351e+00,1,11958,0,1,0,0,0,0,1,1,1,1
5.179491e-11,5.179491e+01,0,11961,1,1,1,0,1,0,0,0,0,1
1.179501e-11,1.179501e+01,1,11962,0,1,1,1,0,1,0,0,0,0
-1.694237e-15,-1.694237e-03,0,11965,1,1,1,0,1,1,1,0,1,0
-1.119084e-11,-1.119084e+01,1,11966,0,1,1,1,0,1,1,1,0,1
-3.316610e-11,-3.316610e+01,0,11971,1,1,1,1,1,0,1,1,1,0
-1.160837e-12,-1.160837e+00,1,11972,0,1,1,1,1,1,0,1,1,1
-4.798108e-12,-4.798108e+00,0,11973,1,0,1,1,1,1,1,0,1,1
7.768795e-12,7.768795e+00,1,11977,0,0,0,0,1,0,1,1,1,1
2.978159e-12,2.978159e+00,0,11978,1,0,0,0,0,1,0,1,1,1
3.826259e-11,3.826259e+01,1,11979,0,1,0,0,0,0,1,0,1,1
3.512423e-11,3.512423e+01,0,11981,1,1,0,1,0,0,0,0,1,0
-4.875662e-12,-4.875662e+00,1,11982,0,1,1,0,1,0,0,0,0,1
-1.938031e-12,-1.938031e+00,0,11983,1,0,1,1,0,1,0,0,0,0
-4.835663e-12,-4.835663e+00,1,11985,0,0,1,0,1,1,0,1,0,0
-4.746268e-12,-4.746268e+00,0,11987,1,1,0,0,1,0,1,1,0,1
-3.965274e-12,-3.965274e+00,1,11988,0,1,1,0,0,1,0,1,1,0
1.247488e-11,1.247488e+01,0,11989,1,0,1,1,0,0,1,0,1,1
3.980031e-12,3.980031e+00,1,11991,0,0,1,0,1,1,0,0,1,0
6.892369e-12,6.892369e+00,0,11996,1,1,1,1,1,0,0,1,0,1
1.964278e-12,1.964278e+00,1,11999,0,0,0,1,1,1,1,1,0,0
-8.164538e-12,-8.164538e+00,0,12000,1,0,0,0,1,1,1,1,1,0
6.633175e-12,6.633175e+00,1,12003,0,0,0,1,0,0,0,1,1,1
-4.729822e-11,-4.729822e+01,0,12005,1,1,0,0,0,1,0,0,0,1
4.653028e-11,4.653028e+01,1,12006,0,1,1,0,0,0,1,0,0,0
1.785764e-12,1.785764e+00,0,12009,1,1,1,0,1,1,0,0,0,1
-1.185817e-11,-1.185817e+01,1,12010,0,1,1,1,0,1,1,0,0,0
-1.079979e-11,-1.079979e+01,0,12011,1,0,1,1,1,0,1,1,0,0
-8.202456e-12,-8.202456e+00,1,12015,0,0,0,0,1,0,1,1,1,0
-3.873466e-12,-3.873466e+00,0,12019,1,1,1,1,0,0,0,0,1,0
-3.100623e-12,-3.100623e+00,1,12020,0,1,1,1,1,0,0,0,0,1
-4.834903e-13,-4.834903e-01,0,12021,1,0,1,1,1,1,0,0,0,0
8.041247e-12,8.041247e+00,1,12023,0,0,1,0,1,1,1,1,0,0
1.607891e-12,1.607891e+00,0,12025,1,1,0,0,1,0,1,1,1,1
2.415360e-11,2.415360e+01,1,12026,0,1,1,0,0,1,0,1,1,1
6.124044e-12,6.124044e+00,0,12027,1,0,1,1,0,0,1,0,1,1
-9.007619e-12,-9.007619e+00,1,12028,0,1,0,1,1,0,0,1,0,1
5.382052e-13,5.382052e-01,0,12030,1,1,0,1,0,1,1,0,0,1
4.532662e-12,4.532662e+00,1,12032,0,0,1,1,0,1,0,1,1,0
5.703785e-12,5.703785e+00,0,12033,1,0,0,1,1,0,1,0,1,1
-3.429611e-11,-3.429611e+01,1,12034,0,1,0,0,1,1,0,1,0,1
-2.904125e-12,-2.904125e+00,0,12035,1,0,1,0,0,1,1,0,1,0
-1.687877e-12,-1.687877e+00,1,12036,0,1,0,1,0,0,1,1,0,1
1.471078e-11,1.471078e+01,0,12037,1,0,1,0,1,0,0,1,1,0
-6.528911e-11,-6.528911e+01,1,12039,0,0,1,0,1,0,1,0,0,1
3.569695e-11,3.569695e+01,0,12040,1,0,0,1,0,1,0,1,0,0
-4.302945e-12,-4.302945e+00,1,12041,0,1,0,0,1,0,1,0,1,0
-8.316292e-12,-8.316292e+00,0,12042,1,0,1,0,0,1,0,1,0,1
4.526356e-12,4.526356e+00,1,12043,0,1,0,1,0,0,1,0,1,0
-1.825710e-11,-1.825710e+01,0,12044,1,0,1,0,1,0,0,1,0,1
3.477359e-11,3.477359e+01,1,12046,0,0,1,0,1,0,1,0,0,1
-5.226303e-12,-5.226303e+00,0,12047,1,0,0,1,0,1,0,1,0,0
-3.617459e-12,-3.617459e+00,1,12049,0,0,1,0,0,1,0,1,0,1
-7.321131e-12,-7.321131e+00,0,12057,1,1,1,1,1,1,1,1,0,0
3.568012e-11,3.568012e+01,1,12059,0,0,1,1,1,1,1,1,1,1
3.339500e-12,3.339500e+00,0,12062,1,1,1,0,0,1,1,1,1,1
-7.295911e-12,-7.295911e+00,1,12063,0,1,1,1,0,0,1,1,1,1
-1.681005e-12,-1.681005e+00,0,12065,1,1,0,1,1,1,0,0,1,1
-4.559343e-12,-4.559343e+00,1,12066,0,1,1,0,1,1,1,0,0,1
4.454704e-12,4.454704e+00,0,12068,1,1,0,1,1,0,1,1,1,0
-2.952824e-12,-2.952824e+00,1,12071,0,0,0,1,1,0,1,1,0,1
-3.351525e-12,-3.351525e+00,0,12073,1,1,0,0,0,1,1,0,1,1
-4.171932e-12,-4.171932e+00,1,12075,0,0,1,1,0,0,0,1,1,0
-5.440652e-12,-5.440652e+00,0,12079,1,1,1,1,0,0,1,1,0,0
4.596002e-11,4.596002e+01,1,12083,0,0,0,0,1,1,1,1,0,0
-4.093784e-12,-4.093784e+00,0,12086,1,1,1,0,0,0,0,1,1,1
-5.461655e-12,-5.461655e+00,1,12091,0,0,0,0,0,1,1,1,0,0
-7.269614e-12,-7.269614e+00,0,12093,1,1,0,0,0,0,0,1,1,1
-5.729772e-12,-5.729772e+00,1,12094,0,1,1,0,0,0,0,0,1,1
-2.053449e-13,-2.053449e-01,0,12095,1,0,1,1,0,0,0,0,0,1
-1.566301e-15,-1.566301e-03,1,12096,0,1,0,1,1,0,0,0,0,0
-6.959737e-12,-6.959737e+00,0,12099,1,1,1,0,1,0,1,1,0,0
-4.666956e-13,-4.666956e-01,1,12100,0,1,1,1,0,1,0,1,1,0
-1.041501e-12,-1.041501e+00,0,12102,1,1,0,1,1,1,0,1,0,1
-2.015768e-12,-2.015768e+00,1,12105,0,0,0,1,1,0,1,1,1,0
1.270207e-13,1.270207e-01,0,12106,1,0,0,0,1,1,0,1,1,1
1.736621e-11,1.736621e+01,1,12108,0,0,1,0,0,0,1,1,0,1
-3.730029e-12,-3.730029e+00,0,12110,1,1,0,0,1,0,0,0,1,1
-7.063030e-12,-7.063030e+00,1,12112,0,0,1,1,0,0,1,0,0,0
-1.318220e-11,-1.318220e+01,0,12115,1,1,1,0,0,1,1,0,0,1
2.130489e-11,2.130489e+01,1,12116,0,1,1,1,0,0,1,1,0,0
5.678986e-14,5.678986e-02,0,12117,1,0,1,1,1,0,0,1,1,0
-8.745151e-12,-8.745151e+00,1,12120,0,0,0,1,0,1,1,1,0,0
1.333545e-11,1.333545e+01,0,12123,1,1,1,0,0,0,1,0,1,1
2.155672e-12,2.155672e+00,1,12127,0,0,0,0,1,1,1,0,0,0
-1.065532e-11,-1.065532e+01,0,12128,1,0,0,0,0,1,1,1,0,0
2.817112e-11,2.817112e+01,1,12132,0,0,0,0,1,0,0,0,0,1
4.277749e-11,4.277749e+01,0,12134,1,1,0,0,0,0,1,0,0,0
-3.653495e-13,-3.653495e-01,1,12139,0,0,0,0,0,1,1,0,0,0
-7.118490e-13,-7.118490e-01,0,12140,1,0,0,0,0,0,1,1,0,0
2.239669e-11,2.239669e+01,1,12141,0,1,0,0,0,0,0,1,1,0
1.968426e-11,1.968426e+01,0,12143,1,1,0,1,0,0,0,0,0,1
-1.489006e-12,-1.489006e+00,1,12146,0,0,0,1,1,0,1,0,0,0
-1.039090e-11,-1.039090e+01,0,12148,1,1,0,0,0,1,1,0,1,0
3.278385e-11,3.278385e+01,1,12149,0,1,1,0,0,0,1,1,0,1
-6.071913e-13,-6.071913e-01,0,12154,1,1,1,1,1,0,1,1,0,0
-2.241398e-11,-2.241398e+01,1,12158,0,0,0,0,1,1,1,1,1,0
-4.081031e-11,-4.081031e+01,0,12162,1,1,1,1,0,0,0,0,1,1
4.070989e-11,4.070989e+01,1,12163,0,1,1,1,1,0,0,0,0,1
-8.859549e-12,-8.859549e+00,0,12165,1,1,0,1,1,1,1,0,0,0
-8.015122e-12,-8.015122e+00,1,12170,0,0,0,0,0,1,1,0,1,1
6.710413e-13,6.710413e-01,0,12172,1,1,0,0,0,0,0,1,1,0
-2.395357e-12,-2.395357e+00,1,12173,0,1,1,0,0,0,0,0,1,1
-5.792340e-12,-5.792340e+00,0,12174,1,0,1,1,0,0,0,0,0,1
-5.283904e-12,-5.283904e+00,1,12177,0,0,0,1,0,1,1,0,0,0
9.651217e-13,9.651217e-01,0,12179,1,1,0,0,0,1,0,1,1,0
-4.275596e-12,-4.275596e+00,1,12180,0,1,1,0,0,0,1,0,1,1
-1.006847e-11,-1.006847e+01,0,12183,1,1,1,0,1,1,0,0,0,1
1.260804e-11,1.260804e+01,1,12185,0,0,1,1,1,0,1,1,0,0
-7.387675e-12,-7.387675e+00,0,12186,1,0,0,1,1,1,0,1,1,0
-2.562601e-12,-2.562601e+00,1,12187,0,1,0,0,1,1,1,0,1,1
-9.485459e-12,-9.485459e+00,0,12190,1,1,1,0,1,0,0,1,1,1
-4.026348e-12,-4.026348e+00,1,12192,0,0,1,1,1,0,1,0,0,1
-1.968367e-12,-1.968367e+00,0,12194,1,1,0,0,1,1,1,0,1,0
2.986993e-13,2.986993e-01,1,12197,0,0,0,1,1,0,0,1,1,1
1.046618e-11,1.046618e+01,0,12198,1,0,0,0,1,1,0,0,1,1
-2.258373e-13,-2.258373e-01,1,12202,0,0,0,0,1,0,0,0,1,1
-7.284928e-12,-7.284928e+00,0,12205,1,1,1,0,0,0,0,1,0,0
-1.524621e-12,-1.524621e+00,1,12209,0,0,0,0,1,1,1,0,0,0
-4.949126e-14,-4.949126e-02,0,12210,1,0,0,0,0,1,1,1,0,0
-1.895996e-12,-1.895996e+00,1,12211,0,1,0,0,0,0,1,1,1,0
-3.815894e-12,-3.815894e+00,0,12213,1,1,0,1,0,0,0,0,1,1
5.552487e-12,5.552487e+00,1,12217,0,0,0,0,1,1,0,1,0,0
4.834186e-11,4.834186e+01,0,12219,1,1,0,0,0,0,1,1,0,1
8.341960e-12,8.341960e+00,1,12220,0,1,1,0,0,0,0,1,1,0
-5.714845e-12,-5.714845e+00,0,12221,1,0,1,1,0,0,0,0,1,1
-9.171010e-12,-9.171010e+00,1,12223,0,0,1,0,1,1,0,0,0,0
-1.369746e-11,-1.369746e+01,0,12226,1,1,1,0,0,1,0,1,1,0
-4.781803e-12,-4.781803e+00,1,12227,0,1,1,1,0,0,1,0,1,1
-2.987560e-12,-2.987560e+00,0,12230,1,1,1,0,1,1,1,0,0,1
5.325947e-12,5.325947e+00,1,12232,0,0,1,1,1,0,1,1,1,0
-6.649578e-12,-6.649578e+00,0,12233,1,0,0,1,1,1,0,1,1,1
-5.292085e-12,-5.292085e+00,1,12234,0,1,0,0,1,1,1,0,1,1
-5.755067e-12,-5.755067e+00,0,12235,1,0,1,0,0,1,1,1,0,1
3.538126e-11,3.538126e+01,1,12236,0,1,0,1,0,0,1,1,1,0
-3.808163e-12,-3.808163e+00,0,12240,1,1,1,1,0,1,0,1,0,0
-4.380806e-11,-4.380806e+01,1,12241,0,1,1,1,1,0,1,0,1,0
3.833799e-11,3.833799e+01,0,12242,1,0,1,1,1,1,0,1,0,1
-1.661908e-12,-1.661908e+00,1,12243,0,1,0,1,1,1,1,0,1,0
-3.843673e-12,-3.843673e+00,0,12244,1,0,1,0,1,1,1,1,0,1
3.776283e-11,3.776283e+01,1,12246,0,0,1,0,1,0,1,1,1,1
-2.237064e-12,-2.237064e+00,0,12247,1,0,0,1,0,1,0,1,1,1
-2.988767e-12,-2.988767e+00,1,12252,0,0,0,0,0,1,0,0,1,0
-5.852344e-12,-5.852344e+00,0,12253,1,0,0,0,0,0,1,0,0,1
1.012446e-11,1.012446e+01,1,12255,0,0,1,0,0,0,0,0,1,0
-6.110073e-12,-6.110073e+00,0,12256,1,0,0,1,0,0,0,0,0,1
-2.188508e-12,-2.188508e+00,1,12257,0,1,0,0,1,0,0,0,0,0
-4.114845e-12,-4.114845e+00,0,12258,1,0,1,0,0,1,0,0,0,0
6.258023e-12,6.258023e+00,1,12264,0,0,0,0,0,0,1,0,1,0
-1.304174e-13,-1.304174e-01,0,12265,1,0,0,0,0,0,0,1,0,1
-4.890123e-12,-4.890123e+00,1,12266,0,1,0,0,0,0,0,0,1,0
-3.326008e-12,-3.326008e+00,0,12267,1,0,1,0,0,0,0,0,0,1
-7.313818e-12,-7.313818e+00,1,12269,0,0,1,0,1,0,0,0,0,0
8.146409e-12,8.146409e+00,0,12270,1,0,0,1,0,1,0,0,0,0
-5.705150e-12,-5.705150e+00,1,12271,0,1,0,0,1,0,1,0,0,0
1.261875e-11,1.261875e+01,0,12273,1,1,0,1,0,0,1,0,1,0
-6.204081e-12,-6.204081e+00,1,12274,0,1,1,0,1,0,0,1,0,1
1.089061e-11,1.089061e+01,0,12280,1,1,1,1,1,1,0,1,1,0
-5.104469e-12,-5.104469e+00,1,12282,0,0,1,1,1,1,1,1,0,1
2.832555e-12,2.832555e+00,0,12283,1,0,0,1,1,1,1,1,1,0
-4.151351e-12,-4.151351e+00,1,12284,0,1,0,0,1,1,1,1,1,1
-1.499158e-12,-1.499158e+00,0,12285,1,0,1,0,0,1,1,1,1,1
-7.449121e-12,-7.449121e+00,1,12292,0,0,0,0,0,0,0,1,0,1
1.954780e-11,1.954780e+01,0,12298,1,1,1,1,1,1,0,0,0,0
8.678804e-12,8.678804e+00,1,12299,0,1,1,1,1,1,1,0,0,0
-8.364315e-13,-8.364315e-01,0,12301,1,1,0,1,1,1,1,1,1,0
2.898612e-12,2.898612e+00,1,12302,0,1,1,0,1,1,1,1,1,1
-6.528997e-12,-6.528997e+00,0,12305,1,1,1,0,1,1,0,1,1,1
-5.272170e-12,-5.272170e+00,1,12306,0,1,1,1,0,1,1,0,1,1
4.021971e-11,4.021971e+01,0,12308,1,1,0,1,1,1,0,1,1,0
2.198157e-13,2.198157e-01,1,12309,0,1,1,0,1,1,1,0,1,1
-7.169872e-14,-7.169872e-02,0,12310,1,0,1,1,0,1,1,1,0,1
-5.689055e-12,-5.689055e+00,1,12313,0,0,0,1,0,1,1,0,1,1
1.202837e-11,1.202837e+01,0,12314,1,0,0,0,1,0,1,1,0,1
-4.157718e-13,-4.157718e-01,1,12315,0,1,0,0,0,1,0,1,1,0
-2.472132e-12,-2.472132e+00,0,12319,1,1,1,1,0,1,0,0,0,1
-9.820302e-12,-9.820302e+00,1,12321,0,0,1,1,1,1,0,1,0,0
-3.070526e-12,-3.070526e+00,0,12322,1,0,0,1,1,1,1,0,1,0
-2.797206e-12,-2.797206e+00,1,12323,0,1,0,0,1,1,1,1,0,1
-8.826391e-12,-8.826391e+00,0,12328,1,1,1,1,1,0,1,0,0,1
-2.328785e-12,-2.328785e+00,1,12329,0,1,1,1,1,1,0,1,0,0
-1.322034e-11,-1.322034e+01,0,12332,1,1,1,0,1,1,1,1,1,0
-3.325617e-12,-3.325617e+00,1,12334,0,0,1,1,1,0,1,1,1,1
-6.972706e-14,-6.972706e-02,0,12335,1,0,0,1,1,1,0,1,1,1
-1.669926e-11,-1.669926e+01,1,12336,0,1,0,0,1,1,1,0,1,1
9.361789e-11,9.361789e+01,0,12338,1,1,0,1,0,0,1,1,1,0
5.361799e-11,5.361799e+01,1,12339,0,1,1,0,1,0,0,1,1,1
1.361809e-11,1.361809e+01,0,12340,1,0,1,1,0,1,0,0,1,1
-5.076524e-12,-5.076524e+00,1,12344,0,0,0,0,1,0,1,1,0,1
-5.829546e-12,-5.829546e+00,0,12349,1,1,1,1,1,0,0,0,0,1
-7.913099e-12,-7.913099e+00,1,12351,0,0,1,1,1,1,1,0,0,0
3.533118e-11,3.533118e+01,0,12352,1,0,0,1,1,1,1,1,0,0
-4.668719e-12,-4.668719e+00,1,12353,0,1,0,0,1,1,1,1,1,0
1.942494e-11,1.942494e+01,0,12355,1,1,0,1,0,0,1,1,1,1
-4.097231e-12,-4.097231e+00,1,12361,0,0,0,0,0,0,1,1,0,1
-4.040002e-12,-4.040002e+00,0,12366,1,1,1,1,1,0,0,0,0,0
-3.560170e-12,-3.560170e+00,1,12373,0,0,0,0,0,0,0,1,1,1
-2.254459e-12,-2.254459e+00,0,12375,1,1,0,0,0,0,0,0,0,1
-6.799399e-12,-6.799399e+00,1,12376,0,1,1,0,0,0,0,0,0,0
-1.130471e-11,-1.130471e+01,0,12379,1,1,1,0,1,1,0,0,0,0
-5.130461e-11,-5.130461e+01,1,12380,0,1,1,1,0,1,1,0,0,0
2.148872e-11,2.148872e+01,0,12382,1,1,0,1,1,1,0,1,1,0
-1.851118e-11,-1.851118e+01,1,12383,0,1,1,0,1,1,1,0,1,1
-2.777282e-12,-2.777282e+00,0,12386,1,1,1,0,1,1,0,1,1,1
-3.534131e-11,-3.534131e+01,1,12388,0,0,1,1,1,0,1,1,0,1
2.591817e-11,2.591817e+01,0,12390,1,1,0,0,1,1,1,0,1,1
4.304634e-11,4.304634e+01,1,12392,0,0,1,1,0,0,1,1,1,0
8.958992e-13,8.958992e-01,0,12396,1,1,1,1,0,0,1,1,0,0
-9.885482e-12,-9.885482e+00,1,12397,0,1,1,1,1,0,0,1,1,0
-5.376224e-12,-5.376224e+00,0,12398,1,0,1,1,1,1,0,0,1,1
1.028796e-12,1.028796e+00,1,12399,0,1,0,1,1,1,1,0,0,1
1.714144e-12,1.714144e+00,0,12400,1,0,1,0,1,1,1,1,0,0
8.197626e-12,8.197626e+00,1,12401,0,1,0,1,0,1,1,1,1,0
-3.129505e-13,-3.129505e-01,0,12402,1,0,1,0,1,0,1,1,1,1
-6.660813e-12,-6.660813e+00,1,12403,0,1,0,1,0,1,0,1,1,1
1.240221e-11,1.240221e+01,0,12404,1,0,1,0,1,0,1,0,1,1
7.237326e-12,7.237326e+00,1,12405,0,1,0,1,0,1,0,1,0,1
5.042332e-12,5.042332e+00,0,12407,1,1,0,1,0,1,0,1,0,1
2.138475e-11,2.138475e+01,1,12409,0,0,1,1,0,1,0,1,0,1
9.215141e-12,9.215141e+00,0,12410,1,0,0,1,1,0,1,0,1,0
2.285731e-12,2.285731e+00,1,12412,0,0,1,0,0,1,1,0,1,0
-2.533527e-11,-2.533527e+01,0,12413,1,0,0,1,0,0,1,1,0,1
-2.123382e-12,-2.123382e+00,1,12415,0,0,1,0,0,1,0,0,1,1
-8.742887e-12,-8.742887e+00,0,12416,1,0,0,1,0,0,1,0,0,1
-6.590950e-12,-6.590950e+00,1,12419,0,0,0,1,0,0,1,0,0,1
2.643697e-11,2.643697e+01,0,12423,1,1,1,1,0,0,0,1,0,0
2.292731e-11,2.292731e+01,1,12425,0,0,1,1,1,1,0,0,0,1
3.359347e-11,3.359347e+01,0,12429,1,1,1,1,0,0,1,1,1,1
-6.406423e-12,-6.406423e+00,1,12430,0,1,1,1,1,0,0,1,1,1
-2.318443e-13,-2.318443e-01,0,12431,1,0,1,1,1,1,0,0,1,1
5.234948e-12,5.234948e+00,1,12432,0,1,0,1,1,1,1,0,0,1
-3.598471e-11,-3.598471e+01,0,12434,1,1,0,1,0,1,1,1,1,0
3.439400e-12,3.439400e+00,1,12437,0,0,0,1,1,0,1,0,1,1
5.131368e-12,5.131368e+00,0,12439,1,1,0,0,0,1,1,0,1,0
-4.846499e-12,-4.846499e+00,1,12440,0,1,1,0,0,0,1,1,0,1
-3.083473e-12,-3.083473e+00,0,12441,1,0,1,1,0,0,0,1,1,0
-1.188531e-12,-1.188531e+00,1,12443,0,0,1,0,1,1,0,0,0,1
-2.031175e-11,-2.031175e+01,0,12444,1,0,0,1,0,1,1,0,0,0
2.099324e-13,2.099324e-01,1,12445,0,1,0,0,1,0,1,1,0,0
-3.978996e-11,-3.978996e+01,0,12446,1,0,1,0,0,1,0,1,1,0
-7.978986e-11,-7.978986e+01,1,12447,0,1,0,1,0,0,1,0,1,1
9.344690e-13,9.344690e-01,0,12450,1,1,1,0,1,0,1,0,0,1
4.114719e-12,4.114719e+00,1,12452,0,0,1,1,1,0,1,0,1,0
-3.588518e-11,-3.588518e+01,0,12453,1,0,0,1,1,1,0,1,0,1
-2.521961e-13,-2.521961e-01,1,12454,0,1,0,0,1,1,1,0,1,0
3.788415e-11,3.788415e+01,0,12455,1,0,1,0,0,1,1,1,0,1
-3.961460e-12,-3.961460e+00,1,12457,0,0,1,0,1,0,0,1,1,1
-2.640394e-12,-2.640394e+00,0,12458,1,0,0,1,0,1,0,0,1,1
-7.443350e-13,-7.443350e-01,1,12462,0,0,0,0,1,0,0,1,0,1
1.715402e-12,1.715402e+00,0,12468,1,1,1,1,1,1,0,0,0,0
2.130187e-11,2.130187e+01,1,12470,0,0,1,1,1,1,1,1,0,0
4.217882e-12,4.217882e+00,0,12472,1,1,0,0,1,1,1,1,1,1
6.382605e-12,6.382605e+00,1,12473,0,1,1,0,0,1,1,1,1,1
-5.747094e-12,-5.747094e+00,0,12474,1,0,1,1,0,0,1,1,1,1
6.822548e-12,6.822548e+00,1,12475,0,1,0,1,1,0,0,1,1,1
-2.547142e-11,-2.547142e+01,0,12477,1,1,0,1,0,1,1,0,0,1
-4.369023e-12,-4.369023e+00,1,12478,0,1,1,0,1,0,1,1,0,0
-9.666344e-12,-9.666344e+00,0,12481,1,1,1,0,1,1,0,1,0,1
-4.989745e-12,-4.989745e+00,1,12484,0,0,0,1,1,1,0,1,1,0
-1.965930e-12,-1.965930e+00,0,12485,1,0,0,0,1,1,1,0,1,1
-1.006985e-11,-1.006985e+01,1,12487,0,0,1,0,0,0,1,1,1,0
1.602693e-11,1.602693e+01,0,12491,1,1,1,1,0,0,1,0,0,0
2.111851e-12,2.111851e+00,1,12492,0,1,1,1,1,0,0,1,0,0
-2.853548e-12,-2.853548e+00,0,12493,1,0,1,1,1,1,0,0,1,0
6.109731e-13,6.109731e-01,1,12494,0,1,0,1,1,1,1,0,0,1
-4.272110e-12,-4.272110e+00,0,12498,1,1,1,1,0,1,0,1,1,1
3.464321e-12,3.464321e+00,1,12503,0,0,0,0,0,1,1,1,1,0
-5.495973e-12,-5.495973e+00,0,12504,1,0,0,0,0,0,1,1,1,1
-3.877351e-11,-3.877351e+01,1,12506,0,0,1,0,0,0,0,0,1,1
8.641374e-13,8.641374e-01,0,12508,1,1,0,0,1,0,0,0,0,0
5.670883e-12,5.670883e+00,1,12509,0,1,1,0,0,1,0,0,0,0
-1.466156e-11,-1.466156e+01,0,12510,1,0,1,1,0,0,1,0,0,0
3.552321e-11,3.552321e+01,1,12511,0,1,0,1,1,0,0,1,0,0
5.258730e-12,5.258730e+00,0,12513,1,1,0,1,0,1,1,0,0,1
-5.702425e-12,-5.702425e+00,1,12514,0,1,1,0,1,0,1,1,0,0
-4.460980e-12,-4.460980e+00,0,12515,1,0,1,1,0,1,0,1,1,0
2.034233e-12,2.034233e+00,1,12518,0,0,0,1,0,1,1,0,1,0
4.618722e-11,4.618722e+01,0,12524,1,1,1,1,1,1,0,0,0,1
2.289336e-12,2.289336e+00,1,12526,0,0,1,1,1,1,1,1,0,0
-1.165953e-11,-1.165953e+01,0,12527,1,0,0,1,1,1,1,1,1,0
8.501808e-12,8.501808e+00,1,12528,0,1,0,0,1,1,1,1,1,1
7.739822e-12,7.739822e+00,0,12531,1,1,1,0,1,0,0,1,1,1
-6.740387e-12,-6.740387e+00,1,12532,0,1,1,1,0,1,0,0,1,1
8.591132e-12,8.591132e+00,0,12534,1,1,0,1,1,1,0,1,0,0
2.133329e-12,2.133329e+00,1,12535,0,1,1,0,1,1,1,0,1,0
1.730162e-12,1.730162e+00,0,12536,1,0,1,1,0,1,1,1,0,1
1.836742e-12,1.836742e+00,1,12537,0,1,0,1,1,0,1,1,1,0
8.210352e-13,8.210352e-01,0,12538,1,0,1,0,1,1,0,1,1,1
-2.465508e-12,-2.465508e+00,1,12540,0,0,1,0,1,0,1,1,0,1
2.074402e-13,2.074402e-01,0,12542,1,1,0,0,1,0,1,0,1,1
1.851884e-11,1.851884e+01,1,12544,0,0,1,1,0,0,1,0,1,0
-2.788507e-12,-2.788507e+00,0,12551,1,1,1,1,1,1,1,0,0,1
5.687445e-12,5.687445e+00,1,12554,0,0,0,1,1,1,1,1,1,1
3.444428e-11,3.444428e+01,0,12557,1,1,1,0,0,0,1,1,1,1
-5.555619e-12,-5.555619e+00,1,12558,0,1,1,1,0,0,0,1,1,1
-1.047528e-11,-1.047528e+01,0,12560,1,1,0,1,1,1,0,0,0,1
-2.934763e-12,-2.934763e+00,1,12561,0,1,1,0,1,1,1,0,0,0
2.532909e-12,2.532909e+00,0,12564,1,1,1,0,1,1,0,1,1,1
2.485884e-12,2.485884e+00,1,12565,0,1,1,1,0,1,1,0,1,1
-4.544784e-12,-4.544784e+00,0,12566,1,0,1,1,1,0,1,1,0,1
1.886062e-12,1.886062e+00,1,12567,0,1,0,1,1,1,0,1,1,0
6.550847e-12,6.550847e+00,0,12571,1,1,1,1,0,1,0,1,1,1
-3.280041e-11,-3.280041e+01,1,12573,0,0,1,1,1,1,0,1,0,1
3.141726e-11,3.141726e+01,0,12575,1,1,0,0,1,1,1,1,0,1
2.687056e-11,2.687056e+01,1,12577,0,0,1,1,0,0,1,1,1,1
-4.567820e-12,-4.567820e+00,0,12578,1,0,0,1,1,0,0,1,1,1
-4.115363e-12,-4.115363e+00,1,12583,0,0,0,0,0,1,0,0,1,1
-4.002371e-13,-4.002371e-01,0,12586,1,1,1,0,0,0,0,0,1,0
-6.508428e-13,-6.508428e-01,1,12589,0,0,0,1,1,1,0,0,0,0
2.625419e-11,2.625419e+01,0,12590,1,0,0,0,1,1,1,0,0,0
-9.850816e-12,-9.850816e+00,1,12591,0,1,0,0,0,1,1,1,0,0
1.213474e-11,1.213474e+01,0,12593,1,1,0,1,0,0,0,1,1,1
9.595769e-12,9.595769e+00,1,12594,0,1,1,0,1,0,0,0,1,1
-1.078285e-11,-1.078285e+01,0,12595,1,0,1,1,0,1,0,0,0,1
3.770492e-12,3.770492e+00,1,12596,0,1,0,1,1,0,1,0,0,0
1.258449e-12,1.258449e+00,0,12599,1,1,1,0,1,0,1,1,0,1
-2.376957e-12,-2.376957e+00,1,12600,0,1,1,1,0,1,0,1,1,0
-4.822497e-12,-4.822497e+00,0,12601,1,0,1,1,1,0,1,0,1,1
3.594479e-12,3.594479e+00,1,12603,0,0,1,0,1,1,1,0,1,0
-2.259117e-12,-2.259117e+00,0,12609,1,1,1,1,1,1,0,0,1,0
1.467696e-11,1.467696e+01,1,12610,0,1,1,1,1,1,1,0,0,1
2.027405e-12,2.027405e+00,0,12611,1,0,1,1,1,1,1,1,0,0
-3.722014e-12,-3.722014e+00,1,12613,0,0,1,0,1,1,1,1,1,1
1.160461e-12,1.160461e+00,0,12616,1,1,1,0,0,1,0,1,1,1
-3.883944e-11,-3.883944e+01,1,12617,0,1,1,1,0,0,1,0,1,1
-1.584009e-11,-1.584009e+01,0,12619,1,1,0,1,1,1,0,0,1,0
1.172129e-11,1.172129e+01,1,12620,0,1,1,0,1,1,1,0,0,1
-1.085932e-11,-1.085932e+01,0,12621,1,0,1,1,0,1,1,1,0,0
2.050623e-12,2.050623e+00,1,12623,0,0,1,0,1,1,0,1,1,1
6.816274e-12,6.816274e+00,0,12626,1,1,1,0,0,1,0,1,1,0
1.300959e-11,1.300959e+01,1,12627,0,1,1,1,0,0,1,0,1,1
-3.441214e-12,-3.441214e+00,0,12628,1,0,1,1,1,0,0,1,0,1
-3.977537e-12,-3.977537e+00,1,12631,0,0,0,1,0,1,1,1,0,0
9.576892e-14,9.576892e-02,0,12632,1,0,0,0,1,0,1,1,1,0
-3.592799e-12,-3.592799e+00,1,12635,0,0,0,1,0,0,0,1,0,1
-4.391838e-11,-4.391838e+01,0,12637,1,1,0,0,0,1,0,0,0,1
7.745049e-11,7.745049e+01,1,12639,0,0,1,1,0,0,0,1,0,0
3.745059e-11,3.745059e+01,0,12640,1,0,0,1,1,0,0,0,1,0
-2.549304e-12,-2.549304e+00,1,12641,0,1,0,0,1,1,0,0,0,1
-4.165708e-11,-4.165708e+01,0,12645,1,1,1,1,0,1,0,0,1,1
4.679629e-12,4.679629e+00,1,12646,0,1,1,1,1,0,1,0,0,1
-6.638211e-12,-6.638211e+00,0,12647,1,0,1,1,1,1,0,1,0,0
2.237402e-12,2.237402e+00,1,12648,0,1,0,1,1,1,1,0,1,0
2.382285e-11,2.382285e+01,0,12649,1,0,1,0,1,1,1,1,0,1
-3.150317e-12,-3.150317e+00,1,12650,0,1,0,1,0,1,1,1,1,0
-4.351318e-12,-4.351318e+00,0,12651,1,0,1,0,1,0,1,1,1,1
9.216262e-13,9.216262e-01,1,12653,0,0,1,0,1,0,1,0,1,1
8.556794e-14,8.556794e-02,0,12655,1,1,0,0,1,0,1,0,1,0
1.102498e-12,1.102498e+00,1,12656,0,1,1,0,0,1,0,1,0,1
-1.676754e-12,-1.676754e+00,0,12657,1,0,1,1,0,0,1,0,1,0
1.725640e-12,1.725640e+00,1,12659,0,0,1,0,1,1,0,0,1,0
-1.843111e-12,-1.843111e+00,0,12660,1,0,0,1,0,1,1,0,0,1
5.327042e-12,5.327042e+00,1,12662,0,0,1,0,0,1,0,1,1,0
1.033007e-11,1.033007e+01,0,12663,1,0,0,1,0,0,1,0,1,1
-2.966983e-11,-2.966983e+01,1,12664,0,1,0,0,1,0,0,1,0,1
2.677807e-11,2.677807e+01,0,12665,1,0,1,0,0,1,0,0,1,0
-7.775952e-12,-7.775952e+00,1,12666,0,1,0,1,0,0,1,0,0,1
-4.184577e-12,-4.184577e+00,0,12667,1,0,1,0,1,0,0,1,0,0
-1.866965e-12,-1.866965e+00,1,12669,0,0,1,0,1,0,1,0,0,1
9.767682e-12,9.767682e+00,0,12673,1,1,1,1,0,0,1,0,1,0
6.947579e-12,6.947579e+00,1,12675,0,0,1,1,1,1,0,0,1,0
-9.323729e-12,-9.323729e+00,0,12676,1,0,0,1,1,1,1,0,0,1
3.517530e-11,3.517530e+01,1,12678,0,0,1,0,0,1,1,1,1,0
-4.824594e-12,-4.824594e+00,0,12679,1,0,0,1,0,0,1,1,1,1
6.188190e-12,6.188190e+00,1,12680,0,1,0,0,1,0,0,1,1,1
-1.346691e-11,-1.346691e+01,0,12681,1,0,1,0,0,1,0,0,1,1
2.692554e-12,2.692554e+00,1,12682,0,1,0,1,0,0,1,0,0,1
-9.398085e-13,-9.398085e-01,0,12684,1,1,0,1,0,1,0,0,1,0
-1.699110e-12,-1.699110e+00,1,12687,0,0,0,1,1,0,1,0,1,0
2.839113e-12,2.839113e+00,0,12688,1,0,0,0,1,1,0,1,0,1
4.790627e-12,4.790627e+00,1,12689,0,1,0,0,0,1,1,0,1,0
-2.682205e-12,-2.682205e+00,0,12690,1,0,1,0,0,0,1,1,0,1
1.697931e-12,1.697931e+00,1,12692,0,0,1,0,1,0,0,0,1,1
-1.528555e-12,-1.528555e+00,0,12693,1,0,0,1,0,1,0,0,0,1
1.455817e-12,1.455817e+00,1,12696,0,0,0,1,0,0,1,0,1,0
9.300576e-12,9.300576e+00,0,12698,1,1,0,0,0,1,0,0,1,0
7.877463e-13,7.877463e-01,1,12700,0,0,1,1,0,0,0,1,0,0
-2.140194e-12,-2.140194e+00,0,12701,1,0,0,1,1,0,0,0,1,0
1.390668e-12,1.390668e+00,1,12704,0,0,0,1,0,0,1,1,0,0
5.168362e-12,5.168362e+00,0,12705,1,0,0,0,1,0,0,1,1,0
5.555427e-13,5.555427e-01,1,12706,0,1,0,0,0,1,0,0,1,1
-7.367853e-12,-7.367853e+00,0,12709,1,1,1,0,1,0,0,0,1,0
5.468515e-13,5.468515e-01,1,12712,0,0,0,1,1,1,0,1,0,0
-1.572027e-13,-1.572027e-01,0,12713,1,0,0,0,1,1,1,0,1,0
5.367138e-12,5.367138e+00,1,12714,0,1,0,0,0,1,1,1,0,1
-3.405624e-12,-3.405624e+00,0,12719,1,1,1,1,1,0,1,0,0,0
2.315229e-12,2.315229e+00,1,12720,0,1,1,1,1,1,0,1,0,0
-3.768467e-11,-3.768467e+01,0,12721,1,0,1,1,1,1,1,0,1,0
1.320050e-11,1.320050e+01,1,12722,0,1,0,1,1,1,1,1,0,1
4.383642e-12,4.383642e+00,0,12727,1,1,1,1,1,0,1,0,1,1
2.265909e-12,2.265909e+00,1,12728,0,1,1,1,1,1,0,1,0,1
-9.320019e-13,-9.320019e-01,0,12730,1,1,0,1,1,1,1,1,0,1
-1.915150e-12,-1.915150e+00,1,12732,0,0,1,1,0,1,1,1,1,1
2.776123e-12,2.776123e+00,0,12733,1,0,0,1,1,0,1,1,1,1
6.077669e-12,6.077669e+00,1,12739,0,0,0,0,0,0,1,0,0,1
-1.863254e-12,-1.863254e+00,0,12740,1,0,0,0,0,0,0,1,0,0
-3.728326e-12,-3.728326e+00,1,12741,0,1,0,0,0,0,0,0,1,0
-4.296250e-12,-4.296250e+00,0,12742,1,0,1,0,0,0,0,0,0,1
-4.065420e-12,-4.065420e+00,1,12743,0,1,0,1,0,0,0,0,0,0
-4.599141e-12,-4.599141e+00,0,12744,1,0,1,0,1,0,0,0,0,0
7.087319e-12,7.087319e+00,1,12751,0,0,0,0,0,0,0,1,0,1
1.260705e-11,1.260705e+01,0,12752,1,0,0,0,0,0,0,0,1,0
2.310939e-12,2.310939e+00,1,12754,0,0,1,0,0,0,0,0,0,0
7.351418e-13,7.351418e-01,0,12755,1,0,0,1,0,0,0,0,0,0
-1.254675e-12,-1.254675e+00,1,12763,0,0,0,0,0,0,0,0,1,0
-6.510201e-14,-6.510201e-02,0,12764,1,0,0,0,0,0,0,0,0,1
-4.950600e-12,-4.950600e+00,1,12765,0,1,0,0,0,0,0,0,0,0
-4.495050e-11,-4.495050e+01,0,12766,1,0,1,0,0,0,0,0,0,0
4.017195e-11,4.017195e+01,1,12775,0,0,0,0,0,0,0,0,0,1
1.720519e-13,1.720519e-01,0,12776,1,0,0,0,0,0,0,0,0,0
-5.051506e-12,-5.051506e+00,1,12778,0,0,1,0,0,0,0,0,0,0
1.004704e-12,1.004704e+00,0,12780,1,1,0,0,1,0,0,0,0,0
-5.009593e-12,-5.009593e+00,1,12781,0,1,1,0,0,1,0,0,0,0
3.815307e-12,3.815307e+00,0,12783,1,1,0,1,1,0,0,1,0,0
-2.243525e-13,-2.243525e-01,1,12784,0,1,1,0,1,1,0,0,1,0
3.814579e-12,3.814579e+00,0,12786,1,1,0,1,1,0,1,1,0,0
2.650313e-12,2.650313e+00,1,12788,0,0,1,1,0,1,1,0,1,1
-4.037939e-12,-4.037939e+00,0,12791,1,1,1,0,0,1,1,0,1,1
-8.943870e-13,-8.943870e-01,1,12793,0,0,1,1,1,0,0,1,1,0
-2.298117e-12,-2.298117e+00,0,12797,1,1,1,1,0,0,1,1,1,0
-5.259003e-12,-5.259003e+00,1,12800,0,0,0,1,1,1,1,0,0,1
-6.842643e-12,-6.842643e+00,0,12802,1,1,0,0,0,1,1,1,1,0
3.124629e-12,3.124629e+00,1,12805,0,0,0,1,1,0,0,0,1,1
-3.934702e-11,-3.934702e+01,0,12807,1,1,0,0,0,1,1,0,0,0
1.871971e-12,1.871971e+00,1,12808,0,1,1,0,0,0,1,1,0,0
-2.777119e-12,-2.777119e+00,0,12809,1,0,1,1,0,0,0,1,1,0
2.150659e-12,2.150659e+00,1,12810,0,1,0,1,1,0,0,0,1,1
-2.724880e-11,-2.724880e+01,0,12813,1,1,1,0,1,0,1,1,0,0
1.447195e-11,1.447195e+01,1,12817,0,0,0,0,1,1,1,0,1,0
-1.262626e-11,-1.262626e+01,0,12823,1,1,1,1,1,1,0,0,0,0
4.223743e-11,4.223743e+01,1,12824,0,1,1,1,1,1,1,0,0,0
2.237530e-12,2.237530e+00,0,12825,1,0,1,1,1,1,1,1,0,0
4.009407e-12,4.009407e+00,1,12826,0,1,0,1,1,1,1,1,1,0
-1.478366e-12,-1.478366e+00,0,12828,1,1,0,1,0,1,1,1,1,1
-4.963915e-12,-4.963915e+00,1,12835,0,0,0,0,0,0,0,1,1,0
5.511889e-12,5.511889e+00,0,12836,1,0,0,0,0,0,0,0,1,1
-5.259959e-13,-5.259959e-01,1,12838,0,0,1,0,0,0,0,0,0,0
6.333523e-13,6.333523e-01,0,12841,1,1,1,0,0,1,0,0,0,0
-1.705042e-11,-1.705042e+01,1,12842,0,1,1,1,0,0,1,0,0,0
-5.292652e-12,-5.292652e+00,0,12844,1,1,0,1,1,1,0,0,1,0
-1.586288e-12,-1.586288e+00,1,12845,0,1,1,0,1,1,1,0,0,1
1.952180e-13,1.952180e-01,0,12849,1,1,1,1,0,1,1,0,1,1
-2.449604e-12,-2.449604e+00,1,12853,0,0,0,0,1,1,1,1,0,1
4.356369e-12,4.356369e+00,0,12854,1,0,0,0,0,1,1,1,1,0
-3.564353e-11,-3.564353e+01,1,12855,0,1,0,0,0,0,1,1,1,1
9.461347e-12,9.461347e+00,0,12856,1,0,1,0,0,0,0,1,1,1
-4.391595e-12,-4.391595e+00,1,12861,0,0,0,0,0,1,0,1,0,0
8.117040e-11,8.117040e+01,0,12863,1,1,0,0,0,0,0,1,0,1
4.117050e-11,4.117050e+01,1,12864,0,1,1,0,0,0,0,0,1,0
1.170607e-12,1.170607e+00,0,12865,1,0,1,1,0,0,0,0,0,1
5.184447e-12,5.184447e+00,1,12867,0,0,1,0,1,1,0,0,0,0
1.632002e-12,1.632002e+00,0,12868,1,0,0,1,0,1,1,0,0,0
-3.137663e-12,-3.137663e+00,1,12869,0,1,0,0,1,0,1,1,0,0
-3.243920e-11,-3.243920e+01,0,12871,1,1,0,1,0,0,1,0,1,1
2.986672e-12,2.986672e+00,1,12872,0,1,1,0,1,0,0,1,0,1
-8.731098e-13,-8.731098e-01,0,12873,1,0,1,1,0,1,0,0,1,0
3.323052e-11,3.323052e+01,1,12874,0,1,0,1,1,0,1,0,0,1
2.199674e-13,2.199674e-01,0,12875,1,0,1,0,1,1,0,1,0,0
-1.000304e-13,-1.000304e-01,1,12877,0,0,1,0,1,0,1,1,0,1
2.865692e-12,2.865692e+00,0,12882,1,1,1,1,1,0,0,1,0,1
-9.604399e-13,-9.604399e-01,1,12884,0,0,1,1,1,1,1,0,0,1
2.764135e-12,2.764135e+00,0,12885,1,0,0,1,1,1,1,1,0,0
2.719564e-12,2.719564e+00,1,12887,0,0,1,0,0,1,1,1,1,1
1.448080e-12,1.448080e+00,0,12890,1,1,1,0,0,1,0,0,1,1
-5.667132e-13,-5.667132e-01,1,12891,0,1,1,1,0,0,1,0,0,1
-2.070864e-12,-2.070864e+00,0,12893,1,1,0,1,1,1,0,0,1,0
-1.883217e-13,-1.883217e-01,1,12896,0,0,0,1,1,0,1,1,1,0
2.641993e-12,2.641993e+00,0,12897,1,0,0,0,1,1,0,1,1,1
-9.724011e-14,-9.724011e-02,1,12898,0,1,0,0,0,1,1,0,1,1
4.168980e-12,4.168980e+00,0,12899,1,0,1,0,0,0,1,1,0,1
2.031882e-11,2.031882e+01,1,12900,0,1,0,1,0,0,0,1,1,0
4.446346e-11,4.446346e+01,0,12904,1,1,1,1,0,1,0,1,0,0
3.219480e-12,3.219480e+00,1,12908,0,0,0,0,1,1,1,1,0,1
-2.328778e-11,-2.328778e+01,0,12909,1,0,0,0,0,1,1,1,1,0
5.539249e-11,5.539249e+01,1,12911,0,0,1,0,0,0,0,1,1,1
1.539260e-11,1.539260e+01,0,12912,1,0,0,1,0,0,0,0,1,1
-2.460730e-11,-2.460730e+01,1,12913,0,1,0,0,1,0,0,0,0,1
6.074942e-12,6.074942e+00,0,12915,1,1,0,1,0,0,1,0,0,0
-1.322175e-12,-1.322175e+00,1,12920,0,0,0,0,0,1,1,0,1,0
1.624888e-12,1.624888e+00,0,12921,1,0,0,0,0,0,1,1,0,1
-6.592733e-12,-6.592733e+00,1,12922,0,1,0,0,0,0,0,1,1,0
2.616279e-11,2.616279e+01,0,12923,1,0,1,0,0,0,0,0,1,1
4.776954e-13,4.776954e-01,1,12925,0,0,1,0,1,0,0,0,0,0
-4.756710e-12,-4.756710e+00,0,12928,1,1,1,0,0,1,0,1,0,0
2.294605e-12,2.294605e+00,1,12929,0,1,1,1,0,0,1,0,1,0
2.911683e-12,2.911683e+00,0,12931,1,1,0,1,1,1,0,0,1,0
-1.652903e-13,-1.652903e-01,1,12933,0,0,1,1,0,1,1,1,0,0
-3.423911e-12,-3.423911e+00,0,12934,1,0,0,1,1,0,1,1,1,0
1.444469e-13,1.444469e-01,1,12937,0,0,0,1,0,0,1,1,0,1
1.594258e-12,1.594258e+00,0,12939,1,1,0,0,0,1,0,0,1,1
-5.878402e-12,-5.878402e+00,1,12941,0,0,1,1,0,0,0,1,0,0
6.119799e-13,6.119799e-01,0,12944,1,1,1,0,0,1,1,0,0,0
-2.406318e-12,-2.406318e+00,1,12946,0,0,1,1,1,0,0,1,1,0
7.576807e-11,7.576807e+01,0,12948,1,1,0,0,1,1,1,0,0,1
6.295291e-14,6.295291e-02,1,12951,0,0,0,1,1,0,0,1,1,1
-1.920191e-12,-1.920191e+00,0,12954,1,1,1,0,0,0,1,1,0,0
-5.651430e-12,-5.651430e+00,1,12955,0,1,1,1,0,0,0,1,1,0
-3.634416e-12,-3.634416e+00,0,12956,1,0,1,1,1,0,0,0,1,1
-2.614181e-12,-2.614181e+00,1,12957,0,1,0,1,1,1,0,0,0,1
-4.216332e-12,-4.216332e+00,0,12958,1,0,1,0,1,1,1,0,0,0
2.441648e-12,2.441648e+00,1,12959,0,1,0,1,0,1,1,1,0,0
5.671937e-12,5.671937e+00,0,12960,1,0,1,0,1,0,1,1,1,0
4.739535e-12,4.739535e+00,1,12961,0,1,0,1,0,1,0,1,1,1
6.120575e-12,6.120575e+00,0,12964,1,1,1,0,1,0,1,0,1,0
-2.275837e-12,-2.275837e+00,1,12965,0,1,1,1,0,1,0,1,0,1
2.372369e-12,2.372369e+00,0,12966,1,0,1,1,1,0,1,0,1,0
-2.443556e-12,-2.443556e+00,1,12968,0,0,1,0,1,1,1,0,1,0
-3.323222e-12,-3.323222e+00,0,12969,1,0,0,1,0,1,1,1,0,1
-2.949281e-12,-2.949281e+00,1,12971,0,0,1,0,0,1,0,1,1,1
2.883342e-11,2.883342e+01,0,12972,1,0,0,1,0,0,1,0,1,1
1.783897e-12,1.783897e+00,1,12976,0,0,0,0,1,0,0,1,0,0
-3.100666e-12,-3.100666e+00,0,12977,1,0,0,0,0,1,0,0,1,0
-2.106312e-14,-2.106312e-02,1,12980,0,0,0,1,0,0,0,0,1,0
-3.419317e-12,-3.419317e+00,0,12981,1,0,0,0,1,0,0,0,0,1
-1.645989e-12,-1.645989e+00,1,12982,0,1,0,0,0,1,0,0,0,0
4.087803e-11,4.087803e+01,0,12983,1,0,1,0,0,0,1,0,0,0
-5.493756e-12,-5.493756e+00,1,12988,0,0,0,0,0,1,0,1,0,0
-3.075218e-12,-3.075218e+00,0,12989,1,0,0,0,0,0,1,0,1,0
-3.280065e-12,-3.280065e+00,1,12990,0,1,0,0,0,0,0,1,0,1
7.123111e-12,7.123111e+00,0,12996,1,1,1,1,1,1,0,1,0,0
2.645745e-12,2.645745e+00,1,12997,0,1,1,1,1,1,1,0,1,0
1.957066e-11,1.957066e+01,0,12999,1,1,0,1,1,1,1,1,1,0
1.229072e-12,1.229072e+00,1,13001,0,0,1,1,0,1,1,1,1,1
-3.468820e-12,-3.468820e+00,0,13002,1,0,0,1,1,0,1,1,1,1
7.033199e-12,7.033199e+00,1,13003,0,1,0,0,1,1,0,1,1,1
2.678336e-11,2.678336e+01,0,13005,1,1,0,1,0,0,1,1,0,1
-8.125016e-12,-8.125016e+00,1,13006,0,1,1,0,1,0,0,1,1,0
-1.513676e-11,-1.513676e+01,0,13010,1,1,1,1,0,1,1,0,1,0
6.793636e-13,6.793636e-01,1,13013,0,0,0,1,1,1,1,0,1,1
6.191106e-13,6.191106e-01,0,13014,1,0,0,0,1,1,1,1,0,1
-2.753663e-12,-2.753663e+00,1,13017,0,0,0,1,0,0,0,1,1,1
-1.476125e-12,-1.476125e+00,0,13018,1,0,0,0,1,0,0,0,1,1
3.315994e-12,3.315994e+00,1,13019,0,1,0,0,0,1,0,0,0,1
2.821711e-12,2.821711e+00,0,13021,1,1,0,1,0,0,0,1,0,0
-1.008621e-12,-1.008621e+00,1,13025,0,0,0,0,1,1,0,1,0,0
7.887776e-13,7.887776e-01,0,13026,1,0,0,0,0,1,1,0,1,0
8.556072e-12,8.556072e+00,1,13027,0,1,0,0,0,0,1,1,0,1
4.969609e-12,4.969609e+00,0,13032,1,1,1,1,1,0,1,0,0,0
2.980788e-12,2.980788e+00,1,13037,0,0,0,0,0,1,1,1,1,1
5.227672e-12,5.227672e+00,0,13038,1,0,0,0,0,0,1,1,1,1
1.212039e-11,1.212039e+01,1,13044,0,0,0,0,0,0,1,0,0,0
-3.458319e-13,-3.458319e-01,0,13046,1,1,0,0,0,0,0,0,1,0
1.194577e-12,1.194577e+00,1,13047,0,1,1,0,0,0,0,0,0,1
-4.812617e-12,-4.812617e+00,0,13051,1,1,1,1,0,1,1,0,0,0
1.437744e-12,1.437744e+00,1,13052,0,1,1,1,1,0,1,1,0,0
-5.789137e-11,-5.789137e+01,0,13054,1,1,0,1,1,1,1,0,1,1
4.324727e-11,4.324727e+01,1,13055,0,1,1,0,1,1,1,1,0,1
3.247373e-12,3.247373e+00,0,13056,1,0,1,1,0,1,1,1,1,0
2.808205e-11,2.808205e+01,1,13057,0,1,0,1,1,0,1,1,1,1
-5.962517e-13,-5.962517e-01,0,13058,1,0,1,0,1,1,0,1,1,1
1.334931e-12,1.334931e+00,1,13063,0,0,0,0,0,1,0,1,0,1
4.516795e-12,4.516795e+00,0,13064,1,0,0,0,0,0,1,0,1,0
-2.084368e-12,-2.084368e+00,1,13065,0,1,0,0,0,0,0,1,0,1
7.460177e-12,7.460177e+00,0,13066,1,0,1,0,0,0,0,0,1,0
-7.055647e-13,-7.055647e-01,1,13068,0,0,1,0,1,0,0,0,0,0
-5.045421e-12,-5.045421e+00,0,13069,1,0,0,1,0,1,0,0,0,0
1.139713e-12,1.139713e+00,1,13075,0,0,0,0,0,0,1,0,0,1
-3.494633e-12,-3.494633e+00,0,13076,1,0,0,0,0,0,0,1,0,0
5.188924e-13,5.188924e-01,1,13078,0,0,1,0,0,0,0,0,0,1
4.397098e-11,4.397098e+01,0,13082,1,1,1,1,0,0,1,0,0,0
3.971083e-12,3.971083e+00,1,13083,0,1,1,1,1,0,0,1,0,0
4.149017e-11,4.149017e+01,0,13085,1,1,0,1,1,1,1,0,0,1
1.490278e-12,1.490278e+00,1,13086,0,1,1,0,1,1,1,1,0,0
4.275606e-12,4.275606e+00,0,13087,1,0,1,1,0,1,1,1,1,0
-5.385960e-12,-5.385960e+00,1,13090,0,0,0,1,0,1,1,0,1,1
4.003925e-12,4.003925e+00,0,13092,1,1,0,0,0,1,0,1,1,0
6.065729e-12,6.065729e+00,1,13093,0,1,1,0,0,0,1,0,1,1
8.144922e-12,8.144922e+00,0,13094,1,0,1,1,0,0,0,1,0,1
7.859828e-12,7.859828e+00,1,13097,0,0,0,1,0,1,1,0,0,0
2.468420e-12,2.468420e+00,0,13098,1,0,0,0,1,0,1,1,0,0
6.742588e-13,6.742588e-01,1,13102,0,0,0,0,1,0,0,0,1,0
1.071620e-12,1.071620e+00,0,13107,1,1,1,1,1,0,0,0,0,1
-1.325604e-12,-1.325604e+00,1,13108,0,1,1,1,1,1,0,0,0,0
-3.632055e-13,-3.632055e-01,0,13109,1,0,1,1,1,1,1,0,0,0
-3.216460e-11,-3.216460e+01,1,13114,0,0,0,0,0,1,0,1,1,1
1.325474e-12,1.325474e+00,0,13116,1,1,0,0,0,0,0,1,0,1
3.755793e-12,3.755793e+00,1,13117,0,1,1,0,0,0,0,0,1,0
9.741096e-13,9.741096e-01,0,13122,1,1,1,1,1,0,1,1,0,0
2.217486e-12,2.217486e+00,1,13123,0,1,1,1,1,1,0,1,1,0
1.749296e-12,1.749296e+00,0,13125,1,1,0,1,1,1,1,1,0,1
-1.725197e-12,-1.725197e+00,1,13128,0,0,0,1,1,0,1,1,1,1
-4.037457e-12,-4.037457e+00,0,13129,1,0,0,0,1,1,0,1,1,1
-4.349335e-12,-4.349335e+00,1,13130,0,1,0,0,0,1,1,0,1,1
-5.397070e-11,-5.397070e+01,0,13132,1,1,0,1,0,0,0,1,1,0
2.712671e-11,2.712671e+01,1,13133,0,1,1,0,1,0,0,0,1,1
-1.287319e-11,-1.287319e+01,0,13134,1,0,1,1,0,1,0,0,0,1
2.476853e-12,2.476853e+00,1,13137,0,0,0,1,0,1,1,0,1,0
1.767692e-12,1.767692e+00,0,13139,1,1,0,0,0,1,0,1,1,0
2.976990e-11,2.976990e+01,1,13141,0,0,1,1,0,0,0,1,0,1
-4.538011e-12,-4.538011e+00,0,13142,1,0,0,1,1,0,0,0,1,0
-4.037175e-12,-4.037175e+00,1,13143,0,1,0,0,1,1,0,0,0,1
1.702750e-12,1.702750e+00,0,13144,1,0,1,0,0,1,1,0,0,0
3.421076e-11,3.421076e+01,1,13146,0,0,1,0,1,0,0,1,1,0
2.799165e-11,2.799165e+01,0,13148,1,1,0,0,1,0,1,0,0,1
1.148534e-12,1.148534e+00,1,13151,0,0,0,1,1,0,0,1,0,1
-1.170264e-12,-1.170264e+00,0,13157,1,1,1,1,1,1,0,0,0,1
-3.391472e-12,-3.391472e+00,1,13160,0,0,0,1,1,1,1,1,1,0
7.710936e-13,7.710936e-01,0,13162,1,1,0,0,0,1,1,1,1,1
8.117531e-12,8.117531e+00,1,13169,0,0,0,0,0,0,0,1,1,0
-2.520387e-12,-2.520387e+00,0,13171,1,1,0,0,0,0,0,0,0,1
-1.822084e-14,-1.822084e-02,1,13174,0,0,0,1,1,0,0,0,0,0
-3.980316e-11,-3.980316e+01,0,13176,1,1,0,0,0,1,1,0,0,0
2.848825e-11,2.848825e+01,1,13177,0,1,1,0,0,0,1,1,0,0
-3.337077e-12,-3.337077e+00,0,13179,1,1,0,1,1,0,0,0,1,1
2.568517e-12,2.568517e+00,1,13180,0,1,1,0,1,1,0,0,0,1
6.237214e-12,6.237214e+00,0,13181,1,0,1,1,0,1,1,0,0,0
-3.723910e-12,-3.723910e+00,1,13182,0,1,0,1,1,0,1,1,0,0
9.493540e-12,9.493540e+00,0,13183,1,0,1,0,1,1,0,1,1,0
-4.377367e-13,-4.377367e-01,1,13184,0,1,0,1,0,1,1,0,1,1
8.658026e-13,8.658026e-01,0,13187,1,1,1,0,1,0,1,0,1,1
-3.615247e-11,-3.615247e+01,1,13189,0,0,1,1,1,0,1,0,1,0
1.142304e-12,1.142304e+00,0,13197,1,1,1,1,1,1,1,1,0,0
-4.357109e-12,-4.357109e+00,1,13198,0,1,1,1,1,1,1,1,1,0
3.516192e-12,3.516192e+00,0,13199,1,0,1,1,1,1,1,1,1,1
-1.305212e-12,-1.305212e+00,1,13200,0,1,0,1,1,1,1,1,1,1
-3.693809e-12,-3.693809e+00,0,13201,1,0,1,0,1,1,1,1,1,1
4.203714e-12,4.203714e+00,1,13202,0,1,0,1,0,1,1,1,1,1
4.043942e-12,4.043942e+00,0,13204,1,1,0,1,0,1,0,1,1,1
-3.740130e-12,-3.740130e+00,1,13205,0,1,1,0,1,0,1,0,1,1
-4.355222e-12,-4.355222e+00,0,13207,1,1,0,1,1,0,1,0,1,0
8.801638e-12,8.801638e+00,1,13208,0,1,1,0,1,1,0,1,0,1
-3.098889e-11,-3.098889e+01,0,13209,1,0,1,1,0,1,1,0,1,0
2.036208e-13,2.036208e-01,1,13211,0,0,1,0,1,1,0,1,1,0
7.425638e-12,7.425638e+00,0,13212,1,0,0,1,0,1,1,0,1,1
2.808475e-12,2.808475e+00,1,13214,0,0,1,0,0,1,0,1,1,0
-2.105362e-12,-2.105362e+00,0,13218,1,1,1,1,0,0,1,0,0,1
-2.479096e-12,-2.479096e+00,1,13220,0,0,1,1,1,1,0,0,1,0
3.218509e-12,3.218509e+00,0,13221,1,0,0,1,1,1,1,0,0,1
-3.678139e-11,-3.678139e+01,1,13222,0,1,0,0,1,1,1,1,0,0
1.019089e-11,1.019089e+01,0,13223,1,0,1,0,0,1,1,1,1,0
1.534748e-12,1.534748e+00,1,13226,0,0,0,1,0,1,0,0,1,1
3.443510e-12,3.443510e+00,0,13228,1,1,0,0,0,1,0,1,0,0
5.966738e-13,5.966738e-01,1,13229,0,1,1,0,0,0,1,0,1,0
-3.067533e-11,-3.067533e+01,0,13230,1,0,1,1,0,0,0,1,0,1
-1.868400e-12,-1.868400e+00,1,13231,0,1,0,1,1,0,0,0,1,0
-9.366421e-13,-9.366421e-01,0,13232,1,0,1,0,1,1,0,0,0,1
2.054711e-12,2.054711e+00,1,13234,0,0,1,0,1,0,1,1,0,0
6.929103e-12,6.929103e+00,0,13235,1,0,0,1,0,1,0,1,1,0
2.295421e-12,2.295421e+00,1,13236,0,1,0,0,1,0,1,0,1,1
2.550167e-12,2.550167e+00,0,13239,1,1,1,0,1,0,0,1,0,1
3.139162e-12,3.139162e+00,1,13241,0,0,1,1,1,0,1,0,0,1
3.520034e-13,3.520034e-01,0,13242,1,0,0,1,1,1,0,1,0,0
3.942326e-12,3.942326e+00,1,13244,0,0,1,0,0,1,1,1,0,1
2.567929e-12,2.567929e+00,0,13249,1,1,1,1,1,0,0,1,0,0
4.959190e-12,4.959190e+00,1,13250,0,1,1,1,1,1,0,0,1,0
2.735239e-11,2.735239e+01,0,13251,1,0,1,1,1,1,1,0,0,1
-4.092018e-12,-4.092018e+00,1,13252,0,1,0,1,1,1,1,1,0,0
2.971682e-12,2.971682e+00,0,13253,1,0,1,0,1,1,1,1,1,0
5.008204e-14,5.008204e-02,1,13256,0,0,0,1,0,1,0,1,1,1
-2.143210e-13,-2.143210e-01,0,13258,1,1,0,0,0,1,0,1,0,1
2.633328e-12,2.633328e+00,1,13259,0,1,1,0,0,0,1,0,1,0
1.738207e-12,1.738207e+00,0,13266,1,1,1,1,1,1,1,0,1,1
-3.826169e-11,-3.826169e+01,1,13267,0,1,1,1,1,1,1,1,0,1
8.735266e-12,8.735266e+00,0,13268,1,0,1,1,1,1,1,1,1,0
-7.014183e-13,-7.014183e-01,1,13269,0,1,0,1,1,1,1,1,1,1
-4.070131e-11,-4.070131e+01,0,13270,1,0,1,0,1,1,1,1,1,1
8.193278e-12,8.193278e+00,1,13278,0,0,0,0,0,0,0,0,1,0
-2.552545e-12,-2.552545e+00,0,13279,1,0,0,0,0,0,0,0,0,1
8.052630e-11,8.052630e+01,1,13281,0,0,1,0,0,0,0,0,0,0
4.052641e-11,4.052641e+01,0,13282,1,0,0,1,0,0,0,0,0,0
5.265097e-13,5.265097e-01,1,13283,0,1,0,0,1,0,0,0,0,0
-1.947048e-13,-1.947048e-01,0,13285,1,1,0,1,0,0,1,0,0,0
4.124444e-12,4.124444e+00,1,13286,0,1,1,0,1,0,0,1,0,0
-6.745263e-14,-6.745263e-02,0,13288,1,1,0,1,1,0,1,0,0,1
1.057352e-12,1.057352e+00,1,13289,0,1,1,0,1,1,0,1,0,0
2.543822e-12,2.543822e+00,0,13290,1,0,1,1,0,1,1,0,1,0
5.761122e-12,5.761122e+00,1,13293,0,0,0,1,0,1,1,0,1,1
7.168008e-13,7.168008e-01,0,13294,1,0,0,0,1,0,1,1,0,1
4.813446e-12,4.813446e+00,1,13297,0,0,0,1,0,0,0,1,0,1
-3.518645e-11,-3.518645e+01,0,13298,1,0,0,0,1,0,0,0,1,0
4.015846e-11,4.015846e+01,1,13299,0,1,0,0,0,1,0,0,0,1
1.585612e-13,1.585612e-01,0,13300,1,0,1,0,0,0,1,0,0,0
-5.677653e-12,-5.677653e+00,1,13302,0,0,1,0,1,0,0,0,1,0
4.417438e-12,4.417438e+00,0,13304,1,1,0,0,1,0,1,0,0,0
-2.343791e-12,-2.343791e+00,1,13306,0,0,1,1,0,0,1,0,1,0
4.404493e-12,4.404493e+00,0,13308,1,1,0,0,1,1,0,0,1,0
9.686426e-13,9.686426e-01,1,13310,0,0,1,1,0,0,1,1,0,0
-4.887195e-13,-4.887195e-01,0,13311,1,0,0,1,1,0,0,1,1,0
5.140483e-12,5.140483e+00,1,13314,0,0,0,1,0,0,1,1,0,0
-2.974653e-12,-2.974653e+00,0,13317,1,1,1,0,0,0,1,0,0,1
-1.133580e-13,-1.133580e-01,1,13320,0,0,0,1,1,1,0,0,0,1
7.011019e-12,7.011019e+00,0,13324,1,1,1,1,0,0,0,1,1,1
6.793204e-12,6.793204e+00,1,13325,0,1,1,1,1,0,0,0,1,1
-1.479942e-12,-1.479942e+00,0,13326,1,0,1,1,1,1,0,0,0,1
8.337795e-13,8.337795e-01,1,13327,0,1,0,1,1,1,1,0,0,0
1.991618e-12,1.991618e+00,0,13330,1,1,1,0,1,0,1,1,1,1
4.396948e-12,4.396948e+00,1,13331,0,1,1,1,0,1,0,1,1,1
3.235559e-11,3.235559e+01,0,13332,1,0,1,1,1,0,1,0,1,1
7.983199e-12,7.983199e+00,1,13333,0,1,0,1,1,1,0,1,0,1
-5.276568e-12,-5.276568e+00,0,13335,1,1,0,1,0,1,1,1,0,1
-8.527646e-11,-8.527646e+01,1,13337,0,0,1,1,0,1,0,1,1,1
-1.252764e-10,-1.252764e+02,0,13338,1,0,0,1,1,0,1,0,1,1
-6.853010e-13,-6.853010e-01,1,13342,0,0,0,0,1,0,0,1,1,0
2.887553e-12,2.887553e+00,0,13343,1,0,0,0,0,1,0,0,1,1
-5.809653e-12,-5.809653e+00,1,13345,0,0,1,0,0,0,0,1,0,0
-1.775565e-12,-1.775565e+00,0,13348,1,1,1,0,0,1,0,0,0,0
-3.305480e-12,-3.305480e+00,1,13350,0,0,1,1,1,0,0,1,0,0
1.310495e-11,1.310495e+01,0,13352,1,1,0,0,1,1,1,0,0,1
-1.522681e-11,-1.522681e+01,1,13353,0,1,1,0,0,1,1,1,0,0
-7.887932e-12,-7.887932e+00,0,13354,1,0,1,1,0,0,1,1,1,0
7.675582e-13,7.675582e-01,1,13357,0,0,0,1,0,1,1,0,0,1
-3.395229e-11,-3.395229e+01,0,13359,1,1,0,0,0,1,0,1,1,0
-1.768485e-12,-1.768485e+00,1,13362,0,0,0,1,1,0,0,0,1,0
1.877068e-12,1.877068e+00,0,13367,1,1,1,1,1,0,0,0,1,1
-3.287801e-11,-3.287801e+01,1,13368,0,1,1,1,1,1,0,0,0,1
1.313924e-12,1.313924e+00,0,13369,1,0,1,1,1,1,1,0,0,0
5.255842e-12,5.255842e+00,1,13370,0,1,0,1,1,1,1,1,0,0
2.361370e-11,2.361370e+01,0,13371,1,0,1,0,1,1,1,1,1,0
-6.285770e-12,-6.285770e+00,1,13372,0,1,0,1,0,1,1,1,1,1
-1.052974e-12,-1.052974e+00,0,13375,1,1,1,0,1,0,1,0,1,1
3.576939e-12,3.576939e+00,1,13376,0,1,1,1,0,1,0,1,0,1
-5.165820e-12,-5.165820e+00,0,13378,1,1,0,1,1,1,0,1,0,1
-3.413872e-11,-3.413872e+01,1,13380,0,0,1,1,0,1,1,1,0,1
1.285235e-12,1.285235e+00,0,13381,1,0,0,1,1,0,1,1,1,0
4.511018e-12,4.511018e+00,1,13383,0,0,1,0,0,1,1,0,1,1
5.473171e-12,5.473171e+00,0,13384,1,0,0,1,0,0,1,1,0,1
-2.005772e-13,-2.005772e-01,1,13385,0,1,0,0,1,0,0,1,1,0
1.046307e-12,1.046307e+00,0,13389,1,1,1,1,0,1,0,0,1,0
-2.654105e-12,-2.654105e+00,1,13392,0,0,0,1,1,1,1,0,1,0
2.828579e-12,2.828579e+00,0,13393,1,0,0,0,1,1,1,1,0,1
3.830018e-12,3.830018e+00,1,13394,0,1,0,0,0,1,1,1,1,0
-4.559185e-12,-4.559185e+00,0,13395,1,0,1,0,0,0,1,1,1,1
-2.105025e-11,-2.105025e+01,1,13397,0,0,1,0,1,0,0,0,1,1
7.336144e-13,7.336144e-01,0,13399,1,1,0,0,1,0,1,0,0,0
-2.050970e-12,-2.050970e+00,1,13400,0,1,1,0,0,1,0,1,0,0
1.193856e-12,1.193856e+00,0,13401,1,0,1,1,0,0,1,0,1,0
3.902097e-12,3.902097e+00,1,13402,0,1,0,1,1,0,0,1,0,1
2.584396e-11,2.584396e+01,0,13408,1,1,1,1,1,1,0,1,0,1
-2.246500e-12,-2.246500e+00,1,13411,0,0,0,1,1,1,1,1,1,0
-1.172967e-12,-1.172967e+00,0,13412,1,0,0,0,1,1,1,1,1,1
7.455308e-13,7.455308e-01,1,13414,0,0,1,0,0,0,1,1,1,1
3.235966e-12,3.235966e+00,0,13416,1,1,0,0,1,0,0,0,1,1
-3.676393e-11,-3.676393e+01,1,13417,0,1,1,0,0,1,0,0,0,1
-2.843055e-12,-2.843055e+00,0,13419,1,1,0,1,1,0,0,1,0,0
7.246999e-12,7.246999e+00,1,13423,0,0,0,0,1,1,0,1,1,0
-2.666488e-12,-2.666488e+00,0,13424,1,0,0,0,0,1,1,0,1,1
-9.661709e-13,-9.661709e-01,1,13425,0,1,0,0,0,0,1,1,0,1
2.291452e-12,2.291452e+00,0,13426,1,0,1,0,0,0,0,1,1,0
-5.223825e-12,-5.223825e+00,1,13427,0,1,0,1,0,0,0,0,1,1
-2.024832e-12,-2.024832e+00,0,13428,1,0,1,0,1,0,0,0,0,1
-3.803609e-12,-3.803609e+00,1,13431,0,0,0,1,0,1,0,1,0,0
5.975944e-12,5.975944e+00,0,13433,1,1,0,0,0,1,0,1,0,1
1.664092e-12,1.664092e+00,1,13434,0,1,1,0,0,0,1,0,1,0
7.270892e-13,7.270892e-01,0,13435,1,0,1,1,0,0,0,1,0,1
8.116739e-14,8.116739e-02,1,13437,0,0,1,0,1,1,0,0,0,1
1.590901e-12,1.590901e+00,0,13438,1,0,0,1,0,1,1,0,0,0
3.600233e-13,3.600233e-01,1,13440,0,0,1,0,0,1,0,1,1,0
-2.970444e-11,-2.970444e+01,0,13442,1,1,0,0,1,0,0,1,0,1
-1.418759e-11,-1.418759e+01,1,13445,0,0,0,1,1,0,0,1,0,0
3.918362e-12,3.918362e+00,0,13446,1,0,0,0,1,1,0,0,1,0
-5.213841e-12,-5.213841e+00,1,13449,0,0,0,1,0,0,0,1,1,0
3.713459e-13,3.713459e-01,0,13450,1,0,0,0,1,0,0,0,1,1
3.917616e-12,3.917616e+00,1,13451,0,1,0,0,0,1,0,0,0,1
2.564008e-12,2.564008e+00,0,13452,1,0,1,0,0,0,1,0,0,0
1.681902e-12,1.681902e+00,1,13453,0,1,0,1,0,0,0,1,0,0
-4.051732e-12,-4.051732e+00,0,13454,1,0,1,0,1,0,0,0,1,0
3.112085e-11,3.112085e+01,1,13455,0,1,0,1,0,1,0,0,0,1
1.189293e-11,1.189293e+01,0,13459,1,1,1,1,0,1,0,1,0,1
-4.526237e-12,-4.526237e+00,1,13460,0,1,1,1,1,0,1,0,1,0
1.697173e-12,1.697173e+00,0,13461,1,0,1,1,1,1,0,1,0,1
5.787721e-12,5.787721e+00,1,13463,0,0,1,0,1,1,1,1,0,1
1.642313e-12,1.642313e+00,0,13464,1,0,0,1,0,1,1,1,1,0
5.315397e-12,5.315397e+00,1,13466,0,0,1,0,0,1,0,1,1,1
3.642217e-12,3.642217e+00,0,13467,1,0,0,1,0,0,1,0,1,1
-3.005514e-13,-3.005514e-01,1,13468,0,1,0,0,1,0,0,1,0,1
-1.301629e-12,-1.301629e+00,0,13470,1,1,0,1,0,0,1,0,0,1
7.758145e-13,7.758145e-01,1,13472,0,0,1,1,0,1,0,0,1,0
-1.954903e-12,-1.954903e+00,0,13473,1,0,0,1,1,0,1,0,0,1
4.946981e-13,4.946981e-01,1,13474,0,1,0,0,1,1,0,1,0,0
4.335803e-12,4.335803e+00,0,13475,1,0,1,0,0,1,1,0,1,0
-5.554966e-13,-5.554966e-01,1,13478,0,0,0,1,0,1,0,0,1,1
6.752708e-12,6.752708e+00,0,13479,1,0,0,0,1,0,1,0,0,1
1.339005e-12,1.339005e+00,1,13482,0,0,0,1,0,0,0,1,0,1
-1.843962e-13,-1.843962e-01,0,13488,1,1,1,1,1,1,0,0,0,1
3.478463e-11,3.478463e+01,1,13489,0,1,1,1,1,1,1,0,0,0
-5.215269e-12,-5.215269e+00,0,13490,1,0,1,1,1,1,1,1,0,0
2.300071e-12,2.300071e+00,1,13494,0,0,0,0,1,0,1,1,1,1
-4.149062e-12,-4.149062e+00,0,13496,1,1,0,0,0,0,1,0,1,1
1.209405e-12,1.209405e+00,1,13497,0,1,1,0,0,0,0,1,0,1
3.027010e-12,3.027010e+00,0,13499,1,1,0,1,1,0,0,0,0,1
1.308863e-12,1.308863e+00,1,13501,0,0,1,1,0,1,1,0,0,0
2.835662e-11,2.835662e+01,0,13502,1,0,0,1,1,0,1,1,0,0
-4.998112e-13,-4.998112e-01,1,13503,0,1,0,0,1,1,0,1,1,0
1.916354e-11,1.916354e+01,0,13505,1,1,0,1,0,0,1,1,0,1
2.105944e-12,2.105944e+00,1,13508,0,0,0,1,1,0,1,0,0,1
1.118382e-11,1.118382e+01,0,13509,1,0,0,0,1,1,0,1,0,0
2.540816e-12,2.540816e+00,1,13510,0,1,0,0,0,1,1,0,1,0
-1.140278e-11,-1.140278e+01,0,13511,1,0,1,0,0,0,1,1,0,1
-7.831001e-13,-7.831001e-01,1,13512,0,1,0,1,0,0,0,1,1,0
3.938238e-12,3.938238e+00,0,13513,1,0,1,0,1,0,0,0,1,1
9.669972e-12,9.669972e+00,1,13515,0,0,1,0,1,0,1,0,0,0
3.744252e-12,3.744252e+00,0,13518,1,1,1,0,0,1,0,1,0,1
8.346872e-13,8.346872e-01,1,13519,0,1,1,1,0,0,1,0,1,0
3.261506e-11,3.261506e+01,0,13520,1,0,1,1,1,0,0,1,0,1
2.651834e-12,2.651834e+00,1,13522,0,0,1,0,1,1,1,0,0,1
-5.456669e-12,-5.456669e+00,0,13523,1,0,0,1,0,1,1,1,0,0
-4.523679e-11,-4.523679e+01,1,13525,0,0,1,0,0,1,0,1,1,1
2.820652e-11,2.820652e+01,0,13528,1,1,1,0,0,1,0,0,1,0
-1.305961e-13,-1.305961e-01,1,13529,0,1,1,1,0,0,1,0,0,1
2.759867e-13,2.759867e-01,0,13530,1,0,1,1,1,0,0,1,0,0
-2.310950e-12,-2.310950e+00,1,13532,0,0,1,0,1,1,1,0,0,1
3.272731e-12,3.272731e+00,0,13536,1,1,1,1,0,0,1,0,1,1
-2.463115e-13,-2.463115e-01,1,13540,0,0,0,0,1,1,1,1,0,0
2.441599e-12,2.441599e+00,0,13541,1,0,0,0,0,1,1,1,1,0
8.141737e-13,8.141737e-01,1,13544,0,0,0,1,0,0,0,0,1,1
-2.833086e-12,-2.833086e+00,0,13546,1,1,0,0,0,1,0,0,0,0
-4.457062e-12,-4.457062e+00,1,13547,0,1,1,0,0,0,1,0,0,0
-5.692118e-12,-5.692118e+00,0,13548,1,0,1,1,0,0,0,1,0,0
5.629526e-12,5.629526e+00,1,13549,0,1,0,1,1,0,0,0,1,0
-4.318301e-13,-4.318301e-01,0,13551,1,1,0,1,0,1,1,0,0,0
-2.590234e-14,-2.590234e-02,1,13553,0,0,1,1,0,1,0,1,1,0
1.185187e-12,1.185187e+00,0,13555,1,1,0,0,1,1,0,1,0,1
8.452042e-12,8.452042e+00,1,13558,0,0,0,1,1,0,0,1,1,0
-9.046455e-13,-9.046455e-01,0,13559,1,0,0,0,1,1,0,0,1,1
-2.128413e-12,-2.128413e+00,1,13561,0,0,1,0,0,0,1,1,0,0
1.888080e-11,1.888080e+01,0,13564,1,1,1,0,0,1,0,0,0,1
3.181113e-12,3.181113e+00,1,13567,0,0,0,1,1,1,0,0,1,0
7.266100e-12,7.266100e+00,0,13569,1,1,0,0,0,1,1,1,0,0
-8.339105e-14,-8.339105e-02,1,13571,0,0,1,1,0,0,0,1,1,1
-4.823588e-12,-4.823588e+00,0,13574,1,1,1,0,0,1,1,0,0,0
-2.407169e-12,-2.407169e+00,1,13575,0,1,1,1,0,0,1,1,0,0
-8.405906e-13,-8.405906e-01,0,13576,1,0,1,1,1,0,0,1,1,0
2.346860e-12,2.346860e+00,1,13577,0,1,0,1,1,1,0,0,1,1
3.092718e-12,3.092718e+00,0,13580,1,1,1,0,1,0,1,1,1,0
3.634686e-12,3.634686e+00,1,13583,0,0,0,1,1,1,0,1,0,1
2.012102e-12,2.012102e+00,0,13585,1,1,0,0,0,1,1,1,0,1
3.767784e-13,3.767784e-01,1,13587,0,0,1,1,0,0,0,1,1,1
2.210141e-12,2.210141e+00,0,13588,1,0,0,1,1,0,0,0,1,1
2.146508e-13,2.146508e-01,1,13592,0,0,0,0,1,0,0,1,1,0
-5.971481e-12,-5.971481e+00,0,13594,1,1,0,0,0,0,1,0,0,1
9.460912e-12,9.460912e+00,1,13597,0,0,0,1,1,0,0,0,0,1
-2.281109e-12,-2.281109e+00,0,13601,1,1,1,1,0,0,0,1,1,0
-2.132259e-12,-2.132259e+00,1,13602,0,1,1,1,1,0,0,0,1,1
-3.154969e-12,-3.154969e+00,0,13605,1,1,1,0,1,1,1,1,0,0
5.044568e-12,5.044568e+00,1,13609,0,0,0,0,1,1,1,0,1,1
-1.947037e-12,-1.947037e+00,0,13611,1,1,0,0,0,0,1,1,1,0
-1.776460e-12,-1.776460e+00,1,13612,0,1,1,0,0,0,0,1,1,1
-4.177636e-11,-4.177636e+01,0,13613,1,0,1,1,0,0,0,0,1,1
2.958047e-12,2.958047e+00,1,13617,0,0,0,0,1,0,1,1,0,0
2.307133e-12,2.307133e+00,0,13619,1,1,0,0,0,0,1,0,1,1
-9.472450e-12,-9.472450e+00,1,13620,0,1,1,0,0,0,0,1,0,1
2.070640e-11,2.070640e+01,0,13621,1,0,1,1,0,0,0,0,1,0
1.293534e-13,1.293534e-01,1,13622,0,1,0,1,1,0,0,0,0,1
-3.457124e-11,-3.457124e+01,0,13623,1,0,1,0,1,1,0,0,0,0
4.697861e-12,4.697861e+00,1,13625,0,0,1,0,1,0,1,1,0,0
3.015188e-13,3.015188e-01,0,13627,1,1,0,0,1,0,1,0,1,1
-3.397531e-12,-3.397531e+00,1,13628,0,1,1,0,0,1,0,1,0,1
3.855920e-12,3.855920e+00,0,13629,1,0,1,1,0,0,1,0,1,0
1.297078e-11,1.297078e+01,1,13630,0,1,0,1,1,0,0,1,0,1
-3.172881e-12,-3.172881e+00,0,13631,1,0,1,0,1,1,0,0,1,0
1.745793e-13,1.745793e-01,1,13633,0,0,1,0,1,0,1,1,0,0
-1.044696e-12,-1.044696e+00,0,13634,1,0,0,1,0,1,0,1,1,0
-1.864626e-12,-1.864626e+00,1,13637,0,0,0,1,0,0,1,0,1,0
2.418322e-12,2.418322e+00,0,13644,1,1,1,1,1,1,1,0,0,0
4.570790e-11,4.570790e+01,1,13646,0,0,1,1,1,1,1,1,1,0
-6.055810e-12,-6.055810e+00,0,13648,1,1,0,0,1,1,1,1,1,1
-3.767616e-13,-3.767616e-01,1,13656,0,0,0,0,0,0,0,0,1,1
2.035490e-12,2.035490e+00,0,13659,1,1,1,0,0,0,0,0,0,0
-7.215258e-13,-7.215258e-01,1,13668,0,0,0,0,0,0,0,0,0,1
-1.453067e-13,-1.453067e-01,0,13670,1,1,0,0,0,0,0,0,0,0
-3.370592e-11,-3.370592e+01,1,13680,0,0,0,0,0,0,0,0,0,0
-5.037586e-11,-5.037586e+01,0,13683,1,1,1,0,0,0,0,0,0,0
8.270478e-11,8.270478e+01,1,13684,0,1,1,1,0,0,0,0,0,0
2.704888e-12,2.704888e+00,0,13686,1,1,0,1,1,1,0,0,0,0
2.170383e-12,2.170383e+00,1,13687,0,1,1,0,1,1,1,0,0,0
-3.335869e-12,-3.335869e+00,0,13689,1,1,0,1,1,0,1,1,1,0
2.851238e-11,2.851238e+01,1,13690,0,1,1,0,1,1,0,1,1,1
-1.161714e-12,-1.161714e+00,0,13693,1,1,1,0,1,1,0,1,1,0
1.983703e-11,1.983703e+01,1,13694,0,1,1,1,0,1,1,0,1,1
2.981686e-12,2.981686e+00,0,13695,1,0,1,1,1,0,1,1,0,1
-1.550364e-12,-1.550364e+00,1,13698,0,0,0,1,0,1,1,1,0,1
7.843084e-12,7.843084e+00,0,13699,1,0,0,0,1,0,1,1,1,0
-5.850439e-12,-5.850439e+00,1,13700,0,1,0,0,0,1,0,1,1,1
8.956227e-14,8.956227e-02,0,13701,1,0,1,0,0,0,1,0,1,1
-1.844941e-11,-1.844941e+01,1,13705,0,0,0,0,1,0,1,0,0,0
-2.677729e-14,-2.677729e-02,0,13706,1,0,0,0,0,1,0,1,0,0
-3.060541e-13,-3.060541e-01,1,13710,0,0,0,0,1,0,0,0,0,1
2.115366e-12,2.115366e+00,0,13711,1,0,0,0,0,1,0,0,0,0
4.107237e-11,4.107237e+01,1,13713,0,0,1,0,0,0,0,1,0,0
4.268555e-12,4.268555e+00,0,13715,1,1,0,0,1,0,0,0,0,1
4.558890e-12,4.558890e+00,1,13716,0,1,1,0,0,1,0,0,0,0
-1.875101e-11,-1.875101e+01,0,13717,1,0,1,1,0,0,1,0,0,0
9.165491e-13,9.165491e-01,1,13722,0,0,0,0,0,1,0,1,1,0
5.340903e-13,5.340903e-01,0,13723,1,0,0,0,0,0,1,0,1,1
3.624929e-12,3.624929e+00,1,13724,0,1,0,0,0,0,0,1,0,1
8.922950e-12,8.922950e+00,0,13725,1,0,1,0,0,0,0,0,1,0
-4.631501e-12,-4.631501e+00,1,13726,0,1,0,1,0,0,0,0,0,1
7.739062e-12,7.739062e+00,0,13727,1,0,1,0,1,0,0,0,0,0
-5.157952e-13,-5.157952e-01,1,13729,0,0,1,0,1,0,1,0,0,0
6.186182e-13,6.186182e-01,0,13731,1,1,0,0,1,0,1,0,1,0
9.217992e-12,9.217992e+00,1,13732,0,1,1,0,0,1,0,1,0,1
4.166525e-11,4.166525e+01,0,13740,1,1,1,1,1,1,1,1,0,1
-1.091364e-11,-1.091364e+01,1,13743,0,0,0,1,1,1,1,1,1,1
1.990933e-11,1.990933e+01,0,13744,1,0,0,0,1,1,1,1,1,1
-2.825897e-12,-2.825897e+00,1,13745,0,1,0,0,0,1,1,1,1,1
-2.127479e-12,-2.127479e+00,0,13747,1,1,0,1,0,0,0,1,1,1
3.316188e-13,3.316188e-01,1,13748,0,1,1,0,1,0,0,0,1,1
-1.600878e-11,-1.600878e+01,0,13750,1,1,0,1,1,0,1,0,0,0
4.558017e-11,4.558017e+01,1,13751,0,1,1,0,1,1,0,1,0,0
5.580272e-12,5.580272e+00,0,13752,1,0,1,1,0,1,1,0,1,0
-5.157094e-12,-5.157094e+00,1,13753,0,1,0,1,1,0,1,1,0,1
1.229353e-11,1.229353e+01,0,13758,1,1,1,1,1,0,1,0,1,1
-5.917614e-12,-5.917614e+00,1,13760,0,0,1,1,1,1,1,0,1,0
-3.245946e-12,-3.245946e+00,0,13766,1,1,1,1,1,1,0,0,1,1
-2.525399e-12,-2.525399e+00,1,13767,0,1,1,1,1,1,1,0,0,1
-1.607299e-12,-1.607299e+00,0,13769,1,1,0,1,1,1,1,1,1,0
-3.483285e-12,-3.483285e+00,1,13772,0,0,0,1,1,0,1,1,1,1
2.189365e-12,2.189365e+00,0,13774,1,1,0,0,0,1,1,0,1,1
-1.175160e-12,-1.175160e+00,1,13775,0,1,1,0,0,0,1,1,0,1
-3.396550e-11,-3.396550e+01,0,13777,1,1,0,1,1,0,0,0,1,1
8.081448e-13,8.081448e-01,1,13779,0,0,1,1,0,1,1,0,0,0
-3.283743e-12,-3.283743e+00,0,13782,1,1,1,0,0,1,1,0,1,1
1.003813e-12,1.003813e+00,1,13783,0,1,1,1,0,0,1,1,0,1
7.933700e-13,7.933700e-01,0,13784,1,0,1,1,1,0,0,1,1,0
1.801728e-12,1.801728e+00,1,13785,0,1,0,1,1,1,0,0,1,1
7.598375e-13,7.598375e-01,0,13786,1,0,1,0,1,1,1,0,0,1
2.144287e-13,2.144287e-01,1,13789,0,0,0,1,0,1,0,1,1,1
3.587043e-12,3.587043e+00,0,13792,1,1,1,0,0,0,1,0,1,0
1.228870e-12,1.228870e+00,1,13793,0,1,1,1,0,0,0,1,0,1
-7.942920e-13,-7.942920e-01,0,13794,1,0,1,1,1,0,0,0,1,0
-9.145981e-12,-9.145981e+00,1,13796,0,0,1,0,1,1,1,0,0,0
4.163216e-11,4.163216e+01,0,13797,1,0,0,1,0,1,1,1,0,0
9.522231e-13,9.522231e-01,1,13801,0,0,0,0,1,0,0,1,0,1
3.173186e-12,3.173186e+00,0,13803,1,1,0,0,0,0,1,0,0,1
7.427604e-12,7.427604e+00,1,13805,0,0,1,1,0,0,0,0,1,0
2.496220e-11,2.496220e+01,0,13806,1,0,0,1,1,0,0,0,0,1
-3.315586e-12,-3.315586e+00,1,13807,0,1,0,0,1,1,0,0,0,0
1.236662e-12,1.236662e+00,0,13808,1,0,1,0,0,1,1,0,0,0
2.284747e-12,2.284747e+00,1,13813,0,0,0,0,0,1,0,1,0,0
1.918696e-12,1.918696e+00,0,13816,1,1,1,0,0,0,0,0,1,0
-5.883046e-12,-5.883046e+00,1,13818,0,0,1,1,1,0,0,0,0,0
-1.014221e-13,-1.014221e-01,0,13819,1,0,0,1,1,1,0,0,0,0
6.415874e-13,6.415874e-01,1,13825,0,0,0,0,0,0,1,0,0,1
-3.958661e-12,-3.958661e+00,0,13827,1,1,0,0,0,0,0,0,1,0
1.177858e-13,1.177858e-01,1,13830,0,0,0,1,1,0,0,0,0,0
7.979608e-12,7.979608e+00,0,13831,1,0,0,0,1,1,0,0,0,0
-2.841503e-11,-2.841503e+01,1,13832,0,1,0,0,0,1,1,0,0,0
1.263558e-13,1.263558e-01,0,13834,1,1,0,1,0,0,0,1,1,0
3.049008e-12,3.049008e+00,1,13835,0,1,1,0,1,0,0,0,1,1
-1.326346e-12,-1.326346e+00,0,13838,1,1,1,0,1,1,0,1,0,0
-3.406086e-11,-3.406086e+01,1,13842,0,0,0,0,1,1,1,0,1,1
-1.923716e-13,-1.923716e-01,0,13843,1,0,0,0,0,1,1,1,0,1
3.289529e-11,3.289529e+01,1,13846,0,0,0,1,0,0,0,0,1,1
-5.783420e-12,-5.783420e+00,0,13847,1,0,0,0,1,0,0,0,0,1
-3.540539e-11,-3.540539e+01,1,13848,0,1,0,0,0,1,0,0,0,0
-6.846691e-13,-6.846691e-01,0,13851,1,1,1,0,1,0,0,0,1,0
2.934320e-12,2.934320e+00,1,13852,0,1,1,1,0,1,0,0,0,1
-3.913467e-13,-3.913467e-01,0,13856,1,1,1,1,0,1,1,1,0,1
3.344608e-11,3.344608e+01,1,13857,0,1,1,1,1,0,1,1,1,0
-2.942856e-12,-2.942856e+00,0,13858,1,0,1,1,1,1,0,1,1,1
-3.788232e-11,-3.788232e+01,1,13860,0,0,1,0,1,1,1,1,0,1
-4.130538e-12,-4.130538e+00,0,13862,1,1,0,0,1,0,1,1,1,1
1.936478e-12,1.936478e+00,1,13864,0,0,1,1,0,0,1,0,1,1
-2.120081e-12,-2.120081e+00,0,13866,1,1,0,0,1,1,0,0,1,0
2.448634e-13,2.448634e-01,1,13867,0,1,1,0,0,1,1,0,0,1
7.716451e-13,7.716451e-01,0,13868,1,0,1,1,0,0,1,1,0,0
1.783932e-12,1.783932e+00,1,13870,0,0,1,0,1,1,0,0,1,1
-4.242447e-14,-4.242447e-02,0,13873,1,1,1,0,0,1,0,1,1,0
-3.482133e-11,-3.482133e+01,1,13876,0,0,0,1,1,1,0,0,1,0
5.092707e-11,5.092707e+01,0,13881,1,1,1,1,1,0,0,0,1,1
2.713137e-11,2.713137e+01,1,13885,0,0,0,0,1,1,1,1,1,0
3.422362e-12,3.422362e+00,0,13887,1,1,0,0,0,0,1,1,1,1
7.872324e-13,7.872324e-01,1,13893,0,0,0,0,0,0,1,1,0,0
2.874886e-11,2.874886e+01,0,13895,1,1,0,0,0,0,0,0,1,1
-2.657938e-12,-2.657938e+00,1,13896,0,1,1,0,0,0,0,0,0,1
-3.155833e-12,-3.155833e+00,0,13897,1,0,1,1,0,0,0,0,0,0
6.614279e-13,6.614279e-01,1,13898,0,1,0,1,1,0,0,0,0,0
-3.933847e-11,-3.933847e+01,0,13899,1,0,1,0,1,1,0,0,0,0
5.407295e-11,5.407295e+01,1,13900,0,1,0,1,0,1,1,0,0,0
-2.592695e-11,-2.592695e+01,0,13902,1,1,0,1,0,1,0,1,1,0
7.652597e-12,7.652597e+00,1,13903,0,1,1,0,1,0,1,0,1,1
-4.522494e-11,-4.522494e+01,0,13906,1,1,1,0,1,1,0,1,0,1
-3.468917e-11,-3.468917e+01,1,13908,0,0,1,1,1,0,1,1,0,1
4.538341e-11,4.538341e+01,0,13909,1,0,0,1,1,1,0,1,1,0
-5.965122e-12,-5.965122e+00,1,13911,0,0,1,0,0,1,1,1,0,1
1.353854e-12,1.353854e+00,0,13912,1,0,0,1,0,0,1,1,1,0
-2.802606e-11,-2.802606e+01,1,13913,0,1,0,0,1,0,0,1,1,1
4.182085e-12,4.182085e+00,0,13914,1,0,1,0,0,1,0,0,1,1
-3.203113e-11,-3.203113e+01,1,13918,0,0,0,0,1,0,1,0,0,1
6.347367e-12,6.347367e+00,0,13922,1,1,1,1,0,0,0,0,1,0
3.402688e-12,3.402688e+00,1,13924,0,0,1,1,1,1,0,0,0,0
-2.924447e-11,-2.924447e+01,0,13925,1,0,0,1,1,1,1,0,0,0
2.206122e-12,2.206122e+00,1,13930,0,0,0,0,0,1,0,0,1,1
-4.347773e-12,-4.347773e+00,0,13932,1,1,0,0,0,0,0,1,0,0
2.710926e-12,2.710926e+00,1,13933,0,1,1,0,0,0,0,0,1,0
-1.747877e-12,-1.747877e+00,0,13934,1,0,1,1,0,0,0,0,0,1
-7.914183e-13,-7.914183e-01,1,13935,0,1,0,1,1,0,0,0,0,0
2.863192e-12,2.863192e+00,0,13936,1,0,1,0,1,1,0,0,0,0
3.288968e-12,3.288968e+00,1,13942,0,0,0,0,0,0,1,0,1,0
-3.340743e-11,-3.340743e+01,0,13949,1,1,1,1,1,1,1,0,0,0
3.644602e-12,3.644602e+00,1,13950,0,1,1,1,1,1,1,1,0,0
-4.034657e-12,-4.034657e+00,0,13952,1,1,0,1,1,1,1,1,1,1
3.613563e-12,3.613563e+00,1,13953,0,1,1,0,1,1,1,1,1,1
3.138924e-12,3.138924e+00,0,13954,1,0,1,1,0,1,1,1,1,1
-3.844362e-12,-3.844362e+00,1,13955,0,1,0,1,1,0,1,1,1,1
1.905911e-12,1.905911e+00,0,13957,1,1,0,1,0,1,1,0,1,1
-1.046380e-12,-1.046380e+00,1,13958,0,1,1,0,1,0,1,1,0,1
-8.543745e-13,-8.543745e-01,0,13960,1,1,0,1,1,0,1,0,1,1
-5.165052e-12,-5.165052e+00,1,13962,0,0,1,1,0,1,1,0,1,0
-5.418702e-13,-5.418702e-01,0,13968,1,1,1,1,1,1,0,0,1,1
-2.223956e-12,-2.223956e+00,1,13970,0,0,1,1,1,1,1,1,0,0
7.482867e-12,7.482867e+00,0,13973,1,1,1,0,0,1,1,1,1,1
1.461101e-12,1.461101e+00,1,13980,0,0,0,0,0,0,0,1,1,1
-8.280652e-13,-8.280652e-01,0,13983,1,1,1,0,0,0,0,0,0,0
1.489793e-12,1.489793e+00,1,13984,0,1,1,1,0,0,0,0,0,0
1.329476e-12,1.329476e+00,0,13985,1,0,1,1,1,0,0,0,0,0
3.472754e-11,3.472754e+01,1,13986,0,1,0,1,1,1,0,0,0,0
7.447728e-12,7.447728e+00,0,13988,1,1,0,1,0,1,1,1,0,0
1.501189e-12,1.501189e+00,1,13989,0,1,1,0,1,0,1,1,1,0
3.627953e-13,3.627953e-01,0,13991,1,1,0,1,1,0,1,0,1,1
5.090591e-11,5.090591e+01,1,13995,0,0,0,0,1,1,0,1,1,0
1.090601e-11,1.090601e+01,0,13996,1,0,0,0,0,1,1,0,1,1
5.072688e-12,5.072688e+00,1,13998,0,0,1,0,0,0,0,1,1,0
2.438443e-12,2.438443e+00,0,14002,1,1,1,1,0,0,1,0,0,0
-3.339885e-12,-3.339885e+00,1,14007,0,0,0,0,0,1,1,1,1,0
2.763075e-11,2.763075e+01,0,14008,1,0,0,0,0,0,1,1,1,1
-4.007990e-12,-4.007990e+00,1,14009,0,1,0,0,0,0,0,1,1,1
-1.555823e-12,-1.555823e+00,0,14010,1,0,1,0,0,0,0,0,1,1
1.969405e-12,1.969405e+00,1,14011,0,1,0,1,0,0,0,0,0,1
-3.724425e-13,-3.724425e-01,0,14013,1,1,0,1,0,1,0,0,0,0
2.703283e-11,2.703283e+01,1,14019,0,0,0,0,0,0,1,1,0,1
-5.286503e-12,-5.286503e+00,0,14020,1,0,0,0,0,0,0,1,1,0
2.798995e-12,2.798995e+00,1,14022,0,0,1,0,0,0,0,0,0,1
-3.720090e-11,-3.720090e+01,0,14023,1,0,0,1,0,0,0,0,0,0
4.554036e-11,4.554036e+01,1,14024,0,1,0,0,1,0,0,0,0,0
5.540460e-12,5.540460e+00,0,14025,1,0,1,0,0,1,0,0,0,0
-9.617797e-13,-9.617797e-01,1,14026,0,1,0,1,0,0,1,0,0,0
3.182105e-12,3.182105e+00,0,14028,1,1,0,1,0,1,0,0,1,0
-1.201511e-11,-1.201511e+01,1,14029,0,1,1,0,1,0,1,0,0,1
3.029281e-13,3.029281e-01,0,14033,1,1,1,1,0,1,1,0,1,0
2.743588e-12,2.743588e+00,1,14035,0,0,1,1,1,1,0,1,1,0
-2.006408e-12,-2.006408e+00,0,14036,1,0,0,1,1,1,1,0,1,1
6.301488e-13,6.301488e-01,1,14038,0,0,1,0,0,1,1,1,1,0
1.640152e-12,1.640152e+00,0,14042,1,1,1,1,0,0,1,0,0,1
4.609755e-12,4.609755e+00,1,14043,0,1,1,1,1,0,0,1,0,0
-3.530402e-11,-3.530402e+01,0,14046,1,1,1,0,1,1,1,1,0,0
2.076841e-11,2.076841e+01,1,14048,0,0,1,1,1,0,1,1,1,1
-5.110838e-13,-5.110838e-01,0,14051,1,1,1,0,0,1,1,1,0,1
1.647631e-12,1.647631e+00,1,14052,0,1,1,1,0,0,1,1,1,0
3.978108e-11,3.978108e+01,0,14056,1,1,1,1,0,1,1,1,0,0
-2.188157e-13,-2.188157e-01,1,14057,0,1,1,1,1,0,1,1,1,0
6.064706e-13,6.064706e-01,0,14058,1,0,1,1,1,1,0,1,1,1
7.625451e-13,7.625451e-01,1,14059,0,1,0,1,1,1,1,0,1,1
-3.573589e-12,-3.573589e+00,0,14060,1,0,1,0,1,1,1,1,0,1
1.476479e-12,1.476479e+00,1,14061,0,1,0,1,0,1,1,1,1,0
-4.410110e-11,-4.410110e+01,0,14065,1,1,1,1,0,1,0,1,0,1
1.260775e-11,1.260775e+01,1,14066,0,1,1,1,1,0,1,0,1,0
-1.436420e-13,-1.436420e-01,0,14074,1,1,1,1,1,1,1,1,0,1
2.790317e-12,2.790317e+00,1,14075,0,1,1,1,1,1,1,1,1,0
-2.926392e-12,-2.926392e+00,0,14079,1,1,1,1,0,1,1,1,1,1
1.219550e-12,1.219550e+00,1,14080,0,1,1,1,1,0,1,1,1,1
1.647908e-14,1.647908e-02,0,14082,1,1,0,1,1,1,1,0,1,1
-1.835669e-12,-1.835669e+00,1,14083,0,1,1,0,1,1,1,1,0,1
2.196297e-12,2.196297e+00,0,14085,1,1,0,1,1,0,1,1,1,1
4.456945e-13,4.456945e-01,1,14087,0,0,1,1,0,1,1,0,1,1
1.174909e-11,1.174909e+01,0,14089,1,1,0,0,1,1,0,1,1,0
-3.067164e-12,-3.067164e+00,1,14090,0,1,1,0,0,1,1,0,1,1
-1.915619e-13,-1.915619e-01,0,14091,1,0,1,1,0,0,1,1,0,1
-2.013826e-12,-2.013826e+00,1,14094,0,0,0,1,0,1,1,0,0,1
-2.430699e-12,-2.430699e+00,0,14095,1,0,0,0,1,0,1,1,0,0
1.324832e-11,1.324832e+01,1,14096,0,1,0,0,0,1,0,1,1,0
2.272793e-12,2.272793e+00,0,14097,1,0,1,0,0,0,1,0,1,1
-2.286390e-12,-2.286390e+00,1,14098,0,1,0,1,0,0,0,1,0,1
9.257999e-13,9.257999e-01,0,14099,1,0,1,0,1,0,0,0,1,0
7.281643e-12,7.281643e+00,1,14100,0,1,0,1,0,1,0,0,0,1
-1.324332e-12,-1.324332e+00,0,14101,1,0,1,0,1,0,1,0,0,0
-7.977726e-13,-7.977726e-01,1,14103,0,0,1,0,1,0,1,0,1,0
1.960571e-12,1.960571e+00,0,14105,1,1,0,0,1,0,1,0,1,0
-1.408702e-12,-1.408702e+00,1,14107,0,0,1,1,0,0,1,0,1,0
1.377435e-12,1.377435e+00,0,14108,1,0,0,1,1,0,0,1,0,1
-3.093163e-11,-3.093163e+01,1,14110,0,0,1,0,0,1,1,0,0,1
1.646457e-12,1.646457e+00,0,14111,1,0,0,1,0,0,1,1,0,0
-5.157041e-12,-5.157041e+00,1,14113,0,0,1,0,0,1,0,0,1,1
-2.970035e-12,-2.970035e+00,0,14116,1,1,1,0,0,1,0,0,1,0
-1.386812e-11,-1.386812e+01,1,14119,0,0,0,1,1,1,0,0,1,0
4.334415e-11,4.334415e+01,0,14120,1,0,0,0,1,1,1,0,0,1
3.344257e-12,3.344257e+00,1,14121,0,1,0,0,0,1,1,1,0,0
2.382559e-11,2.382559e+01,0,14122,1,0,1,0,0,0,1,1,1,0
-1.902406e-12,-1.902406e+00,1,14125,0,0,0,1,0,1,0,0,0,1
2.742578e-12,2.742578e+00,0,14127,1,1,0,0,0,1,0,1,0,0
-2.838590e-12,-2.838590e+00,1,14131,0,0,0,0,1,1,0,0,0,1
1.207605e-11,1.207605e+01,0,14132,1,0,0,0,0,1,1,0,0,0
2.021642e-12,2.021642e+00,1,14134,0,0,1,0,0,0,0,1,1,0
4.000673e-13,4.000673e-01,0,14136,1,1,0,0,1,0,0,0,0,1
5.378961e-12,5.378961e+00,1,14139,0,0,0,1,1,0,0,1,0,0
6.196728e-12,6.196728e+00,0,14141,1,1,0,0,0,1,1,0,0,1
1.232453e-12,1.232453e+00,1,14142,0,1,1,0,0,0,1,1,0,0
-5.006675e-12,-5.006675e+00,0,14143,1,0,1,1,0,0,0,1,1,0
4.555902e-12,4.555902e+00,1,14146,0,0,0,1,0,1,1,0,0,0
3.015157e-11,3.015157e+01,0,14149,1,1,1,0,0,0,1,0,1,1
-3.324243e-12,-3.324243e+00,1,14150,0,1,1,1,0,0,0,1,0,1
-3.386275e-12,-3.386275e+00,0,14151,1,0,1,1,1,0,0,0,1,0
3.791754e-12,3.791754e+00,1,14152,0,1,0,1,1,1,0,0,0,1
-3.940698e-12,-3.940698e+00,0,14153,1,0,1,0,1,1,1,0,0,0
2.079164e-12,2.079164e+00,1,14155,0,0,1,0,1,0,1,1,1,0
-1.121626e-13,-1.121626e-01,0,14157,1,1,0,0,1,0,1,0,1,1
-1.297953e-12,-1.297953e+00,1,14161,0,0,0,0,1,1,0,0,1,0
-3.236903e-13,-3.236903e-01,0,14162,1,0,0,0,0,1,1,0,0,1
4.585310e-12,4.585310e+00,1,14164,0,0,1,0,0,0,0,1,1,0
-1.315149e-12,-1.315149e+00,0,14165,1,0,0,1,0,0,0,0,1,1
2.538866e-11,2.538866e+01,1,14166,0,1,0,0,1,0,0,0,0,1
-3.205985e-12,-3.205985e+00,0,14167,1,0,1,0,0,1,0,0,0,0
-9.022627e-13,-9.022627e-01,1,14168,0,1,0,1,0,0,1,0,0,0
-2.115407e-12,-2.115407e+00,0,14169,1,0,1,0,1,0,0,1,0,0
3.464123e-11,3.464123e+01,1,14170,0,1,0,1,0,1,0,0,1,0
1.288727e-12,1.288727e+00,0,14172,1,1,0,1,0,1,0,1,0,0
1.385848e-12,1.385848e+00,1,14174,0,0,1,1,0,1,0,1,0,1
3.679776e-12,3.679776e+00,0,14183,1,1,1,1,1,1,1,1,1,0
3.040211e-12,3.040211e+00,1,14186,0,0,0,1,1,1,1,1,1,1
-2.668996e-12,-2.668996e+00,0,14188,1,1,0,0,0,1,1,1,1,1
4.568569e-13,4.568569e-01,1,14189,0,1,1,0,0,0,1,1,1,1
3.253512e-12,3.253512e+00,0,14191,1,1,0,1,1,0,0,0,1,1
-4.597781e-12,-4.597781e+00,1,14192,0,1,1,0,1,1,0,0,0,1
2.823901e-15,2.823901e-03,0,14194,1,1,0,1,1,0,1,1,0,0
-4.155418e-13,-4.155418e-01,1,14198,0,0,0,0,1,1,0,1,1,0
-4.542177e-12,-4.542177e+00,0,14202,1,1,1,1,0,0,0,0,1,1
5.930530e-12,5.930530e+00,1,14204,0,0,1,1,1,1,0,0,0,0
2.009542e-12,2.009542e+00,0,14207,1,1,1,0,0,1,1,1,1,0
2.789367e-12,2.789367e+00,1,14208,0,1,1,1,0,0,1,1,1,1
-1.973888e-11,-1.973888e+01,0,14211,1,1,1,0,1,1,1,0,0,1
1.557767e-12,1.557767e+00,1,14212,0,1,1,1,0,1,1,1,0,0
-1.909616e-12,-1.909616e+00,0,14215,1,1,1,0,1,1,1,0,1,1
-7.739414e-13,-7.739414e-01,1,14219,0,0,0,0,1,1,1,0,1,1
-3.896197e-13,-3.896197e-01,0,14220,1,0,0,0,0,1,1,1,0,1
-2.499812e-12,-2.499812e+00,1,14221,0,1,0,0,0,0,1,1,1,0
-3.620751e-13,-3.620751e-01,0,14225,1,1,1,1,0,1,0,0,0,0
3.748663e-12,3.748663e+00,1,14226,0,1,1,1,1,0,1,0,0,0
-3.625123e-11,-3.625123e+01,0,14227,1,0,1,1,1,1,0,1,0,0
5.196450e-11,5.196450e+01,1,14228,0,1,0,1,1,1,1,0,1,0
-2.803540e-11,-2.803540e+01,0,14230,1,1,0,1,0,1,1,1,1,0
1.944644e-12,1.944644e+00,1,14232,0,0,1,1,0,1,0,1,1,1
4.236878e-12,4.236878e+00,0,14233,1,0,0,1,1,0,1,0,1,1
-9.537629e-13,-9.537629e-01,1,14234,0,1,0,0,1,1,0,1,0,1
1.310933e-12,1.310933e+00,0,14236,1,1,0,1,0,0,1,1,0,1
1.804071e-12,1.804071e+00,1,14238,0,0,1,1,0,1,0,0,1,1
7.215232e-12,7.215232e+00,0,14239,1,0,0,1,1,0,1,0,0,1
6.684238e-12,6.684238e+00,1,14242,0,0,0,1,0,0,1,1,0,1
9.333129e-12,9.333129e+00,0,14247,1,1,1,1,1,0,0,0,1,0
-5.512756e-12,-5.512756e+00,1,14250,0,0,0,1,1,1,1,1,0,0
3.743382e-11,3.743382e+01,0,14251,1,0,0,0,1,1,1,1,1,0
-6.338104e-13,-6.338104e-01,1,14252,0,1,0,0,0,1,1,1,1,1
-3.886894e-12,-3.886894e+00,0,14255,1,1,1,0,1,0,0,0,1,1
1.838386e-12,1.838386e+00,1,14256,0,1,1,1,0,1,0,0,0,1
-8.806606e-12,-8.806606e+00,0,14258,1,1,0,1,1,1,0,1,0,0
1.049204e-12,1.049204e+00,1,14262,0,0,0,0,1,1,0,1,1,1
6.573749e-12,6.573749e+00,0,14263,1,0,0,0,0,1,1,0,1,1
-8.375310e-13,-8.375310e-01,1,14267,0,0,0,0,1,0,0,0,0,1
-4.282752e-12,-4.282752e+00,0,14268,1,0,0,0,0,1,0,0,0,0
9.302994e-13,9.302994e-01,1,14269,0,1,0,0,0,0,1,0,0,0
-3.016749e-12,-3.016749e+00,0,14270,1,0,1,0,0,0,0,1,0,0
2.006644e-12,2.006644e+00,1,14271,0,1,0,1,0,0,0,0,1,0
4.500490e-12,4.500490e+00,0,14273,1,1,0,1,0,1,0,0,0,0
-1.316183e-11,-1.316183e+01,1,14275,0,0,1,1,0,1,0,1,0,0
1.063122e-11,1.063122e+01,0,14277,1,1,0,0,1,1,0,1,0,1
7.615992e-12,7.615992e+00,1,14278,0,1,1,0,0,1,1,0,1,0
1.023634e-12,1.023634e+00,0,14279,1,0,1,1,0,0,1,1,0,1
1.113158e-11,1.113158e+01,1,14281,0,0,1,0,1,1,0,0,1,1
-2.886831e-11,-2.886831e+01,0,14282,1,0,0,1,0,1,1,0,0,1
-5.933926e-12,-5.933926e+00,1,14285,0,0,0,1,0,0,1,0,1,1
-7.044281e-13,-7.044281e-01,0,14288,1,1,1,0,0,0,1,0,0,1
7.803842e-12,7.803842e+00,1,14290,0,0,1,1,1,0,0,0,1,0
-3.219605e-11,-3.219605e+01,0,14291,1,0,0,1,1,1,0,0,0,1
4.262568e-11,4.262568e+01,1,14292,0,1,0,0,1,1,1,0,0,0
2.625786e-12,2.625786e+00,0,14293,1,0,1,0,0,1,1,1,0,0
-2.643772e-12,-2.643772e+00,1,14297,0,0,0,0,1,0,1,0,0,1
-1.632247e-11,-1.632247e+01,0,14299,1,1,0,0,0,0,1,0,1,0
1.034462e-12,1.034462e+00,1,14302,0,0,0,1,1,0,0,0,0,1
7.815521e-13,7.815521e-01,0,14303,1,0,0,0,1,1,0,0,0,0
3.671232e-12,3.671232e+00,1,14305,0,0,1,0,0,0,1,1,0,0
2.555088e-12,2.555088e+00,0,14307,1,1,0,0,1,0,0,0,1,1
5.185716e-12,5.185716e+00,1,14308,0,1,1,0,0,1,0,0,0,1
-2.149041e-14,-2.149041e-02,0,14309,1,0,1,1,0,0,1,0,0,0
2.217727e-12,2.217727e+00,1,14310,0,1,0,1,1,0,0,1,0,0
3.024262e-12,3.024262e+00,0,14311,1,0,1,0,1,1,0,0,1,0
2.485430e-12,2.485430e+00,1,14312,0,1,0,1,0,1,1,0,0,1
1.594951e-12,1.594951e+00,0,14316,1,1,1,1,0,1,0,1,0,1
3.156656e-11,3.156656e+01,1,14319,0,0,0,1,1,1,1,0,1,0
2.598466e-12,2.598466e+00,0,14320,1,0,0,0,1,1,1,1,0,1
2.283126e-12,2.283126e+00,1,14322,0,0,1,0,0,0,1,1,1,1
-3.570605e-11,-3.570605e+01,0,14323,1,0,0,1,0,0,0,1,1,1
-6.063328e-13,-6.063328e-01,1,14328,0,0,0,0,0,1,0,0,1,0
3.822998e-13,3.822998e-01,0,14330,1,1,0,0,0,0,0,1,0,0
1.425213e-13,1.425213e-01,1,14332,0,0,1,1,0,0,0,0,0,1
1.445023e-11,1.445023e+01,0,14336,1,1,1,1,0,0,1,1,0,0
4.925648e-13,4.925648e-01,1,14337,0,1,1,1,1,0,0,1,1,0
5.470567e-12,5.470567e+00,0,14339,1,1,0,1,1,1,1,0,0,1
8.504707e-12,8.504707e+00,1,14342,0,0,0,1,1,0,1,1,1,1
4.112835e-13,4.112835e-01,0,14345,1,1,1,0,0,0,1,1,0,1
3.707967e-11,3.707967e+01,1,14346,0,1,1,1,0,0,0,1,1,0
7.301347e-12,7.301347e+00,0,14350,1,1,1,1,0,1,1,1,0,0
-1.562967e-12,-1.562967e+00,1,14354,0,0,0,0,1,1,1,1,0,1
1.856396e-11,1.856396e+01,0,14356,1,1,0,0,0,0,1,1,1,1
1.098280e-12,1.098280e+00,1,14358,0,0,1,1,0,0,0,0,1,1
-3.130809e-12,-3.130809e+00,0,14360,1,1,0,0,1,1,0,0,0,0
2.513021e-11,2.513021e+01,1,14361,0,1,1,0,0,1,1,0,0,0
-4.994769e-12,-4.994769e+00,0,14362,1,0,1,1,0,0,1,1,0,0
-2.160573e-12,-2.160573e+00,1,14363,0,1,0,1,1,0,0,1,1,0
6.690231e-13,6.690231e-01,0,14365,1,1,0,1,0,1,1,0,0,1
1.598378e-12,1.598378e+00,1,14368,0,0,0,1,1,0,1,0,1,1
-2.884811e-11,-2.884811e+01,0,14371,1,1,1,0,0,0,1,1,0,1
-5.473889e-12,-5.473889e+00,1,14373,0,0,1,1,1,0,0,0,1,1
1.777801e-12,1.777801e+00,0,14374,1,0,0,1,1,1,0,0,0,1
-1.319815e-12,-1.319815e+00,1,14377,0,0,0,1,0,0,1,1,1,0
1.775757e-12,1.775757e+00,0,14379,1,1,0,0,0,1,0,0,1,1
-2.786514e-13,-2.786514e-01,1,14383,0,0,0,0,1,1,0,0,0,1
-3.638737e-12,-3.638737e+00,0,14387,1,1,1,1,0,0,0,0,1,1
1.870101e-12,1.870101e+00,1,14388,0,1,1,1,1,0,0,0,0,1
-3.812980e-11,-3.812980e+01,0,14389,1,0,1,1,1,1,0,0,0,0
7.534911e-12,7.534911e+00,1,14390,0,1,0,1,1,1,1,0,0,0
-8.819224e-13,-8.819224e-01,0,14391,1,0,1,0,1,1,1,1,0,0
-2.153669e-13,-2.153669e-01,1,14392,0,1,0,1,0,1,1,1,1,0
1.286494e-12,1.286494e+00,0,14394,1,1,0,1,0,1,0,1,1,1
-1.092686e-12,-1.092686e+00,1,14399,0,0,0,0,0,1,1,0,1,0
-1.100223e-11,-1.100223e+01,0,14400,1,0,0,0,0,0,1,1,0,1
-3.849731e-11,-3.849731e+01,1,14402,0,0,1,0,0,0,0,0,1,1
4.795380e-11,4.795380e+01,0,14403,1,0,0,1,0,0,0,0,0,1
-4.038197e-12,-4.038197e+00,1,14406,0,0,0,1,0,0,1,0,0,0
1.277624e-12,1.277624e+00,0,14408,1,1,0,0,0,1,0,0,1,0
4.793582e-12,4.793582e+00,1,14409,0,1,1,0,0,0,1,0,0,1
3.731082e-12,3.731082e+00,0,14413,1,1,1,1,0,1,1,0,0,0
-5.600081e-13,-5.600081e-01,1,14415,0,0,1,1,1,1,0,1,1,0
-2.568488e-12,-2.568488e+00,0,14417,1,1,0,0,1,1,1,1,0,1
-1.982321e-12,-1.982321e+00,1,14420,0,0,0,1,1,0,0,1,1,1
3.360302e-12,3.360302e+00,0,14421,1,0,0,0,1,1,0,0,1,1
4.035853e-12,4.035853e+00,1,14422,0,1,0,0,0,1,1,0,0,1
-7.470674e-12,-7.470674e+00,0,14424,1,1,0,1,0,0,0,1,1,0
-5.610884e-12,-5.610884e+00,1,14427,0,0,0,1,1,0,1,0,0,0
8.458927e-12,8.458927e+00,0,14430,1,1,1,0,0,0,1,1,0,1
1.137495e-12,1.137495e+00,1,14431,0,1,1,1,0,0,0,1,1,0
-2.412832e-12,-2.412832e+00,0,14432,1,0,1,1,1,0,0,0,1,1
9.860158e-13,9.860158e-01,1,14434,0,0,1,0,1,1,1,0,0,0
6.056944e-13,6.056944e-01,0,14437,1,1,1,0,0,1,0,1,1,1
6.423297e-12,6.423297e+00,1,14438,0,1,1,1,0,0,1,0,1,1
-5.681957e-12,-5.681957e+00,0,14439,1,0,1,1,1,0,0,1,0,1
7.186101e-12,7.186101e+00,1,14440,0,1,0,1,1,1,0,0,1,0
2.883855e-11,2.883855e+01,0,14445,1,1,1,1,1,0,1,0,1,1
5.745170e-13,5.745170e-01,1,14449,0,0,0,0,1,1,1,1,1,0
5.224203e-12,5.224203e+00,0,14450,1,0,0,0,0,1,1,1,1,1
-2.487373e-12,-2.487373e+00,1,14452,0,0,1,0,0,0,0,1,1,1
-3.259348e-11,-3.259348e+01,0,14454,1,1,0,0,1,0,0,0,0,1
1.302849e-12,1.302849e+00,1,14455,0,1,1,0,0,1,0,0,0,0
9.208275e-13,9.208275e-01,0,14458,1,1,1,0,1,1,0,0,1,0
3.951566e-11,3.951566e+01,1,14459,0,1,1,1,0,1,1,0,0,1
-2.339847e-12,-2.339847e+00,0,14463,1,1,1,1,0,1,1,1,0,1
-2.123636e-12,-2.123636e+00,1,14466,0,0,0,1,1,1,1,0,1,1
-4.761926e-12,-4.761926e+00,0,14467,1,0,0,0,1,1,1,1,0,1
2.135224e-12,2.135224e+00,1,14468,0,1,0,0,0,1,1,1,1,0
-1.550250e-12,-1.550250e+00,0,14472,1,1,1,1,0,1,0,0,0,1
-3.189001e-12,-3.189001e+00,1,14473,0,1,1,1,1,0,1,0,0,0
1.286630e-11,1.286630e+01,0,14476,1,1,1,0,1,1,1,1,0,1
-7.507520e-13,-7.507520e-01,1,14477,0,1,1,1,0,1,1,1,1,0
2.171944e-12,2.171944e+00,0,14478,1,0,1,1,1,0,1,1,1,1
-3.919591e-12,-3.919591e+00,1,14480,0,0,1,0,1,1,1,0,1,1
-2.753500e-12,-2.753500e+00,0,14482,1,1,0,0,1,0,1,1,1,0
4.111068e-12,4.111068e+00,1,14483,0,1,1,0,0,1,0,1,1,1
2.861384e-12,2.861384e+00,0,14484,1,0,1,1,0,0,1,0,1,1
2.476489e-11,2.476489e+01,1,14488,0,0,0,0,1,0,1,1,0,0
-2.396384e-12,-2.396384e+00,0,14489,1,0,0,0,0,1,0,1,1,0
2.013467e-12,2.013467e+00,1,14492,0,0,0,1,0,0,0,0,1,0
4.690595e-12,4.690595e+00,0,14497,1,1,1,1,1,0,0,0,1,0
1.111757e-12,1.111757e+00,1,14498,0,1,1,1,1,1,0,0,0,1
1.884829e-12,1.884829e+00,0,14502,1,1,1,1,0,1,1,1,1,1
-3.624198e-12,-3.624198e+00,1,14503,0,1,1,1,1,0,1,1,1,1
-2.291528e-12,-2.291528e+00,0,14504,1,0,1,1,1,1,0,1,1,1
3.796829e-12,3.796829e+00,1,14505,0,1,0,1,1,1,1,0,1,1
-4.704608e-12,-4.704608e+00,0,14507,1,1,0,1,0,1,1,1,1,0
-4.094731e-13,-4.094731e-01,1,14508,0,1,1,0,1,0,1,1,1,1
-2.541160e-12,-2.541160e+00,0,14509,1,0,1,1,0,1,0,1,1,1
-1.676557e-11,-1.676557e+01,1,14514,0,0,0,0,0,1,0,1,1,0
2.487038e-11,2.487038e+01,0,14515,1,0,0,0,0,0,1,0,1,1
4.331636e-13,4.331636e-01,1,14517,0,0,1,0,0,0,0,0,1,0
-3.341434e-12,-3.341434e+00,0,14522,1,1,1,1,1,0,0,1,0,0
-3.527657e-11,-3.527657e+01,1,14523,0,1,1,1,1,1,0,0,1,0
-3.955684e-11,-3.955684e+01,0,14525,1,1,0,1,1,1,1,1,0,0
2.360546e-12,2.360546e+00,1,14527,0,0,1,1,0,1,1,1,1,1
-2.492166e-12,-2.492166e+00,0,14530,1,1,1,0,0,1,1,0,1,1
2.281558e-11,2.281558e+01,1,14531,0,1,1,1,0,0,1,1,0,1
1.768186e-11,1.768186e+01,0,14533,1,1,0,1,1,1,0,0,1,1
-4.830989e-12,-4.830989e+00,1,14535,0,0,1,1,0,1,1,1,0,0
5.943759e-12,5.943759e+00,0,14538,1,1,1,0,0,1,1,0,1,1
5.040050e-13,5.040050e-01,1,14542,0,0,0,0,1,1,1,0,0,1
3.401875e-12,3.401875e+00,0,14543,1,0,0,0,0,1,1,1,0,0
4.488545e-12,4.488545e+00,1,14544,0,1,0,0,0,0,1,1,1,0
1.431454e-12,1.431454e+00,0,14545,1,0,1,0,0,0,0,1,1,1
5.911740e-12,5.911740e+00,1,14546,0,1,0,1,0,0,0,0,1,1
-3.146613e-13,-3.146613e-01,0,14547,1,0,1,0,1,0,0,0,0,1
4.262304e-12,4.262304e+00,1,14548,0,1,0,1,0,1,0,0,0,0
4.243400e-11,4.243400e+01,0,14551,1,1,1,0,1,0,1,0,1,0
2.434107e-12,2.434107e+00,1,14552,0,1,1,1,0,1,0,1,0,1
-9.299548e-13,-9.299548e-01,0,14561,1,1,1,1,1,1,1,1,1,0
-8.670949e-13,-8.670949e-01,1,14562,0,1,1,1,1,1,1,1,1,1
4.606269e-12,4.606269e+00,0,14563,1,0,1,1,1,1,1,1,1,1
9.771253e-13,9.771253e-01,1,14573,0,0,0,0,0,0,0,0,0,0
1.796651e-12,1.796651e+00,0,14574,1,0,0,0,0,0,0,0,0,0
3.273206e-12,3.273206e+00,1,14585,0,0,0,0,0,0,0,0,0,0
-1.729069e-12,-1.729069e+00,0,14586,1,0,0,0,0,0,0,0,0,0
9.988063e-13,9.988063e-01,1,14587,0,1,0,0,0,0,0,0,0,0
2.674693e-14,2.674693e-02,0,14589,1,1,0,1,0,0,0,0,0,0
3.648388e-12,3.648388e+00,1,14590,0,1,1,0,1,0,0,0,0,0
-2.916967e-12,-2.916967e+00,0,14592,1,1,0,1,1,0,1,0,0,0
-1.315123e-12,-1.315123e+00,1,14593,0,1,1,0,1,1,0,1,0,0
3.392324e-12,3.392324e+00,0,14595,1,1,0,1,1,0,1,1,0,1
1.019917e-12,1.019917e+00,1,14596,0,1,1,0,1,1,0,1,1,0
2.833441e-12,2.833441e+00,0,14597,1,0,1,1,0,1,1,0,1,1
-3.178158e-11,-3.178158e+01,1,14599,0,0,1,0,1,1,0,1,1,0
2.028206e-12,2.028206e+00,0,14603,1,1,1,1,0,0,1,0,1,1
1.616400e-12,1.616400e+00,1,14605,0,0,1,1,1,1,0,0,1,0
-2.182741e-12,-2.182741e+00,0,14610,1,1,1,1,1,0,0,1,1,1
-5.545384e-12,-5.545384e+00,1,14615,0,0,0,0,0,1,1,1,1,1
-5.272022e-12,-5.272022e+00,0,14618,1,1,1,0,0,0,0,0,1,1
1.403871e-12,1.403871e+00,1,14619,0,1,1,1,0,0,0,0,0,1
-4.160703e-12,-4.160703e+00,0,14621,1,1,0,1,1,1,0,0,0,0
2.402264e-12,2.402264e+00,1,14627,0,0,0,0,0,0,1,1,0,1
1.701326e-12,1.701326e+00,0,14629,1,1,0,0,0,0,0,0,1,1
-5.389898e-12,-5.389898e+00,1,14631,0,0,1,1,0,0,0,0,0,0
2.703142e-13,2.703142e-01,0,14634,1,1,1,0,0,1,1,0,0,0
5.763812e-12,5.763812e+00,1,14635,0,1,1,1,0,0,1,1,0,0
1.350791e-12,1.350791e+00,0,14637,1,1,0,1,1,1,0,0,1,1
-3.864911e-11,-3.864911e+01,1,14638,0,1,1,0,1,1,1,0,0,1
1.396718e-11,1.396718e+01,0,14639,1,0,1,1,0,1,1,1,0,0
-1.468104e-11,-1.468104e+01,1,14640,0,1,0,1,1,0,1,1,1,0
1.369984e-11,1.369984e+01,0,14641,1,0,1,0,1,1,0,1,1,1
-5.923436e-13,-5.923436e-01,1,14642,0,1,0,1,0,1,1,0,1,1
2.498114e-12,2.498114e+00,0,14643,1,0,1,0,1,0,1,1,0,1
7.517322e-13,7.517322e-01,1,14644,0,1,0,1,0,1,0,1,1,0
-1.315907e-12,-1.315907e+00,0,14648,1,1,1,1,0,1,0,1,0,1
9.978866e-13,9.978866e-01,1,14650,0,0,1,1,1,1,0,1,0,1
4.336901e-12,4.336901e+00,0,14651,1,0,0,1,1,1,1,0,1,0
1.136939e-12,1.136939e+00,1,14653,0,0,1,0,0,1,1,1,1,0
3.545290e-11,3.545290e+01,0,14654,1,0,0,1,0,0,1,1,1,1
1.914934e-12,1.914934e+00,1,14656,0,0,1,0,0,1,0,0,1,1
-7.808496e-11,-7.808496e+01,0,14658,1,1,0,0,1,0,0,1,0,0
4.539417e-11,4.539417e+01,1,14659,0,1,1,0,0,1,0,0,1,0
5.394271e-12,5.394271e+00,0,14660,1,0,1,1,0,0,1,0,0,1
-9.308370e-13,-9.308370e-01,1,14661,0,1,0,1,1,0,0,1,0,0
2.844678e-11,2.844678e+01,0,14662,1,0,1,0,1,1,0,0,1,0
1.745946e-12,1.745946e+00,1,14665,0,0,0,1,0,1,0,1,1,0
1.068870e-11,1.068870e+01,0,14666,1,0,0,0,1,0,1,0,1,1
2.965578e-13,2.965578e-01,1,14667,0,1,0,0,0,1,0,1,0,1
2.469297e-12,2.469297e+00,0,14668,1,0,1,0,0,0,1,0,1,0
-8.877583e-13,-8.877583e-01,1,14669,0,1,0,1,0,0,0,1,0,1
8.006155e-12,8.006155e+00,0,14670,1,0,1,0,1,0,0,0,1,0
3.264896e-12,3.264896e+00,1,14672,0,0,1,0,1,0,1,0,0,0
3.806617e-11,3.806617e+01,0,14673,1,0,0,1,0,1,0,1,0,0
-1.051827e-12,-1.051827e+00,1,14677,0,0,0,0,1,0,0,1,0,1
-4.755571e-13,-4.755571e-01,0,14678,1,0,0,0,0,1,0,0,1,0
7.347481e-12,7.347481e+00,1,14680,0,0,1,0,0,0,0,1,0,0
2.528244e-11,2.528244e+01,0,14681,1,0,0,1,0,0,0,0,1,0
1.329585e-12,1.329585e+00,1,14684,0,0,0,1,0,0,1,0,0,0
6.570470e-13,6.570470e-01,0,14685,1,0,0,0,1,0,0,1,0,0
-5.178815e-13,-5.178815e-01,1,14686,0,1,0,0,0,1,0,0,1,0
2.791364e-12,2.791364e+00,0,14688,1,1,0,1,0,0,0,1,0,0
1.319608e-12,1.319608e+00,1,14690,0,0,1,1,0,1,0,0,0,1
1.141184e-12,1.141184e+00,0,14694,1,1,1,1,0,0,1,1,0,1
3.577706e-12,3.577706e+00,1,14695,0,1,1,1,1,0,0,1,1,0
7.221302e-12,7.221302e+00,0,14696,1,0,1,1,1,1,0,0,1,1
2.011672e-12,2.011672e+00,1,14698,0,0,1,0,1,1,1,1,0,0
1.011274e-11,1.011274e+01,0,14701,1,1,1,0,0,1,0,1,1,1
2.192023e-12,2.192023e+00,1,14706,0,0,0,0,0,1,1,1,0,0
3.654740e-11,3.654740e+01,0,14707,1,0,0,0,0,0,1,1,1,0
-4.082913e-13,-4.082913e-01,1,14710,0,0,0,1,0,0,0,0,0,1
1.808316e-12,1.808316e+00,0,14712,1,1,0,0,0,1,0,0,0,0
5.329999e-14,5.329999e-02,1,14718,0,0,0,0,0,0,1,1,0,0
3.914175e-12,3.914175e+00,0,14719,1,0,0,0,0,0,0,1,1,0
5.558316e-12,5.558316e+00,1,14720,0,1,0,0,0,0,0,0,1,1
-6.211926e-13,-6.211926e-01,0,14723,1,1,1,0,1,0,0,0,0,0
-4.872783e-12,-4.872783e+00,1,14730,0,0,0,0,0,0,0,1,1,1
-4.220535e-12,-4.220535e+00,0,14731,1,0,0,0,0,0,0,0,1,1
-2.480068e-13,-2.480068e-01,1,14735,0,0,0,0,1,0,0,0,0,0
4.370152e-12,4.370152e+00,0,14737,1,1,0,0,0,0,1,0,0,0
8.123540e-13,8.123540e-01,1,14738,0,1,1,0,0,0,0,1,0,0
6.405642e-12,6.405642e+00,0,14740,1,1,0,1,1,0,0,0,0,1
-3.359425e-11,-3.359425e+01,1,14741,0,1,1,0,1,1,0,0,0,0
-1.304705e-12,-1.304705e+00,0,14742,1,0,1,1,0,1,1,0,0,0
3.852207e-12,3.852207e+00,1,14747,0,0,0,0,0,1,0,1,1,0
-1.062620e-11,-1.062620e+01,0,14751,1,1,1,1,0,0,0,0,0,1
9.422848e-12,9.422848e+00,1,14753,0,0,1,1,1,1,0,0,0,0
-4.419990e-12,-4.419990e+00,0,14754,1,0,0,1,1,1,1,0,0,0
6.974519e-13,6.974519e-01,1,14755,0,1,0,0,1,1,1,1,0,0
6.006326e-12,6.006326e+00,0,14757,1,1,0,1,0,0,1,1,1,1
2.367157e-12,2.367157e+00,1,14758,0,1,1,0,1,0,0,1,1,1
6.042608e-12,6.042608e+00,0,14759,1,0,1,1,0,1,0,0,1,1
-3.274343e-12,-3.274343e+00,1,14760,0,1,0,1,1,0,1,0,0,1
-2.970607e-11,-2.970607e+01,0,14762,1,1,0,1,0,1,1,0,1,0
-4.631382e-12,-4.631382e+00,1,14765,0,0,0,1,1,0,1,0,1,1
-5.787983e-12,-5.787983e+00,0,14766,1,0,0,0,1,1,0,1,0,1
5.272771e-12,5.272771e+00,1,14769,0,0,0,1,0,0,0,1,1,0
-2.733921e-11,-2.733921e+01,0,14770,1,0,0,0,1,0,0,0,1,1
1.897192e-13,1.897192e-01,1,14772,0,0,1,0,0,0,1,0,0,0
-2.790048e-12,-2.790048e+00,0,14775,1,1,1,0,0,1,0,0,0,1
8.500783e-13,8.500783e-01,1,14776,0,1,1,1,0,0,1,0,0,0
1.155650e-13,1.155650e-01,0,14777,1,0,1,1,1,0,0,1,0,0
2.338253e-12,2.338253e+00,1,14781,0,0,0,0,1,0,1,1,1,0
-3.646927e-13,-3.646927e-01,0,14782,1,0,0,0,0,1,0,1,1,1
2.897973e-12,2.897973e+00,1,14783,0,1,0,0,0,0,1,0,1,1
-8.039852e-14,-8.039852e-02,0,14784,1,0,1,0,0,0,0,1,0,1
-1.109626e-12,-1.109626e+00,1,14785,0,1,0,1,0,0,0,0,1,0
4.340623e-12,4.340623e+00,0,14790,1,1,1,1,1,0,1,0,1,0
-9.542521e-12,-9.542521e+00,1,14791,0,1,1,1,1,1,0,1,0,1
7.661030e-12,7.661030e+00,0,14798,1,1,1,1,1,1,1,0,1,1
-3.042665e-11,-3.042665e+01,1,14799,0,1,1,1,1,1,1,1,0,1
-6.486130e-13,-6.486130e-01,0,14801,1,1,0,1,1,1,1,1,1,1
1.404374e-12,1.404374e+00,1,14803,0,0,1,1,0,1,1,1,1,1
-6.509945e-13,-6.509945e-01,0,14805,1,1,0,0,1,1,0,1,1,1
9.942153e-13,9.942153e-01,1,14806,0,1,1,0,0,1,1,0,1,1
2.066743e-12,2.066743e+00,0,14808,1,1,0,1,1,0,0,1,1,0
-1.635658e-12,-1.635658e+00,1,14809,0,1,1,0,1,1,0,0,1,1
-6.449856e-12,-6.449856e+00,0,14810,1,0,1,1,0,1,1,0,0,1
1.124599e-12,1.124599e+00,1,14813,0,0,0,1,0,1,1,0,1,1
4.478214e-12,4.478214e+00,0,14816,1,1,1,0,0,0,1,0,1,1
-4.487587e-12,-4.487587e+00,1,14818,0,0,1,1,1,0,0,0,1,0
6.663851e-12,6.663851e+00,0,14823,1,1,1,1,1,0,0,1,1,1
-1.604474e-11,-1.604474e+01,1,14824,0,1,1,1,1,1,0,0,1,1
4.101095e-11,4.101095e+01,0,14825,1,0,1,1,1,1,1,0,0,1
1.011051e-12,1.011051e+00,1,14826,0,1,0,1,1,1,1,1,0,0
-6.824429e-13,-6.824429e-01,0,14829,1,1,1,0,1,0,1,1,1,1
1.360668e-11,1.360668e+01,1,14835,0,0,0,0,0,0,1,1,1,0
-3.496272e-12,-3.496272e+00,0,14836,1,0,0,0,0,0,0,1,1,1
9.089694e-13,9.089694e-01,1,14838,0,0,1,0,0,0,0,0,0,1
8.292617e-13,8.292617e-01,0,14840,1,1,0,0,1,0,0,0,0,0
3.316178e-11,3.316178e+01,1,14847,0,0,0,0,0,0,0,1,1,0
2.486505e-12,2.486505e+00,0,14848,1,0,0,0,0,0,0,0,1,1
-2.353386e-12,-2.353386e+00,1,14849,0,1,0,0,0,0,0,0,0,1
2.101236e-12,2.101236e+00,0,14850,1,0,1,0,0,0,0,0,0,0
1.118948e-11,1.118948e+01,1,14851,0,1,0,1,0,0,0,0,0,0
-2.881042e-11,-2.881042e+01,0,14852,1,0,1,0,1,0,0,0,0,0
-6.881031e-11,-6.881031e+01,1,14853,0,1,0,1,0,1,0,0,0,0
9.179499e-11,9.179499e+01,0,14855,1,1,0,1,0,1,0,1,0,0
5.179509e-11,5.179509e+01,1,14856,0,1,1,0,1,0,1,0,1,0
-4.644610e-13,-4.644610e-01,0,14858,1,1,0,1,1,0,1,0,1,0
1.167113e-12,1.167113e+00,1,14860,0,0,1,1,0,1,1,0,1,0
6.936771e-12,6.936771e+00,0,14861,1,0,0,1,1,0,1,1,0,1
-1.501269e-13,-1.501269e-01,1,14863,0,0,1,0,0,1,1,0,1,1
2.771622e-11,2.771622e+01,0,14864,1,0,0,1,0,0,1,1,0,1
-6.240000e-13,-6.240000e-01,1,14867,0,0,0,1,0,0,1,0,0,1
2.425068e-12,2.425068e+00,0,14868,1,0,0,0,1,0,0,1,0,0
3.907894e-12,3.907894e+00,1,14869,0,1,0,0,0,1,0,0,1,0
1.484693e-12,1.484693e+00,0,14870,1,0,1,0,0,0,1,0,0,1
1.190252e-11,1.190252e+01,1,14871,0,1,0,1,0,0,0,1,0,0
1.953205e-11,1.953205e+01,0,14872,1,0,1,0,1,0,0,0,1,0
3.141488e-11,3.141488e+01,1,14875,0,0,0,1,0,1,0,1,0,0
-4.316359e-12,-4.316359e+00,0,14876,1,0,0,0,1,0,1,0,1,0
1.797280e-12,1.797280e+00,1,14877,0,1,0,0,0,1,0,1,0,1
-3.282762e-12,-3.282762e+00,0,14885,1,1,1,1,1,1,1,1,0,1
2.610256e-11,2.610256e+01,1,14886,0,1,1,1,1,1,1,1,1,0
-4.076436e-12,-4.076436e+00,0,14887,1,0,1,1,1,1,1,1,1,1
1.330917e-11,1.330917e+01,1,14889,0,0,1,0,1,1,1,1,1,1
6.352129e-12,6.352129e+00,0,14891,1,1,0,0,1,0,1,1,1,1
3.132139e-12,3.132139e+00,1,14892,0,1,1,0,0,1,0,1,1,1
-2.485187e-12,-2.485187e+00,0,14894,1,1,0,1,1,0,0,1,0,1
2.461860e-12,2.461860e+00,1,14895,0,1,1,0,1,1,0,0,1,0
4.508438e-12,4.508438e+00,0,14900,1,1,1,1,1,0,1,1,0,1
7.459180e-12,7.459180e+00,1,14903,0,0,0,1,1,1,1,1,0,1
-4.969557e-13,-4.969557e-01,0,14904,1,0,0,0,1,1,1,1,1,0
2.466057e-12,2.466057e+00,1,14905,0,1,0,0,0,1,1,1,1,1
8.274220e-12,8.274220e+00,0,14906,1,0,1,0,0,0,1,1,1,1
3.949672e-13,3.949672e-01,1,14912,0,0,0,0,0,0,1,0,1,0
1.771704e-12,1.771704e+00,0,14914,1,1,0,0,0,0,0,0,1,0
6.598611e-12,6.598611e+00,1,14916,0,0,1,1,0,0,0,0,0,0
1.569802e-12,1.569802e+00,0,14917,1,0,0,1,1,0,0,0,0,0
-4.917421e-12,-4.917421e+00,1,14924,0,0,0,0,0,0,0,1,0,0
-1.562659e-12,-1.562659e+00,0,14927,1,1,1,0,0,0,0,0,0,0
4.088472e-12,4.088472e+00,1,14929,0,0,1,1,1,0,0,0,0,0
1.126133e-11,1.126133e+01,0,14931,1,1,0,0,1,1,1,0,0,0
-2.873857e-11,-2.873857e+01,1,14932,0,1,1,0,0,1,1,1,0,0
5.402732e-12,5.402732e+00,0,14934,1,1,0,1,1,0,0,1,1,1
-1.690051e-12,-1.690051e+00,1,14935,0,1,1,0,1,1,0,0,1,1
4.484011e-12,4.484011e+00,0,14936,1,0,1,1,0,1,1,0,0,1
4.111717e-12,4.111717e+00,1,14937,0,1,0,1,1,0,1,1,0,0
6.786001e-12,6.786001e+00,0,14940,1,1,1,0,1,0,1,1,0,1
6.660291e-12,6.660291e+00,1,14943,0,0,0,1,1,1,0,1,0,1
-3.465501e-12,-3.465501e+00,0,14944,1,0,0,0,1,1,1,0,1,0
2.100045e-11,2.100045e+01,1,14945,0,1,0,0,0,1,1,1,0,1
-3.438051e-12,-3.438051e+00,0,14946,1,0,1,0,0,0,1,1,1,0
-1.145566e-12,-1.145566e+00,1,14948,0,0,1,0,1,0,0,0,1,1
-1.764373e-13,-1.764373e-01,0,14949,1,0,0,1,0,1,0,0,0,1
-1.971482e-12,-1.971482e+00,1,14950,0,1,0,0,1,0,1,0,0,0
-2.993142e-12,-2.993142e+00,0,14953,1,1,1,0,1,0,0,1,0,1
-5.992610e-12,-5.992610e+00,1,14954,0,1,1,1,0,1,0,0,1,0
8.140676e-12,8.140676e+00,0,14955,1,0,1,1,1,0,1,0,0,1
3.293798e-12,3.293798e+00,1,14957,0,0,1,0,1,1,1,0,1,0
-3.747486e-12,-3.747486e+00,0,14958,1,0,0,1,0,1,1,1,0,1
-9.594512e-13,-9.594512e-01,1,14959,0,1,0,0,1,0,1,1,1,0
-6.957286e-13,-6.957286e-01,0,14960,1,0,1,0,0,1,0,1,1,1
1.498627e-13,1.498627e-01,1,14962,0,0,1,0,1,0,0,1,0,1
-1.066832e-12,-1.066832e+00,0,14964,1,1,0,0,1,0,1,0,0,1
1.326971e-14,1.326971e-02,1,14966,0,0,1,1,0,0,1,0,1,0
-1.859942e-12,-1.859942e+00,0,14967,1,0,0,1,1,0,0,1,0,1
-4.185984e-11,-4.185984e+01,1,14968,0,1,0,0,1,1,0,0,1,0
-8.185974e-11,-8.185974e+01,0,14969,1,0,1,0,0,1,1,0,0,1
6.067057e-12,6.067057e+00,1,14971,0,0,1,0,1,0,0,1,1,0
9.252202e-13,9.252202e-01,0,14972,1,0,0,1,0,1,0,0,1,1
3.335526e-11,3.335526e+01,1,14973,0,1,0,0,1,0,1,0,0,1
5.066711e-12,5.066711e+00,0,14974,1,0,1,0,0,1,0,1,0,0
3.593216e-12,3.593216e+00,1,14975,0,1,0,1,0,0,1,0,1,0
2.206965e-12,2.206965e+00,0,14976,1,0,1,0,1,0,0,1,0,1
3.536336e-12,3.536336e+00,1,14977,0,1,0,1,0,1,0,0,1,0
3.690844e-12,3.690844e+00,0,14978,1,0,1,0,1,0,1,0,0,1
1.384563e-12,1.384563e+00,1,14980,0,0,1,0,1,0,1,0,1,0
-6.768510e-13,-6.768510e-01,0,14981,1,0,0,1,0,1,0,1,0,1
2.889773e-12,2.889773e+00,1,14982,0,1,0,0,1,0,1,0,1,0
3.865968e-12,3.865968e+00,0,14983,1,0,1,0,0,1,0,1,0,1
1.863762e-13,1.863762e-01,1,14985,0,0,1,0,1,0,0,1,0,1
-1.281372e-12,-1.281372e+00,0,14986,1,0,0,1,0,1,0,0,1,0
2.917554e-12,2.917554e+00,1,14988,0,0,1,0,0,1,0,1,0,0
1.093294e-12,1.093294e+00,0,14989,1,0,0,1,0,0,1,0,1,0
6.967939e-12,6.967939e+00,1,14992,0,0,0,1,0,0,1,0,0,1
-1.393275e-12,-1.393275e+00,0,14993,1,0,0,0,1,0,0,1,0,0
7.711322e-12,7.711322e+00,1,14995,0,0,1,0,0,0,1,0,0,1
1.353033e-12,1.353033e+00,0,14999,1,1,1,1,0,0,1,0,0,0
-5.297951e-12,-5.297951e+00,1,15001,0,0,1,1,1,1,0,0,1,0
4.633852e-12,4.633852e+00,0,15003,1,1,0,0,1,1,1,1,0,0
2.155529e-12,2.155529e+00,1,15005,0,0,1,1,0,0,1,1,1,1
-3.547355e-11,-3.547355e+01,0,15008,1,1,1,0,0,1,1,0,0,1
5.177729e-11,5.177729e+01,1,15009,0,1,1,1,0,0,1,1,0,0
7.424337e-12,7.424337e+00,0,15012,1,1,1,0,1,1,1,0,0,1
1.094836e-12,1.094836e+00,1,15015,0,0,0,1,1,1,0,1,1,1
-1.433606e-12,-1.433606e+00,0,15018,1,1,1,0,0,0,1,1,1,0
1.088822e-12,1.088822e+00,1,15019,0,1,1,1,0,0,0,1,1,1
3.101613e-12,3.101613e+00,0,15020,1,0,1,1,1,0,0,0,1,1
3.452230e-11,3.452230e+01,1,15024,0,0,0,0,1,0,1,1,1,0
2.007505e-12,2.007505e+00,0,15026,1,1,0,0,0,0,1,0,1,1
2.147634e-12,2.147634e+00,1,15030,0,0,0,0,1,1,0,0,0,0
3.564626e-11,3.564626e+01,0,15031,1,0,0,0,0,1,1,0,0,0
-1.035679e-12,-1.035679e+00,1,15036,0,0,0,0,0,1,0,0,0,0
-7.872269e-13,-7.872269e-01,0,15039,1,1,1,0,0,0,0,0,1,0
6.622271e-13,6.622271e-01,1,15040,0,1,1,1,0,0,0,0,0,1
5.077310e-12,5.077310e+00,0,15044,1,1,1,1,0,1,1,1,0,0
-1.581290e-11,-1.581290e+01,1,15045,0,1,1,1,1,0,1,1,1,0
-2.080775e-12,-2.080775e+00,0,15047,1,1,0,1,1,1,1,0,1,1
3.439967e-12,3.439967e+00,1,15051,0,0,0,0,1,1,0,1,1,1
2.694405e-12,2.694405e+00,0,15052,1,0,0,0,0,1,1,0,1,1
-2.028185e-11,-2.028185e+01,1,15053,0,1,0,0,0,0,1,1,0,1
2.965816e-12,2.965816e+00,0,15055,1,1,0,1,0,0,0,0,1,1
6.842339e-12,6.842339e+00,1,15057,0,0,1,1,0,1,0,0,0,0
3.853747e-12,3.853747e+00,0,15060,1,1,1,0,0,1,1,0,1,0
6.148026e-13,6.148026e-01,1,15061,0,1,1,1,0,0,1,1,0,1
6.493065e-14,6.493065e-02,0,15066,1,1,1,1,1,0,1,1,1,0
3.269684e-12,3.269684e+00,1,15069,0,0,0,1,1,1,1,1,0,1
-1.862572e-13,-1.862572e-01,0,15071,1,1,0,0,0,1,1,1,1,1
3.813450e-12,3.813450e+00,1,15073,0,0,1,1,0,0,0,1,1,1
5.057279e-12,5.057279e+00,0,15075,1,1,0,0,1,1,0,0,0,1
-3.494262e-11,-3.494262e+01,1,15076,0,1,1,0,0,1,1,0,0,0
3.091312e-12,3.091312e+00,0,15079,1,1,1,0,1,1,0,0,1,1
-3.965064e-12,-3.965064e+00,1,15080,0,1,1,1,0,1,1,0,0,1
2.113536e-12,2.113536e+00,0,15081,1,0,1,1,1,0,1,1,0,0
-3.180768e-12,-3.180768e+00,1,15082,0,1,0,1,1,1,0,1,1,0
-4.318066e-11,-4.318066e+01,0,15083,1,0,1,0,1,1,1,0,1,1
1.141312e-11,1.141312e+01,1,15084,0,1,0,1,0,1,1,1,0,1
-9.814702e-12,-9.814702e+00,0,15085,1,0,1,0,1,0,1,1,1,0
8.148640e-12,8.148640e+00,1,15086,0,1,0,1,0,1,0,1,1,1
-5.792889e-12,-5.792889e+00,0,15087,1,0,1,0,1,0,1,0,1,1
5.856374e-12,5.856374e+00,1,15091,0,0,0,0,1,0,1,0,1,0
-2.068781e-12,-2.068781e+00,0,15092,1,0,0,0,0,1,0,1,0,1
-1.059144e-12,-1.059144e+00,1,15094,0,0,1,0,0,0,0,1,0,1
-2.745356e-12,-2.745356e+00,0,15095,1,0,0,1,0,0,0,0,1,0
3.171030e-12,3.171030e+00,1,15097,0,0,1,0,0,1,0,0,0,0
3.446897e-12,3.446897e+00,0,15098,1,0,0,1,0,0,1,0,0,0
-1.293798e-11,-1.293798e+01,1,15103,0,0,0,0,0,1,0,0,1,0
2.797876e-11,2.797876e+01,0,15104,1,0,0,0,0,0,1,0,0,1
-7.528240e-13,-7.528240e-01,1,15105,0,1,0,0,0,0,0,1,0,0
-5.853122e-12,-5.853122e+00,0,15106,1,0,1,0,0,0,0,0,1,0
2.666438e-11,2.666438e+01,1,15109,0,0,0,1,0,1,0,0,0,0
-3.049877e-12,-3.049877e+00,0,15110,1,0,0,0,1,0,1,0,0,0
-3.128710e-11,-3.128710e+01,1,15111,0,1,0,0,0,1,0,1,0,0
1.409214e-13,1.409214e-01,0,15113,1,1,0,1,0,0,0,1,0,1
6.775752e-12,6.775752e+00,1,15114,0,1,1,0,1,0,0,0,1,0
-3.322414e-11,-3.322414e+01,0,15115,1,0,1,1,0,1,0,0,0,1
-4.190378e-12,-4.190378e+00,1,15117,0,0,1,0,1,1,0,1,0,0
9.315924e-12,9.315924e+00,0,15118,1,0,0,1,0,1,1,0,1,0
-4.521463e-12,-4.521463e+00,1,15119,0,1,0,0,1,0,1,1,0,1
-1.500814e-12,-1.500814e+00,0,15124,1,1,1,1,1,0,1,0,0,1
6.157468e-13,6.157468e-01,1,15126,0,0,1,1,1,1,1,0,1,0
9.585843e-13,9.585843e-01,0,15127,1,0,0,1,1,1,1,1,0,1
-5.802034e-13,-5.802034e-01,1,15128,0,1,0,0,1,1,1,1,1,0
-4.879336e-12,-4.879336e+00,0,15129,1,0,1,0,0,1,1,1,1,1
1.163325e-12,1.163325e+00,1,15131,0,0,1,0,1,0,0,1,1,1
-9.111359e-13,-9.111359e-01,0,15133,1,1,0,0,1,0,1,0,0,1
1.372618e-12,1.372618e+00,1,15134,0,1,1,0,0,1,0,1,0,0
2.153494e-12,2.153494e+00,0,15137,1,1,1,0,1,1,0,0,1,0
1.074650e-12,1.074650e+00,1,15139,0,0,1,1,1,0,1,1,0,0
6.607649e-12,6.607649e+00,0,15140,1,0,0,1,1,1,0,1,1,0
2.775360e-12,2.775360e+00,1,15143,0,0,0,1,0,0,1,1,1,0
3.466213e-13,3.466213e-01,0,15147,1,1,1,1,0,0,0,1,0,0
1.031204e-12,1.031204e+00,1,15148,0,1,1,1,1,0,0,0,1,0
4.792854e-12,4.792854e+00,0,15149,1,0,1,1,1,1,0,0,0,1
-3.520704e-11,-3.520704e+01,1,15150,0,1,0,1,1,1,1,0,0,0
1.676651e-11,1.676651e+01,0,15151,1,0,1,0,1,1,1,1,0,0
-1.323424e-12,-1.323424e+00,1,15155,0,0,0,0,1,0,1,0,1,1
2.854115e-11,2.854115e+01,0,15157,1,1,0,0,0,0,1,0,1,0
-1.145875e-11,-1.145875e+01,1,15158,0,1,1,0,0,0,0,1,0,1
5.217095e-11,5.217095e+01,0,15159,1,0,1,1,0,0,0,0,1,0
-5.564492e-12,-5.564492e+00,1,15161,0,0,1,0,1,1,0,0,0,0
-3.952232e-13,-3.952232e-01,0,15162,1,0,0,1,0,1,1,0,0,0
4.047539e-11,4.047539e+01,1,15167,0,0,0,0,0,1,0,0,1,0
3.284665e-12,3.284665e+00,0,15172,1,1,1,1,1,0,0,0,0,0
-3.122604e-12,-3.122604e+00,1,15174,0,0,1,1,1,1,1,0,0,0
4.015459e-11,4.015459e+01,0,15176,1,1,0,0,1,1,1,1,1,0
1.546952e-13,1.546952e-01,1,15177,0,1,1,0,0,1,1,1,1,1
3.364307e-12,3.364307e+00,0,15180,1,1,1,0,1,1,0,0,1,1
-3.082059e-11,-3.082059e+01,1,15181,0,1,1,1,0,1,1,0,0,1
1.281780e-12,1.281780e+00,0,15183,1,1,0,1,1,1,0,1,1,0
2.685295e-11,2.685295e+01,1,15186,0,0,0,1,1,0,1,1,1,0
2.382810e-11,2.382810e+01,0,15190,1,1,1,1,0,0,0,1,1,0
-3.844313e-12,-3.844313e+00,1,15191,0,1,1,1,1,0,0,0,1,1
3.690240e-12,3.690240e+00,0,15192,1,0,1,1,1,1,0,0,0,1
2.214136e-12,2.214136e+00,1,15195,0,0,0,1,0,1,1,1,1,0
2.346810e-12,2.346810e+00,0,15197,1,1,0,0,0,1,0,1,1,1
6.728540e-13,6.728540e-01,1,15202,0,0,0,0,0,1,1,0,0,0
-3.461577e-12,-3.461577e+00,0,15203,1,0,0,0,0,0,1,1,0,0
1.559589e-12,1.559589e+00,1,15207,0,0,0,0,1,0,0,0,0,0
-1.863589e-12,-1.863589e+00,0,15210,1,1,1,0,0,0,0,1,0,0
3.607736e-11,3.607736e+01,1,15211,0,1,1,1,0,0,0,0,1,0
2.328219e-11,2.328219e+01,0,15213,1,1,0,1,1,1,0,0,0,0
2.901994e-12,2.901994e+00,1,15215,0,0,1,1,0,1,1,1,0,0
2.941450e-12,2.941450e+00,0,15217,1,1,0,0,1,1,0,1,1,1
3.278815e-11,3.278815e+01,1,15218,0,1,1,0,0,1,1,0,1,1
5.669227e-14,5.669227e-02,0,15219,1,0,1,1,0,0,1,1,0,1
2.879137e-12,2.879137e+00,1,15220,0,1,0,1,1,0,0,1,1,0
1.922487e-12,1.922487e+00,0,15224,1,1,1,1,0,1,0,1,1,0
1.202814e-12,1.202814e+00,1,15227,0,0,0,1,1,1,1,0,1,0
1.439113e-12,1.439113e+00,0,15233,1,1,1,1,1,1,0,0,0,1
7.343731e-12,7.343731e+00,1,15234,0,1,1,1,1,1,1,0,0,0
1.133535e-11,1.133535e+01,0,15237,1,1,1,0,1,1,1,1,1,1
-2.589163e-11,-2.589163e+01,1,15238,0,1,1,1,0,1,1,1,1,1
1.868081e-12,1.868081e+00,0,15239,1,0,1,1,1,0,1,1,1,1
2.725979e-12,2.725979e+00,1,15240,0,1,0,1,1,1,0,1,1,1
4.792035e-12,4.792035e+00,0,15242,1,1,0,1,0,1,1,1,0,1
1.815225e-11,1.815225e+01,1,15243,0,1,1,0,1,0,1,1,1,0
-5.809082e-13,-5.809082e-01,0,15247,1,1,1,1,0,1,1,0,1,0
-6.180582e-13,-6.180582e-01,1,15248,0,1,1,1,1,0,1,1,0,1
2.205068e-11,2.205068e+01,0,15249,1,0,1,1,1,1,0,1,1,0
-1.336929e-12,-1.336929e+00,1,15251,0,0,1,0,1,1,1,1,0,1
-3.474062e-12,-3.474062e+00,0,15252,1,0,0,1,0,1,1,1,1,0
-4.332443e-12,-4.332443e+00,1,15253,0,1,0,0,1,0,1,1,1,1
-2.033374e-12,-2.033374e+00,0,15254,1,0,1,0,0,1,0,1,1,1
-4.881714e-11,-4.881714e+01,1,15259,0,0,0,0,0,1,0,1,0,0
4.752210e-11,4.752210e+01,0,15260,1,0,0,0,0,0,1,0,1,0
1.168782e-11,1.168782e+01,1,15263,0,0,0,1,0,0,0,0,0,1
-1.895535e-12,-1.895535e+00,0,15264,1,0,0,0,1,0,0,0,0,0
1.324569e-12,1.324569e+00,1,15266,0,0,1,0,0,0,1,0,0,0
1.242759e-11,1.242759e+01,0,15268,1,1,0,0,1,0,0,0,1,0
-4.753272e-12,-4.753272e+00,1,15269,0,1,1,0,0,1,0,0,0,1
9.256613e-12,9.256613e+00,0,15273,1,1,1,1,0,1,1,0,0,1
-2.029818e-11,-2.029818e+01,1,15274,0,1,1,1,1,0,1,1,0,0
4.151777e-12,4.151777e+00,0,15275,1,0,1,1,1,1,0,1,1,0
3.782768e-12,3.782768e+00,1,15278,0,0,0,1,0,1,1,1,1,0
3.534051e-12,3.534051e+00,0,15282,1,1,1,1,0,0,0,1,0,1
1.023112e-13,1.023112e-01,1,15283,0,1,1,1,1,0,0,0,1,0
4.976063e-12,4.976063e+00,0,15288,1,1,1,1,1,0,1,1,1,1
-1.850239e-11,-1.850239e+01,1,15289,0,1,1,1,1,1,0,1,1,1
2.543464e-11,2.543464e+01,0,15290,1,0,1,1,1,1,1,0,1,1
3.022063e-12,3.022063e+00,1,15291,0,1,0,1,1,1,1,1,0,1
-1.876108e-11,-1.876108e+01,0,15293,1,1,0,1,0,1,1,1,1,1
4.205124e-12,4.205124e+00,1,15295,0,0,1,1,0,1,0,1,1,1
7.560408e-12,7.560408e+00,0,15297,1,1,0,0,1,1,0,1,0,1
4.333835e-13,4.333835e-01,1,15298,0,1,1,0,0,1,1,0,1,0
1.367726e-11,1.367726e+01,0,15304,1,1,1,1,1,1,0,1,1,0
2.816359e-11,2.816359e+01,1,15307,0,0,0,1,1,1,1,1,1,0
-4.010168e-11,-4.010168e+01,0,15311,1,1,1,1,0,0,0,1,1,1
4.398426e-12,4.398426e+00,1,15312,0,1,1,1,1,0,0,0,1,1
1.184375e-12,1.184375e+00,0,15314,1,1,0,1,1,1,1,0,0,0
7.005770e-13,7.005770e-01,1,15315,0,1,1,0,1,1,1,1,0,0
2.210901e-13,2.210901e-01,0,15316,1,0,1,1,0,1,1,1,1,0
5.890603e-12,5.890603e+00,1,15317,0,1,0,1,1,0,1,1,1,1
1.948753e-12,1.948753e+00,0,15320,1,1,1,0,1,0,1,1,0,1
1.327470e-11,1.327470e+01,1,15321,0,1,1,1,0,1,0,1,1,0
-1.802593e-12,-1.802593e+00,0,15325,1,1,1,1,0,1,1,1,0,1
-5.532883e-12,-5.532883e+00,1,15327,0,0,1,1,1,1,0,1,1,1
-5.263220e-13,-5.263220e-01,0,15328,1,0,0,1,1,1,1,0,1,1
1.919471e-12,1.919471e+00,1,15332,0,0,0,0,1,0,0,1,1,1
-6.164259e-13,-6.164259e-01,0,15333,1,0,0,0,0,1,0,0,1,1
8.301868e-12,8.301868e+00,1,15334,0,1,0,0,0,0,1,0,0,1
7.420482e-13,7.420482e-01,0,15336,1,1,0,1,0,0,0,0,1,0
-1.473522e-11,-1.473522e+01,1,15339,0,0,0,1,1,0,1,0,0,0
4.130153e-11,4.130153e+01,0,15340,1,0,0,0,1,1,0,1,0,0
1.301630e-12,1.301630e+00,1,15341,0,1,0,0,0,1,1,0,1,0
2.010082e-12,2.010082e+00,0,15343,1,1,0,1,0,0,0,1,1,0
-4.557666e-12,-4.557666e+00,1,15345,0,0,1,1,0,1,0,0,0,1
2.101756e-12,2.101756e+00,0,15346,1,0,0,1,1,0,1,0,0,0
7.316971e-13,7.316971e-01,1,15347,0,1,0,0,1,1,0,1,0,0
2.066382e-12,2.066382e+00,0,15348,1,0,1,0,0,1,1,0,1,0
5.993309e-13,5.993309e-01,1,15349,0,1,0,1,0,0,1,1,0,1
4.503781e-12,4.503781e+00,0,15354,1,1,1,1,1,0,1,0,1,0
4.692259e-12,4.692259e+00,1,15357,0,0,0,1,1,1,1,1,0,1
2.557897e-11,2.557897e+01,0,15358,1,0,0,0,1,1,1,1,1,0
3.253245e-13,3.253245e-01,1,15360,0,0,1,0,0,0,1,1,1,1
4.048382e-12,4.048382e+00,0,15361,1,0,0,1,0,0,0,1,1,1
1.485436e-12,1.485436e+00,1,15362,0,1,0,0,1,0,0,0,1,1
-3.920049e-13,-3.920049e-01,0,15364,1,1,0,1,0,0,1,0,0,0
1.134600e-11,1.134600e+01,1,15365,0,1,1,0,1,0,0,1,0,0
9.349493e-13,9.349493e-01,0,15366,1,0,1,1,0,1,0,0,1,0
-3.587652e-12,-3.587652e+00,1,15367,0,1,0,1,1,0,1,0,0,1
-1.070230e-11,-1.070230e+01,0,15371,1,1,1,1,0,1,0,1,1,0
4.755884e-12,4.755884e+00,1,15373,0,0,1,1,1,1,0,1,0,1
-2.826411e-12,-2.826411e+00,0,15374,1,0,0,1,1,1,1,0,1,0
5.378115e-12,5.378115e+00,1,15375,0,1,0,0,1,1,1,1,0,1
4.369247e-12,4.369247e+00,0,15376,1,0,1,0,0,1,1,1,1,0
3.736359e-12,3.736359e+00,1,15378,0,0,1,0,1,0,0,1,1,1
-3.570390e-11,-3.570390e+01,0,15379,1,0,0,1,0,1,0,0,1,1
-1.217168e-12,-1.217168e+00,1,15380,0,1,0,0,1,0,1,0,0,1
3.346010e-12,3.346010e+00,0,15382,1,1,0,1,0,0,1,0,1,0
3.756656e-12,3.756656e+00,1,15385,0,0,0,1,1,0,1,0,0,1
1.931237e-12,1.931237e+00,0,15386,1,0,0,0,1,1,0,1,0,0
8.301710e-12,8.301710e+00,1,15388,0,0,1,0,0,0,1,1,0,1
1.751137e-12,1.751137e+00,0,15393,1,1,1,1,1,0,0,1,0,0
3.875212e-12,3.875212e+00,1,15397,0,0,0,0,1,1,1,1,1,0
-3.394871e-12,-3.394871e+00,0,15398,1,0,0,0,0,1,1,1,1,1
3.099903e-12,3.099903e+00,1,15399,0,1,0,0,0,0,1,1,1,1
2.520063e-13,2.520063e-01,0,15400,1,0,1,0,0,0,0,1,1,1
3.609102e-11,3.609102e+01,1,15401,0,1,0,1,0,0,0,0,1,1
-4.390887e-11,-4.390887e+01,0,15403,1,1,0,1,0,1,0,0,0,0
1.165590e-11,1.165590e+01,1,15404,0,1,1,0,1,0,1,0,0,0
-2.049269e-12,-2.049269e+00,0,15405,1,0,1,1,0,1,0,1,0,0
1.197661e-11,1.197661e+01,1,15406,0,1,0,1,1,0,1,0,1,0
3.181465e-12,3.181465e+00,0,15408,1,1,0,1,0,1,1,0,1,0
-4.698245e-12,-4.698245e+00,1,15410,0,0,1,1,0,1,0,1,1,0
-1.716071e-12,-1.716071e+00,0,15411,1,0,0,1,1,0,1,0,1,1
2.036088e-11,2.036088e+01,1,15413,0,0,1,0,0,1,1,0,1,0
2.458538e-12,2.458538e+00,0,15419,1,1,1,1,1,1,0,0,1,0
1.485661e-12,1.485661e+00,1,15422,0,0,0,1,1,1,1,1,1,0
1.818744e-11,1.818744e+01,0,15423,1,0,0,0,1,1,1,1,1,1
4.256821e-12,4.256821e+00,1,15424,0,1,0,0,0,1,1,1,1,1
4.443174e-13,4.443174e-01,0,15425,1,0,1,0,0,0,1,1,1,1
-4.578041e-12,-4.578041e+00,1,15426,0,1,0,1,0,0,0,1,1,1
1.601022e-12,1.601022e+00,0,15428,1,1,0,1,0,1,0,0,0,1
7.115245e-12,7.115245e+00,1,15429,0,1,1,0,1,0,1,0,0,0
2.972075e-12,2.972075e+00,0,15432,1,1,1,0,1,1,0,1,0,1
4.438811e-12,4.438811e+00,1,15433,0,1,1,1,0,1,1,0,1,0
7.190005e-13,7.190005e-01,0,15434,1,0,1,1,1,0,1,1,0,1
1.278396e-12,1.278396e+00,1,15436,0,0,1,0,1,1,1,0,1,1
8.102282e-13,8.102282e-01,0,15437,1,0,0,1,0,1,1,1,0,1
8.067678e-12,8.067678e+00,1,15440,0,0,0,1,0,0,1,0,1,1
-1.849913e-11,-1.849913e+01,0,15441,1,0,0,0,1,0,0,1,0,1
2.351932e-12,2.351932e+00,1,15442,0,1,0,0,0,1,0,0,1,0
7.149756e-12,7.149756e+00,0,15447,1,1,1,1,1,0,1,0,0,0
-7.904712e-12,-7.904712e+00,1,15449,0,0,1,1,1,1,1,0,1,0
-4.948125e-12,-4.948125e+00,0,15451,1,1,0,0,1,1,1,1,1,0
3.797459e-11,3.797459e+01,1,15453,0,0,1,1,0,0,1,1,1,1
-2.025304e-12,-2.025304e+00,0,15454,1,0,0,1,1,0,0,1,1,1
-2.295224e-12,-2.295224e+00,1,15455,0,1,0,0,1,1,0,0,1,1
-3.208543e-12,-3.208543e+00,0,15457,1,1,0,1,0,0,1,1,0,0
4.375045e-12,4.375045e+00,1,15458,0,1,1,0,1,0,0,1,1,0
2.178186e-12,2.178186e+00,0,15459,1,0,1,1,0,1,0,0,1,1
-8.239394e-13,-8.239394e-01,1,15460,0,1,0,1,1,0,1,0,0,1
1.242806e-12,1.242806e+00,0,15461,1,0,1,0,1,1,0,1,0,0
-3.875709e-11,-3.875709e+01,1,15462,0,1,0,1,0,1,1,0,1,0
1.117097e-11,1.117097e+01,0,15463,1,0,1,0,1,0,1,1,0,1
-4.918243e-12,-4.918243e+00,1,15464,0,1,0,1,0,1,0,1,1,0
6.576513e-13,6.576513e-01,0,15465,1,0,1,0,1,0,1,0,1,1
1.618533e-12,1.618533e+00,1,15467,0,0,1,0,1,0,1,0,1,0
1.230051e-11,1.230051e+01,0,15478,1,1,1,1,1,1,1,1,1,1
1.954425e-12,1.954425e+00,1,15490,0,0,0,0,0,0,0,0,0,0
-8.379956e-12,-8.379956e+00,0,15492,1,1,0,0,0,0,0,0,0,0
1.216373e-12,1.216373e+00,1,15493,0,1,1,0,0,0,0,0,0,0
8.917526e-12,8.917526e+00,0,15495,1,1,0,1,1,0,0,0,0,0
4.105804e-12,4.105804e+00,1,15496,0,1,1,0,1,1,0,0,0,0
5.650976e-12,5.650976e+00,0,15498,1,1,0,1,1,0,1,1,0,0
1.050806e-12,1.050806e+00,1,15499,0,1,1,0,1,1,0,1,1,0
-1.488090e-11,-1.488090e+01,0,15501,1,1,0,1,1,0,1,1,0,1
1.305304e-12,1.305304e+00,1,15504,0,0,0,1,1,0,1,1,0,1
-2.374929e-11,-2.374929e+01,0,15505,1,0,0,0,1,1,0,1,1,0
1.925938e-11,1.925938e+01,1,15506,0,1,0,0,0,1,1,0,1,1
-5.735146e-12,-5.735146e+00,0,15507,1,0,1,0,0,0,1,1,0,1
-3.215277e-11,-3.215277e+01,1,15510,0,0,0,1,0,1,0,0,0,1
5.021388e-12,5.021388e+00,0,15511,1,0,0,0,1,0,1,0,0,0
-1.294310e-12,-1.294310e+00,1,15512,0,1,0,0,0,1,0,1,0,0
2.633638e-11,2.633638e+01,0,15513,1,0,1,0,0,0,1,0,1,0
-9.948819e-12,-9.948819e+00,1,15514,0,1,0,1,0,0,0,1,0,1
-7.110828e-12,-7.110828e+00,0,15520,1,1,1,1,1,1,0,1,0,1
-2.857891e-12,-2.857891e+00,1,15521,0,1,1,1,1,1,1,0,1,0
-1.289190e-11,-1.289190e+01,0,15522,1,0,1,1,1,1,1,1,0,1
8.703817e-12,8.703817e+00,1,15524,0,0,1,0,1,1,1,1,1,1
-2.205166e-12,-2.205166e+00,0,15525,1,0,0,1,0,1,1,1,1,1
-4.355608e-12,-4.355608e+00,1,15532,0,0,0,0,0,0,0,1,0,0
-1.966979e-12,-1.966979e+00,0,15533,1,0,0,0,0,0,0,0,1,0
-2.852178e-12,-2.852178e+00,1,15536,0,0,0,1,0,0,0,0,0,0
2.930032e-12,2.930032e+00,0,15537,1,0,0,0,1,0,0,0,0,0
6.412306e-12,6.412306e+00,1,15538,0,1,0,0,0,1,0,0,0,0
1.341405e-12,1.341405e+00,0,15540,1,1,0,1,0,0,0,1,0,0
-2.341568e-12,-2.341568e+00,1,15541,0,1,1,0,1,0,0,0,1,0
2.177857e-12,2.177857e+00,0,15543,1,1,0,1,1,0,1,0,0,0
1.736406e-11,1.736406e+01,1,15545,0,0,1,1,0,1,1,0,1,0
-4.117601e-12,-4.117601e+00,0,15547,1,1,0,0,1,1,0,1,1,0
1.714074e-13,1.714074e-01,1,15549,0,0,1,1,0,0,1,1,0,1
-1.018354e-11,-1.018354e+01,0,15550,1,0,0,1,1,0,0,1,1,0
2.130118e-12,2.130118e+00,1,15551,0,1,0,0,1,1,0,0,1,1
7.992491e-12,7.992491e+00,0,15552,1,0,1,0,0,1,1,0,0,1
-5.212754e-12,-5.212754e+00,1,15555,0,0,0,1,0,1,0,0,1,1
2.450078e-11,2.450078e+01,0,15558,1,1,1,0,0,0,1,0,1,0
-1.221588e-12,-1.221588e+00,1,15561,0,0,0,1,1,1,0,0,0,1
-6.280532e-12,-6.280532e+00,0,15562,1,0,0,0,1,1,1,0,0,0
3.933393e-12,3.933393e+00,1,15564,0,0,1,0,0,0,1,1,1,0
1.089435e-11,1.089435e+01,0,15566,1,1,0,0,1,0,0,0,1,1
-2.193796e-12,-2.193796e+00,1,15570,0,0,0,0,1,1,0,0,1,0
7.279627e-12,7.279627e+00,0,15572,1,1,0,0,0,0,1,1,0,0
-3.739828e-12,-3.739828e+00,1,15574,0,0,1,1,0,0,0,0,1,1
7.759015e-11,7.759015e+01,0,15577,1,1,1,0,0,1,1,0,0,0
8.806004e-12,8.806004e+00,1,15582,0,0,0,0,0,1,1,1,0,0
-2.147021e-12,-2.147021e+00,0,15585,1,1,1,0,0,0,0,0,1,1
3.765365e-11,3.765365e+01,1,15589,0,0,0,0,1,1,1,0,0,0
3.041629e-11,3.041629e+01,0,15591,1,1,0,0,0,0,1,1,1,0
-5.188813e-12,-5.188813e+00,1,15592,0,1,1,0,0,0,0,1,1,1
-4.403487e-12,-4.403487e+00,0,15595,1,1,1,0,1,1,0,0,0,0
-3.277200e-12,-3.277200e+00,1,15596,0,1,1,1,0,1,1,0,0,0
8.749140e-13,8.749140e-01,0,15597,1,0,1,1,1,0,1,1,0,0
-3.097448e-11,-3.097448e+01,1,15598,0,1,0,1,1,1,0,1,1,0
5.254316e-12,5.254316e+00,0,15600,1,1,0,1,0,1,1,1,0,1
-2.634610e-11,-2.634610e+01,1,15603,0,0,0,1,1,0,1,0,1,1
-1.529726e-12,-1.529726e+00,0,15604,1,0,0,0,1,1,0,1,0,1
2.222362e-12,2.222362e+00,1,15605,0,1,0,0,0,1,1,0,1,0
-2.290176e-12,-2.290176e+00,0,15611,1,1,1,1,1,1,0,1,0,0
1.265580e-12,1.265580e+00,1,15615,0,0,0,0,1,1,1,1,1,1
-1.549073e-11,-1.549073e+01,0,15616,1,0,0,0,0,1,1,1,1,1
-4.119984e-12,-4.119984e+00,1,15623,0,0,0,0,0,0,0,1,0,0
-2.465884e-12,-2.465884e+00,0,15625,1,1,0,0,0,0,0,0,0,1
-6.083235e-13,-6.083235e-01,1,15626,0,1,1,0,0,0,0,0,0,0
-6.655021e-12,-6.655021e+00,0,15627,1,0,1,1,0,0,0,0,0,0
-6.541936e-13,-6.541936e-01,1,15635,0,0,0,0,0,0,0,0,1,0
-5.933412e-12,-5.933412e+00,0,15640,1,1,1,1,1,0,0,0,0,0
-1.942097e-12,-1.942097e+00,1,15641,0,1,1,1,1,1,0,0,0,0
5.819006e-12,5.819006e+00,0,15643,1,1,0,1,1,1,1,1,0,0
-4.825535e-12,-4.825535e+00,1,15644,0,1,1,0,1,1,1,1,1,0
-7.207178e-12,-7.207178e+00,0,15646,1,1,0,1,1,0,1,1,1,1
3.692901e-11,3.692901e+01,1,15652,0,0,0,0,0,0,1,1,0,1
-3.070887e-12,-3.070887e+00,0,15653,1,0,0,0,0,0,0,1,1,0
-9.378833e-13,-9.378833e-01,1,15654,0,1,0,0,0,0,0,0,1,1
1.248181e-11,1.248181e+01,0,15655,1,0,1,0,0,0,0,0,0,1
-5.787411e-12,-5.787411e+00,1,15658,0,0,0,1,0,1,0,0,0,0
8.204669e-12,8.204669e+00,0,15660,1,1,0,0,0,1,0,1,0,0
-9.406151e-12,-9.406151e+00,1,15661,0,1,1,0,0,0,1,0,1,0
-2.330032e-12,-2.330032e+00,0,15663,1,1,0,1,1,0,0,0,1,0
-3.255225e-12,-3.255225e+00,1,15665,0,0,1,1,0,1,1,0,0,0
3.922566e-11,3.922566e+01,0,15666,1,0,0,1,1,0,1,1,0,0
-2.334241e-12,-2.334241e+00,1,15670,0,0,0,0,1,0,0,1,1,0
-2.197035e-11,-2.197035e+01,0,15674,1,1,1,1,0,0,0,0,1,0
-1.809139e-12,-1.809139e+00,1,15677,0,0,0,1,1,1,1,0,0,0
7.170279e-12,7.170279e+00,0,15678,1,0,0,0,1,1,1,1,0,0
-2.726872e-12,-2.726872e+00,1,15679,0,1,0,0,0,1,1,1,1,0
-1.271593e-12,-1.271593e+00,0,15681,1,1,0,1,0,0,0,1,1,1
2.885397e-12,2.885397e+00,1,15686,0,0,0,0,0,1,1,0,1,0
-4.046740e-12,-4.046740e+00,0,15688,1,1,0,0,0,0,0,1,1,0
4.370479e-13,4.370479e-01,1,15690,0,0,1,1,0,0,0,0,0,1
-7.886484e-12,-7.886484e+00,0,15691,1,0,0,1,1,0,0,0,0,0
5.415022e-12,5.415022e+00,1,15692,0,1,0,0,1,1,0,0,0,0
-2.854196e-11,-2.854196e+01,0,15693,1,0,1,0,0,1,1,0,0,0
-8.172145e-12,-8.172145e+00,1,15694,0,1,0,1,0,0,1,1,0,0
1.582873e-12,1.582873e+00,0,15696,1,1,0,1,0,1,0,0,1,1
-6.221776e-12,-6.221776e+00,1,15697,0,1,1,0,1,0,1,0,0,1
-6.653915e-12,-6.653915e+00,0,15698,1,0,1,1,0,1,0,1,0,0
-1.704763e-12,-1.704763e+00,1,15699,0,1,0,1,1,0,1,0,1,0
1.380065e-11,1.380065e+01,0,15700,1,0,1,0,1,1,0,1,0,1
-2.591171e-11,-2.591171e+01,1,15701,0,1,0,1,0,1,1,0,1,0
-1.667757e-12,-1.667757e+00,0,15702,1,0,1,0,1,0,1,1,0,1
-4.209504e-12,-4.209504e+00,1,15704,0,0,1,0,1,0,1,0,1,1
2.708967e-12,2.708967e+00,0,15705,1,0,0,1,0,1,0,1,0,1
3.622528e-11,3.622528e+01,1,15708,0,0,0,1,0,0,1,0,1,0
-3.774620e-12,-3.774620e+00,0,15709,1,0,0,0,1,0,0,1,0,1
-3.356359e-11,-3.356359e+01,1,15711,0,0,1,0,0,0,1,0,0,1
1.028869e-12,1.028869e+00,0,15712,1,0,0,1,0,0,0,1,0,0
-5.430656e-12,-5.430656e+00,1,15714,0,0,1,0,0,1,0,0,0,1
-9.493692e-12,-9.493692e+00,0,15718,1,1,1,1,0,0,1,0,0,1
-5.985859e-12,-5.985859e+00,1,15719,0,1,1,1,1,0,0,1,0,0
-2.550654e-12,-2.550654e+00,0,15720,1,0,1,1,1,1,0,0,1,0
3.130542e-11,3.130542e+01,1,15723,0,0,0,1,0,1,1,1,1,0
-8.694480e-12,-8.694480e+00,0,15724,1,0,0,0,1,0,1,1,1,1
-2.410045e-12,-2.410045e+00,1,15725,0,1,0,0,0,1,0,1,1,1
-8.414768e-12,-8.414768e+00,0,15726,1,0,1,0,0,0,1,0,1,1
2.551070e-11,2.551070e+01,1,15727,0,1,0,1,0,0,0,1,0,1
3.545574e-11,3.545574e+01,0,15729,1,1,0,1,0,1,0,0,0,1
-1.109989e-12,-1.109989e+00,1,15731,0,0,1,1,0,1,0,1,0,0
2.981852e-12,2.981852e+00,0,15732,1,0,0,1,1,0,1,0,1,0
1.293033e-12,1.293033e+00,1,15733,0,1,0,0,1,1,0,1,0,1
3.301395e-11,3.301395e+01,0,15740,1,1,1,1,1,1,1,0,1,0
-3.510401e-13,-3.510401e-01,1,15743,0,0,0,1,1,1,1,1,1,1
-3.273294e-12,-3.273294e+00,0,15744,1,0,0,0,1,1,1,1,1,1
1.974478e-11,1.974478e+01,1,15752,0,0,0,0,0,0,0,0,1,0
1.525554e-12,1.525554e+00,0,15754,1,1,0,0,0,0,0,0,0,0
-4.682818e-12,-4.682818e+00,1,15756,0,0,1,1,0,0,0,0,0,0
-2.728792e-13,-2.728792e-01,0,15758,1,1,0,0,1,1,0,0,0,0
-2.049313e-12,-2.049313e+00,1,15759,0,1,1,0,0,1,1,0,0,0
-5.296143e-12,-5.296143e+00,0,15761,1,1,0,1,1,0,0,1,1,0
-5.586986e-12,-5.586986e+00,1,15762,0,1,1,0,1,1,0,0,1,1
3.490114e-11,3.490114e+01,0,15765,1,1,1,0,1,1,0,1,1,0
-1.136538e-12,-1.136538e+00,1,15768,0,0,0,1,1,1,0,1,1,0
1.421761e-12,1.421761e+00,0,15772,1,1,1,1,0,0,0,1,1,1
4.076979e-11,4.076979e+01,1,15774,0,0,1,1,1,1,0,0,0,1
2.049345e-12,2.049345e+00,0,15776,1,1,0,0,1,1,1,1,0,0
-9.771928e-12,-9.771928e+00,1,15780,0,0,0,0,1,1,0,0,1,1
-2.335662e-12,-2.335662e+00,0,15782,1,1,0,0,0,0,1,1,0,0
-2.628418e-12,-2.628418e+00,1,15783,0,1,1,0,0,0,0,1,1,0
-1.740812e-11,-1.740812e+01,0,15784,1,0,1,1,0,0,0,0,1,1
1.980798e-12,1.980798e+00,1,15785,0,1,0,1,1,0,0,0,0,1
-4.050512e-12,-4.050512e+00,0,15786,1,0,1,0,1,1,0,0,0,0
1.635160e-12,1.635160e+00,1,15787,0,1,0,1,0,1,1,0,0,0
-2.566551e-11,-2.566551e+01,0,15788,1,0,1,0,1,0,1,1,0,0
8.931656e-13,8.931656e-01,1,15789,0,1,0,1,0,1,0,1,1,0
-2.992917e-12,-2.992917e+00,0,15791,1,1,0,1,0,1,0,1,0,1
-2.994058e-12,-2.994058e+00,1,15794,0,0,0,1,1,0,1,0,1,0
-3.255164e-13,-3.255164e-01,0,15795,1,0,0,0,1,1,0,1,0,1
-6.188074e-12,-6.188074e+00,1,15797,0,0,1,0,0,0,1,1,0,1
4.205247e-11,4.205247e+01,0,15798,1,0,0,1,0,0,0,1,1,0
-1.468252e-11,-1.468252e+01,1,15800,0,0,1,0,0,1,0,0,0,1
3.127887e-11,3.127887e+01,0,15801,1,0,0,1,0,0,1,0,0,0
-8.721026e-12,-8.721026e+00,1,15802,0,1,0,0,1,0,0,1,0,0
-4.550762e-12,-4.550762e+00,0,15803,1,0,1,0,0,1,0,0,1,0
6.299263e-12,6.299263e+00,1,15804,0,1,0,1,0,0,1,0,0,1
4.497311e-11,4.497311e+01,0,15808,1,1,1,1,0,1,0,1,0,0
-3.502679e-11,-3.502679e+01,1,15810,0,0,1,1,1,1,0,1,0,1
-3.887555e-12,-3.887555e+00,0,15817,1,1,1,1,1,1,1,0,0,1
4.239535e-12,4.239535e+00,1,15818,0,1,1,1,1,1,1,1,0,0
-1.924985e-12,-1.924985e+00,0,15821,1,1,1,0,1,1,1,1,1,1
-4.603595e-12,-4.603595e+00,1,15829,0,0,0,0,0,0,0,0,1,1
-1.872535e-12,-1.872535e+00,0,15830,1,0,0,0,0,0,0,0,0,1
-5.035430e-12,-5.035430e+00,1,15831,0,1,0,0,0,0,0,0,0,0
-9.925915e-12,-9.925915e+00,0,15834,1,1,1,0,1,0,0,0,0,0
-3.221503e-12,-3.221503e+00,1,15835,0,1,1,1,0,1,0,0,0,0
1.474183e-13,1.474183e-01,0,15837,1,1,0,1,1,1,0,1,0,0
4.508031e-12,4.508031e+00,1,15838,0,1,1,0,1,1,1,0,1,0
3.103513e-12,3.103513e+00,0,15840,1,1,0,1,1,0,1,1,1,0
-5.250207e-12,-5.250207e+00,1,15842,0,0,1,1,0,1,1,0,1,1
-2.615956e-12,-2.615956e+00,0,15843,1,0,0,1,1,0,1,1,0,1
-1.494454e-12,-1.494454e+00,1,15844,0,1,0,0,1,1,0,1,1,0
9.443356e-13,9.443356e-01,0,15848,1,1,1,1,0,1,0,0,1,1
-2.234085e-12,-2.234085e+00,1,15850,0,0,1,1,1,1,0,1,0,0
-4.102310e-12,-4.102310e+00,0,15853,1,1,1,0,0,1,1,1,1,0
-9.486795e-12,-9.486795e+00,1,15855,0,0,1,1,1,0,0,1,1,1
2.732162e-11,2.732162e+01,0,15856,1,0,0,1,1,1,0,0,1,1
-1.014239e-11,-1.014239e+01,1,15857,0,1,0,0,1,1,1,0,0,1
-5.350456e-12,-5.350456e+00,0,15859,1,1,0,1,0,0,1,1,1,0
8.753495e-12,8.753495e+00,1,15862,0,0,0,1,1,0,1,0,0,1
-3.295998e-11,-3.295998e+01,0,15864,1,1,0,0,0,1,1,0,1,0
2.611590e-12,2.611590e+00,1,15867,0,0,0,1,1,0,0,0,1,1
-3.742496e-12,-3.742496e+00,0,15868,1,0,0,0,1,1,0,0,0,1
-5.284578e-12,-5.284578e+00,1,15871,0,0,0,1,0,0,0,1,1,0
4.435523e-12,4.435523e+00,0,15873,1,1,0,0,0,1,0,0,0,1
-5.351117e-12,-5.351117e+00,1,15876,0,0,0,1,1,0,0,0,1,0
5.550739e-12,5.550739e+00,0,15878,1,1,0,0,0,1,1,0,0,0
1.844547e-12,1.844547e+00,1,15880,0,0,1,1,0,0,0,1,1,0
-1.947138e-12,-1.947138e+00,0,15882,1,1,0,0,1,1,0,0,0,1
-3.782069e-11,-3.782069e+01,1,15885,0,0,0,1,1,0,0,1,1,0
-3.600461e-12,-3.600461e+00,0,15887,1,1,0,0,0,1,1,0,0,1
-3.490268e-12,-3.490268e+00,1,15890,0,0,0,1,1,0,0,0,1,1
2.898970e-12,2.898970e+00,0,15893,1,1,1,0,0,0,1,1,0,0
-7.783909e-12,-7.783909e+00,1,15897,0,0,0,0,1,1,1,0,0,0
1.447250e-11,1.447250e+01,0,15900,1,1,1,0,0,0,0,1,1,1
-1.880376e-12,-1.880376e+00,1,15901,0,1,1,1,0,0,0,0,1,1
-2.740377e-12,-2.740377e+00,0,15902,1,0,1,1,1,0,0,0,0,1
-1.003433e-12,-1.003433e+00,1,15903,0,1,0,1,1,1,0,0,0,0
-8.034944e-12,-8.034944e+00,0,15906,1,1,1,0,1,0,1,1,1,0
2.954024e-13,2.954024e-01,1,15907,0,1,1,1,0,1,0,1,1,1
-6.176329e-12,-6.176329e+00,0,15910,1,1,1,0,1,1,1,0,1,0
-3.209331e-12,-3.209331e+00,1,15911,0,1,1,1,0,1,1,1,0,1
-4.571126e-12,-4.571126e+00,0,15912,1,0,1,1,1,0,1,1,1,0
-3.765761e-11,-3.765761e+01,1,15914,0,0,1,0,1,1,1,0,1,1
3.467586e-12,3.467586e+00,0,15915,1,0,0,1,0,1,1,1,0,1
-1.197485e-11,-1.197485e+01,1,15916,0,1,0,0,1,0,1,1,1,0
4.869131e-13,4.869131e-01,0,15920,1,1,1,1,0,1,0,0,1,0
-5.820185e-12,-5.820185e+00,1,15921,0,1,1,1,1,0,1,0,0,1
9.418451e-12,9.418451e+00,0,15922,1,0,1,1,1,1,0,1,0,0
3.126490e-11,3.126490e+01,1,15924,0,0,1,0,1,1,1,1,0,1
-5.680675e-12,-5.680675e+00,0,15929,1,1,1,1,1,0,0,1,0,1
-2.670049e-12,-2.670049e+00,1,15930,0,1,1,1,1,1,0,0,1,0
-1.256859e-11,-1.256859e+01,0,15935,1,1,1,1,1,0,1,1,1,1
3.314543e-12,3.314543e+00,1,15941,0,0,0,0,0,0,1,1,1,1
9.508273e-13,9.508273e-01,0,15942,1,0,0,0,0,0,0,1,1,1
-7.799079e-12,-7.799079e+00,1,15943,0,1,0,0,0,0,0,0,1,1
-4.654691e-12,-4.654691e+00,0,15945,1,1,0,1,0,0,0,0,0,0
6.191560e-12,6.191560e+00,1,15946,0,1,1,0,1,0,0,0,0,0
-7.556740e-12,-7.556740e+00,0,15947,1,0,1,1,0,1,0,0,0,0
-2.276025e-12,-2.276025e+00,1,15948,0,1,0,1,1,0,1,0,0,0
2.594809e-11,2.594809e+01,0,15950,1,1,0,1,0,1,1,0,1,0
-4.953114e-12,-4.953114e+00,1,15951,0,1,1,0,1,0,1,1,0,1
-3.124414e-12,-3.124414e+00,0,15956,1,1,1,1,1,0,1,1,0,1
-4.944162e-12,-4.944162e+00,1,15958,0,0,1,1,1,1,1,0,1,1
-1.980382e-11,-1.980382e+01,0,15959,1,0,0,1,1,1,1,1,0,1
-6.468108e-12,-6.468108e+00,1,15962,0,0,0,1,0,0,1,1,1,1
-3.696686e-12,-3.696686e+00,0,15963,1,0,0,0,1,0,0,1,1,1
-2.303470e-12,-2.303470e+00,1,15964,0,1,0,0,0,1,0,0,1,1
-7.679734e-12,-7.679734e+00,0,15966,1,1,0,1,0,0,0,1,0,0
-7.763984e-12,-7.763984e+00,1,15967,0,1,1,0,1,0,0,0,1,0
7.381528e-13,7.381528e-01,0,15968,1,0,1,1,0,1,0,0,0,1
-8.186401e-12,-8.186401e+00,1,15969,0,1,0,1,1,0,1,0,0,0
8.840748e-13,8.840748e-01,0,15970,1,0,1,0,1,1,0,1,0,0
5.148084e-12,5.148084e+00,1,15974,0,0,0,0,1,0,1,0,1,1
-3.485181e-11,-3.485181e+01,0,15975,1,0,0,0,0,1,0,1,0,1
-6.463422e-12,-6.463422e+00,1,15978,0,0,0,1,0,0,0,0,1,0
-3.535492e-12,-3.535492e+00,0,15979,1,0,0,0,1,0,0,0,0,1
2.368698e-11,2.368698e+01,1,15981,0,0,1,0,0,0,1,0,0,0
-9.348962e-12,-9.348962e+00,0,15982,1,0,0,1,0,0,0,1,0,0
-5.907348e-12,-5.907348e+00,1,15983,0,1,0,0,1,0,0,0,1,0
-3.626936e-12,-3.626936e+00,0,15985,1,1,0,1,0,0,1,0,0,0
-6.893027e-14,-6.893027e-02,1,15987,0,0,1,1,0,1,0,0,1,0
2.281042e-11,2.281042e+01,0,15989,1,1,0,0,1,1,0,1,0,0
-4.363832e-12,-4.363832e+00,1,15991,0,0,1,1,0,0,1,1,0,1
-1.104376e-11,-1.104376e+01,0,15996,1,1,1,1,1,0,0,1,1,0
-2.498712e-12,-2.498712e+00,1,15999,0,0,0,1,1,1,1,1,0,0
-2.640282e-12,-2.640282e+00,0,16002,1,1,1,0,0,0,1,1,1,1
-2.235966e-12,-2.235966e+00,1,16008,0,0,0,0,0,0,1,1,1,0
-5.070859e-12,-5.070859e+00,0,16010,1,1,0,0,0,0,0,0,1,1
3.304383e-12,3.304383e+00,1,16014,0,0,0,0,1,1,0,0,0,0
-5.300480e-12,-5.300480e+00,0,16016,1,1,0,0,0,0,1,1,0,0
3.063072e-12,3.063072e+00,1,16017,0,1,1,0,0,0,0,1,1,0
-3.139803e-11,-3.139803e+01,0,16019,1,1,0,1,1,0,0,0,0,1
3.217662e-11,3.217662e+01,1,16022,0,0,0,1,1,0,1,1,0,0
-6.785874e-12,-6.785874e+00,0,16024,1,1,0,0,0,1,1,0,1,1
-6.530636e-14,-6.530636e-02,1,16025,0,1,1,0,0,0,1,1,0,1
-5.337230e-12,-5.337230e+00,0,16026,1,0,1,1,0,0,0,1,1,0
-3.159777e-11,-3.159777e+01,1,16027,0,1,0,1,1,0,0,0,1,1
-9.680385e-13,-9.680385e-01,0,16028,1,0,1,0,1,1,0,0,0,1
3.842228e-11,3.842228e+01,1,16031,0,0,0,1,0,1,0,1,1,0
3.362829e-12,3.362829e+00,0,16033,1,1,0,0,0,1,0,1,0,1
-9.669066e-12,-9.669066e+00,1,16036,0,0,0,1,1,0,0,0,1,0
2.332354e-11,2.332354e+01,0,16037,1,0,0,0,1,1,0,0,0,1
-2.829526e-12,-2.829526e+00,1,16039,0,0,1,0,0,0,1,1,0,0
-2.171048e-11,-2.171048e+01,0,16040,1,0,0,1,0,0,0,1,1,0
2.051440e-12,2.051440e+00,1,16041,0,1,0,0,1,0,0,0,1,1
-4.038104e-12,-4.038104e+00,0,16044,1,1,1,0,1,0,0,1,0,0
8.014188e-13,8.014188e-01,1,16048,0,0,0,0,1,1,1,0,1,0
-3.825901e-12,-3.825901e+00,0,16049,1,0,0,0,0,1,1,1,0,1
-8.210598e-12,-8.210598e+00,1,16050,0,1,0,0,0,0,1,1,1,0
4.522564e-11,4.522564e+01,0,16051,1,0,1,0,0,0,0,1,1,1
-9.005501e-12,-9.005501e+00,1,16053,0,0,1,0,1,0,0,0,0,1
-8.765317e-12,-8.765317e+00,0,16055,1,1,0,0,1,0,1,0,0,0
-1.103395e-11,-1.103395e+01,1,16060,0,0,0,0,0,1,1,0,0,1
-1.533848e-12,-1.533848e+00,0,16061,1,0,0,0,0,0,1,1,0,0
2.067809e-12,2.067809e+00,1,16063,0,0,1,0,0,0,0,0,1,1
5.394309e-12,5.394309e+00,0,16066,1,1,1,0,0,1,0,0,0,0
2.256500e-12,2.256500e+00,1,16072,0,0,0,0,0,0,1,1,1,0
6.964735e-12,6.964735e+00,0,16073,1,0,0,0,0,0,0,1,1,1
2.656984e-12,2.656984e+00,1,16074,0,1,0,0,0,0,0,0,1,1
-5.115113e-12,-5.115113e+00,0,16075,1,0,1,0,0,0,0,0,0,1
-6.564927e-12,-6.564927e+00,1,16076,0,1,0,1,0,0,0,0,0,0
-4.056690e-12,-4.056690e+00,0,16079,1,1,1,0,1,0,1,0,0,0
5.328297e-13,5.328297e-01,1,16080,0,1,1,1,0,1,0,1,0,0
7.496922e-12,7.496922e+00,0,16082,1,1,0,1,1,1,0,1,0,1
1.699906e-12,1.699906e+00,1,16083,0,1,1,0,1,1,1,0,1,0
6.492814e-12,6.492814e+00,0,16084,1,0,1,1,0,1,1,1,0,1
4.305760e-11,4.305760e+01,1,16086,0,0,1,0,1,1,0,1,1,1
3.057705e-12,3.057705e+00,0,16087,1,0,0,1,0,1,1,0,1,1
4.409116e-12,4.409116e+00,1,16091,0,0,0,0,1,0,0,1,0,1
-8.838993e-12,-8.838993e+00,0,16092,1,0,0,0,0,1,0,0,1,0
-4.950228e-12,-4.950228e+00,1,16093,0,1,0,0,0,0,1,0,0,1
9.580137e-12,9.580137e+00,0,16094,1,0,1,0,0,0,0,1,0,0
-2.947867e-11,-2.947867e+01,1,16096,0,0,1,0,1,0,0,0,0,1
2.829250e-12,2.829250e+00,0,16100,1,1,1,1,0,0,1,0,1,0
-2.463880e-11,-2.463880e+01,1,16101,0,1,1,1,1,0,0,1,0,1
-3.181254e-12,-3.181254e+00,0,16107,1,1,1,1,1,1,0,1,1,1
1.100044e-11,1.100044e+01,1,16112,0,0,0,0,0,1,1,1,1,1
-5.378409e-12,-5.378409e+00,0,16113,1,0,0,0,0,0,1,1,1,1
-1.280312e-12,-1.280312e+00,1,16114,0,1,0,0,0,0,0,1,1,1
-4.356735e-12,-4.356735e+00,0,16116,1,1,0,1,0,0,0,0,0,1
-4.122910e-12,-4.122910e+00,1,16117,0,1,1,0,1,0,0,0,0,0
4.325846e-12,4.325846e+00,0,16120,1,1,1,0,1,1,0,1,0,0
7.720344e-12,7.720344e+00,1,16121,0,1,1,1,0,1,1,0,1,0
3.237651e-11,3.237651e+01,0,16123,1,1,0,1,1,1,0,1,1,0
-4.076651e-13,-4.076651e-01,1,16125,0,0,1,1,0,1,1,1,0,1
-2.513676e-13,-2.513676e-01,0,16126,1,0,0,1,1,0,1,1,1,0
-5.059869e-12,-5.059869e+00,1,16127,0,1,0,0,1,1,0,1,1,1
-2.574974e-11,-2.574974e+01,0,16128,1,0,1,0,0,1,1,0,1,1
-3.114531e-12,-3.114531e+00,1,16132,0,0,0,0,1,0,1,0,0,1
-3.275802e-12,-3.275802e+00,0,16133,1,0,0,0,0,1,0,1,0,0
-8.237702e-12,-8.237702e+00,1,16134,0,1,0,0,0,0,1,0,1,0
-3.126907e-12,-3.126907e+00,0,16135,1,0,1,0,0,0,0,1,0,1
-4.467244e-12,-4.467244e+00,1,16136,0,1,0,1,0,0,0,0,1,0
-4.364067e-12,-4.364067e+00,0,16137,1,0,1,0,1,0,0,0,0,1
-3.332133e-11,-3.332133e+01,1,16139,0,0,1,0,1,0,1,0,0,0
-2.944882e-13,-2.944882e-01,0,16140,1,0,0,1,0,1,0,1,0,0
-8.969789e-12,-8.969789e+00,1,16141,0,1,0,0,1,0,1,0,1,0
-2.420147e-12,-2.420147e+00,0,16143,1,1,0,1,0,0,1,0,1,0
9.180726e-12,9.180726e+00,1,16145,0,0,1,1,0,1,0,0,1,0
-6.086800e-12,-6.086800e+00,0,16146,1,0,0,1,1,0,1,0,0,1
-5.389308e-12,-5.389308e+00,1,16148,0,0,1,0,0,1,1,0,1,0
-1.254114e-12,-1.254114e+00,0,16149,1,0,0,1,0,0,1,1,0,1
1.681059e-11,1.681059e+01,1,16150,0,1,0,0,1,0,0,1,1,0
3.188213e-12,3.188213e+00,0,16151,1,0,1,0,0,1,0,0,1,1
3.317760e-11,3.317760e+01,1,16153,0,0,1,0,1,0,0,1,0,0
4.176203e-12,4.176203e+00,0,16156,1,1,1,0,0,1,0,1,0,0
8.548721e-12,8.548721e+00,1,16158,0,0,1,1,1,0,0,1,0,1
3.332072e-11,3.332072e+01,0,16164,1,1,1,1,1,1,0,0,1,1
-5.602002e-13,-5.602002e-01,1,16168,0,0,0,0,1,1,1,1,1,1
-2.043954e-12,-2.043954e+00,0,16171,1,1,1,0,0,0,0,1,1,1
8.919450e-12,8.919450e+00,1,16172,0,1,1,1,0,0,0,0,1,1
-5.627472e-12,-5.627472e+00,0,16174,1,1,0,1,1,1,0,0,0,0
-7.970889e-13,-7.970889e-01,1,16175,0,1,1,0,1,1,1,0,0,0
2.525619e-12,2.525619e+00,0,16176,1,0,1,1,0,1,1,1,0,0
-5.539407e-12,-5.539407e+00,1,16177,0,1,0,1,1,0,1,1,1,0
2.243974e-11,2.243974e+01,0,16179,1,1,0,1,0,1,1,0,1,1
8.095246e-12,8.095246e+00,1,16183,0,0,0,0,1,1,0,1,0,1
-2.353449e-11,-2.353449e+01,0,16184,1,0,0,0,0,1,1,0,1,0
7.373828e-12,7.373828e+00,1,16185,0,1,0,0,0,0,1,1,0,1
-8.986526e-12,-8.986526e+00,0,16186,1,0,1,0,0,0,0,1,1,0
-2.548853e-12,-2.548853e+00,1,16188,0,0,1,0,1,0,0,0,0,1
-4.675628e-12,-4.675628e+00,0,16189,1,0,0,1,0,1,0,0,0,0
-1.595654e-12,-1.595654e+00,1,16190,0,1,0,0,1,0,1,0,0,0
-7.036274e-12,-7.036274e+00,0,16191,1,0,1,0,0,1,0,1,0,0
3.880518e-12,3.880518e+00,1,16192,0,1,0,1,0,0,1,0,1,0
-6.561697e-12,-6.561697e+00,0,16194,1,1,0,1,0,1,0,0,1,0
-6.077743e-12,-6.077743e+00,1,16196,0,0,1,1,0,1,0,1,0,0
-1.982376e-12,-1.982376e+00,0,16197,1,0,0,1,1,0,1,0,1,0
-9.308794e-12,-9.308794e+00,1,16200,0,0,0,1,0,0,1,1,0,1
-4.124760e-12,-4.124760e+00,0,16201,1,0,0,0,1,0,0,1,1,0
1.338403e-11,1.338403e+01,1,16203,0,0,1,0,0,0,1,0,0,1
-3.590086e-12,-3.590086e+00,0,16204,1,0,0,1,0,0,0,1,0,0
-8.804612e-12,-8.804612e+00,1,16205,0,1,0,0,1,0,0,0,1,0
-2.608233e-12,-2.608233e+00,0,16206,1,0,1,0,0,1,0,0,0,1
-2.072249e-12,-2.072249e+00,1,16207,0,1,0,1,0,0,1,0,0,0
-5.249486e-12,-5.249486e+00,0,16208,1,0,1,0,1,0,0,1,0,0
-1.074886e-11,-1.074886e+01,1,16212,0,0,0,0,1,0,1,0,1,0
1.099378e-13,1.099378e-01,0,16213,1,0,0,0,0,1,0,1,0,1
-4.395200e-12,-4.395200e+00,1,16214,0,1,0,0,0,0,1,0,1,0
-3.695294e-12,-3.695294e+00,0,16215,1,0,1,0,0,0,0,1,0,1
1.694526e-13,1.694526e-01,1,16217,0,0,1,0,1,0,0,0,0,1
-3.983044e-11,-3.983044e+01,0,16218,1,0,0,1,0,1,0,0,0,0
-1.001533e-11,-1.001533e+01,1,16220,0,0,1,0,0,1,0,1,0,0
-8.347074e-12,-8.347074e+00,0,16222,1,1,0,0,1,0,0,1,0,1
-5.358751e-12,-5.358751e+00,1,16223,0,1,1,0,0,1,0,0,1,0
-8.484881e-12,-8.484881e+00,0,16224,1,0,1,1,0,0,1,0,0,1
-1.251174e-12,-1.251174e+00,1,16226,0,0,1,0,1,1,0,0,1,0
5.137550e-12,5.137550e+00,0,16227,1,0,0,1,0,1,1,0,0,1
-6.017047e-12,-6.017047e+00,1,16228,0,1,0,0,1,0,1,1,0,0
-1.054175e-12,-1.054175e+00,0,16229,1,0,1,0,0,1,0,1,1,0
2.758358e-11,2.758358e+01,1,16232,0,0,0,1,0,1,0,0,1,0
-9.949402e-12,-9.949402e+00,0,16237,1,1,1,1,1,0,0,0,1,0
1.811141e-12,1.811141e+00,1,16239,0,0,1,1,1,1,1,0,0,0
-4.352055e-12,-4.352055e+00,0,16240,1,0,0,1,1,1,1,1,0,0
2.585502e-11,2.585502e+01,1,16244,0,0,0,0,1,0,0,1,1,1
2.321538e-11,2.321538e+01,0,16246,1,1,0,0,0,0,1,0,0,1
1.325134e-12,1.325134e+00,1,16247,0,1,1,0,0,0,0,1,0,0
-6.091732e-12,-6.091732e+00,0,16250,1,1,1,0,1,1,0,0,0,0
1.334848e-11,1.334848e+01,1,16252,0,0,1,1,1,0,1,1,0,0
-2.344566e-12,-2.344566e+00,0,16254,1,1,0,0,1,1,1,0,1,1
-2.886170e-12,-2.886170e+00,1,16255,0,1,1,0,0,1,1,1,0,1
-8.876469e-13,-8.876469e-01,0,16256,1,0,1,1,0,0,1,1,1,0
-6.439701e-12,-6.439701e+00,1,16257,0,1,0,1,1,0,0,1,1,1
-1.886665e-12,-1.886665e+00,0,16258,1,0,1,0,1,1,0,0,1,1
-1.312242e-12,-1.312242e+00,1,16262,0,0,0,0,1,0,1,0,1,1
-4.387636e-12,-4.387636e+00,0,16265,1,1,1,0,0,0,0,1,0,1
-2.128907e-11,-2.128907e+01,1,16267,0,0,1,1,1,0,0,0,0,1
8.896513e-12,8.896513e+00,0,16268,1,0,0,1,1,1,0,0,0,0
-8.679445e-12,-8.679445e+00,1,16270,0,0,1,0,0,1,1,1,0,0
-2.191404e-12,-2.191404e+00,0,16272,1,1,0,0,1,0,0,1,1,1
-3.788532e-12,-3.788532e+00,1,16273,0,1,1,0,0,1,0,0,1,1
-4.378843e-11,-4.378843e+01,0,16274,1,0,1,1,0,0,1,0,0,1
4.381135e-11,4.381135e+01,1,16275,0,1,0,1,1,0,0,1,0,0
2.077539e-11,2.077539e+01,0,16278,1,1,1,0,1,0,1,1,0,0
5.866594e-12,5.866594e+00,1,16280,0,0,1,1,1,0,1,0,1,1
-6.896953e-12,-6.896953e+00,0,16283,1,1,1,0,0,1,1,1,0,1
9.575581e-14,9.575581e-02,1,16285,0,0,1,1,1,0,0,1,1,1
7.632843e-12,7.632843e+00,0,16286,1,0,0,1,1,1,0,0,1,1
-9.595843e-12,-9.595843e+00,1,16290,0,0,0,0,1,0,0,1,1,1
-1.471307e-12,-1.471307e+00,0,16293,1,1,1,0,0,0,0,1,0,0
-5.697742e-12,-5.697742e+00,1,16294,0,1,1,1,0,0,0,0,1,0
-6.503996e-12,-6.503996e+00,0,16295,1,0,1,1,1,0,0,0,0,1
2.629710e-11,2.629710e+01,1,16296,0,1,0,1,1,1,0,0,0,0
9.681492e-12,9.681492e+00,0,16297,1,0,1,0,1,1,1,0,0,0
-5.091504e-12,-5.091504e+00,1,16302,0,0,0,0,0,1,0,1,0,1
-6.649673e-12,-6.649673e+00,0,16304,1,1,0,0,0,0,0,1,0,1
5.846003e-12,5.846003e+00,1,16306,0,0,1,1,0,0,0,0,0,1
-5.914371e-12,-5.914371e+00,0,16307,1,0,0,1,1,0,0,0,0,0
1.201988e-13,1.201988e-01,1,16309,0,0,1,0,0,1,1,0,0,0
-6.835009e-12,-6.835009e+00,0,16311,1,1,0,0,1,0,0,1,1,0
-1.265466e-12,-1.265466e+00,1,16312,0,1,1,0,0,1,0,0,1,1
1.266542e-11,1.266542e+01,0,16315,1,1,1,0,1,1,0,0,1,0
-1.468453e-12,-1.468453e+00,1,16318,0,0,0,1,1,1,0,1,1,0
2.147131e-11,2.147131e+01,0,16319,1,0,0,0,1,1,1,0,1,1
-1.254936e-11,-1.254936e+01,1,16320,0,1,0,0,0,1,1,1,0,1
-3.423904e-12,-3.423904e+00,0,16321,1,0,1,0,0,0,1,1,1,0
-4.338801e-12,-4.338801e+00,1,16322,0,1,0,1,0,0,0,1,1,1
-8.228848e-12,-8.228848e+00,0,16323,1,0,1,0,1,0,0,0,1,1
-6.668007e-12,-6.668007e+00,1,16327,0,0,0,0,1,0,1,0,1,0
-3.685982e-12,-3.685982e+00,0,16329,1,1,0,0,0,0,1,0,1,0
-1.073606e-11,-1.073606e+01,1,16331,0,0,1,1,0,0,0,0,1,0
-2.283633e-12,-2.283633e+00,0,16332,1,0,0,1,1,0,0,0,0,1
-9.613351e-12,-9.613351e+00,1,16334,0,0,1,0,0,1,1,0,0,0
-4.681702e-12,-4.681702e+00,0,16335,1,0,0,1,0,0,1,1,0,0
-3.822297e-12,-3.822297e+00,1,16336,0,1,0,0,1,0,0,1,1,0
-3.838008e-12,-3.838008e+00,0,16338,1,1,0,1,0,0,1,0,0,1
9.626994e-12,9.626994e+00,1,16341,0,0,0,1,1,0,1,0,0,1
-4.706005e-12,-4.706005e+00,0,16345,1,1,1,1,0,0,0,1,1,0
-3.278277e-12,-3.278277e+00,1,16347,0,0,1,1,1,1,0,0,0,1
-4.327817e-11,-4.327817e+01,0,16348,1,0,0,1,1,1,1,0,0,0
3.575438e-11,3.575438e+01,1,16349,0,1,0,0,1,1,1,1,0,0
-4.245512e-12,-4.245512e+00,0,16350,1,0,1,0,0,1,1,1,1,0
-4.094240e-12,-4.094240e+00,1,16351,0,1,0,1,0,0,1,1,1,1
3.115151e-12,3.115151e+00,0,16354,1,1,1,0,1,0,1,0,0,1
-1.128216e-11,-1.128216e+01,1,16355,0,1,1,1,0,1,0,1,0,0
-9.125781e-12,-9.125781e+00,0,16358,1,1,1,0,1,1,1,0,1,0
-1.138976e-12,-1.138976e+00,1,16360,0,0,1,1,1,0,1,1,1,0
-4.119948e-12,-4.119948e+00,0,16361,1,0,0,1,1,1,0,1,1,1
-6.507329e-12,-6.507329e+00,1,16363,0,0,1,0,0,1,1,1,0,1
-7.621087e-12,-7.621087e+00,0,16365,1,1,0,0,1,0,0,1,1,1
3.964247e-13,3.964247e-01,1,16367,0,0,1,1,0,0,1,0,0,1
-5.241973e-12,-5.241973e+00,0,16369,1,1,0,0,1,1,0,0,1,0
-6.533756e-12,-6.533756e+00,1,16372,0,0,0,1,1,0,0,1,1,0
2.374827e-11,2.374827e+01,0,16373,1,0,0,0,1,1,0,0,1,1
1.854770e-11,1.854770e+01,1,16374,0,1,0,0,0,1,1,0,0,1
-8.356509e-12,-8.356509e+00,0,16375,1,0,1,0,0,0,1,1,0,0
-3.778894e-12,-3.778894e+00,1,16376,0,1,0,1,0,0,0,1,1,0
-4.377879e-11,-4.377879e+01,0,16377,1,0,1,0,1,0,0,0,1,1
3.915385e-11,3.915385e+01,1,16378,0,1,0,1,0,1,0,0,0,1
-8.460497e-13,-8.460497e-01,0,16379,1,0,1,0,1,0,1,0,0,0
6.880261e-12,6.880261e+00,1,16380,0,1,0,1,0,1,0,1,0,0
-1.416848e-11,-1.416848e+01,0,16381,1,0,1,0,1,0,1,0,1,0
-2.999043e-12,-2.999043e+00,1,16382,0,1,0,1,0,1,0,1,0,1
1.017651e-12,1.017651e+00,0,16395,1,1,1,1,1,1,1,1,1,1
2.391836e-11,2.391836e+01,1,16396,0,1,1,1,1,1,1,1,1,1
-1.237850e-12,-1.237850e+00,0,16398,1,1,0,1,1,1,1,1,1,1
1.768408e-12,1.768408e+00,1,16399,0,1,1,0,1,1,1,1,1,1
2.099746e-11,2.099746e+01,0,16401,1,1,0,1,1,0,1,1,1,1
-5.222305e-12,-5.222305e+00,1,16402,0,1,1,0,1,1,0,1,1,1
-8.483279e-12,-8.483279e+00,0,16404,1,1,0,1,1,0,1,1,0,1
-5.134897e-12,-5.134897e+00,1,16405,0,1,1,0,1,1,0,1,1,0
3.204289e-11,3.204289e+01,0,16409,1,1,1,1,0,1,1,0,1,1
8.881430e-13,8.881430e-01,1,16411,0,0,1,1,1,1,0,1,1,0
-1.293206e-12,-1.293206e+00,0,16415,1,1,1,1,0,0,1,1,1,1
-3.520112e-12,-3.520112e+00,1,16417,0,0,1,1,1,1,0,0,1,1
-8.655442e-12,-8.655442e+00,0,16419,1,1,0,0,1,1,1,1,0,0
-1.324682e-12,-1.324682e+00,1,16420,0,1,1,0,0,1,1,1,1,0
-1.224476e-12,-1.224476e+00,0,16421,1,0,1,1,0,0,1,1,1,1
-5.047376e-12,-5.047376e+00,1,16422,0,1,0,1,1,0,0,1,1,1
-6.875266e-12,-6.875266e+00,0,16423,1,0,1,0,1,1,0,0,1,1
-3.497305e-12,-3.497305e+00,1,16424,0,1,0,1,0,1,1,0,0,1
-4.026198e-12,-4.026198e+00,0,16426,1,1,0,1,0,1,0,1,1,0
8.763627e-12,8.763627e+00,1,16429,0,0,0,1,1,0,1,0,1,0
-2.475003e-12,-2.475003e+00,0,16437,1,1,1,1,1,1,1,1,0,0
-7.793573e-13,-7.793573e-01,1,16441,0,0,0,0,1,1,1,1,1,1
-1.898573e-12,-1.898573e+00,0,16443,1,1,0,0,0,0,1,1,1,1
2.034597e-11,2.034597e+01,1,16444,0,1,1,0,0,0,0,1,1,1
-4.361514e-12,-4.361514e+00,0,16446,1,1,0,1,1,0,0,0,0,1
-5.240722e-12,-5.240722e+00,1,16447,0,1,1,0,1,1,0,0,0,0
-5.398085e-12,-5.398085e+00,0,16450,1,1,1,0,1,1,0,1,1,0
-1.034131e-11,-1.034131e+01,1,16451,0,1,1,1,0,1,1,0,1,1
-3.175063e-12,-3.175063e+00,0,16454,1,1,1,0,1,1,1,0,1,1
1.341807e-12,1.341807e+00,1,16456,0,0,1,1,1,0,1,1,1,0
1.285052e-13,1.285052e-01,0,16460,1,1,1,1,0,0,1,1,1,0
-3.987139e-11,-3.987139e+01,1,16461,0,1,1,1,1,0,0,1,1,1
4.384323e-11,4.384323e+01,0,16462,1,0,1,1,1,1,0,0,1,1
-5.096055e-12,-5.096055e+00,1,16466,0,0,0,0,1,0,1,1,1,1
-4.071483e-12,-4.071483e+00,0,16469,1,1,1,0,0,0,0,1,0,1
-5.773060e-12,-5.773060e+00,1,16470,0,1,1,1,0,0,0,0,1,0
8.206037e-12,8.206037e+00,0,16475,1,1,1,1,1,0,1,1,1,0
-2.981080e-12,-2.981080e+00,1,16476,0,1,1,1,1,1,0,1,1,1
-1.066917e-11,-1.066917e+01,0,16479,1,1,1,0,1,1,1,1,1,0
-5.066907e-11,-5.066907e+01,1,16480,0,1,1,1,0,1,1,1,1,1
1.361571e-11,1.361571e+01,0,16481,1,0,1,1,1,0,1,1,1,1
-8.810008e-12,-8.810008e+00,1,16487,0,0,0,0,0,0,1,0,1,1
-3.391544e-12,-3.391544e+00,0,16488,1,0,0,0,0,0,0,1,0,1
3.245022e-11,3.245022e+01,1,16489,0,1,0,0,0,0,0,0,1,0
2.784690e-12,2.784690e+00,0,16494,1,1,1,1,1,0,1,0,0,0
-3.408258e-12,-3.408258e+00,1,16495,0,1,1,1,1,1,0,1,0,0
3.711655e-11,3.711655e+01,0,16497,1,1,0,1,1,1,1,1,0,1
-2.883351e-12,-2.883351e+00,1,16498,0,1,1,0,1,1,1,1,1,0
-3.020389e-12,-3.020389e+00,0,16499,1,0,1,1,0,1,1,1,1,1
-3.129228e-12,-3.129228e+00,1,16501,0,0,1,0,1,1,0,1,1,1
-5.494940e-12,-5.494940e+00,0,16503,1,1,0,0,1,0,1,1,0,1
-4.371572e-13,-4.371572e-01,1,16504,0,1,1,0,0,1,0,1,1,0
-7.951275e-12,-7.951275e+00,0,16508,1,1,1,1,0,1,1,0,0,1
-5.155864e-12,-5.155864e+00,1,16510,0,0,1,1,1,1,0,1,1,0
5.821196e-14,5.821196e-02,0,16511,1,0,0,1,1,1,1,0,1,1
-2.288838e-12,-2.288838e+00,1,16512,0,1,0,0,1,1,1,1,0,1
-1.066843e-12,-1.066843e+00,0,16513,1,0,1,0,0,1,1,1,1,0
-5.227438e-12,-5.227438e+00,1,16514,0,1,0,1,0,0,1,1,1,1
1.904637e-12,1.904637e+00,0,16515,1,0,1,0,1,0,0,1,1,1
2.707283e-12,2.707283e+00,1,16520,0,0,0,0,0,1,0,1,0,1
-4.882292e-12,-4.882292e+00,0,16528,1,1,1,1,1,1,1,1,0,0
-4.768976e-12,-4.768976e+00,1,16529,0,1,1,1,1,1,1,1,1,0
-1.765541e-12,-1.765541e+00,0,16531,1,1,0,1,1,1,1,1,1,1
-7.093447e-13,-7.093447e-01,1,16540,0,0,0,0,0,0,0,0,0,1
1.047684e-11,1.047684e+01,0,16541,1,0,0,0,0,0,0,0,0,0
-2.205754e-11,-2.205754e+01,1,16542,0,1,0,0,0,0,0,0,0,0
3.676532e-11,3.676532e+01,0,16543,1,0,1,0,0,0,0,0,0,0
-3.234580e-12,-3.234580e+00,1,16544,0,1,0,1,0,0,0,0,0,0
3.279865e-11,3.279865e+01,0,16546,1,1,0,1,0,1,0,0,0,0
-7.201244e-12,-7.201244e+00,1,16547,0,1,1,0,1,0,1,0,0,0
2.673902e-13,2.673902e-01,0,16549,1,1,0,1,1,0,1,0,1,0
-3.920640e-12,-3.920640e+00,1,16550,0,1,1,0,1,1,0,1,0,1
-9.536542e-12,-9.536542e+00,0,16557,1,1,1,1,1,1,1,0,1,1
-3.675339e-12,-3.675339e+00,1,16559,0,0,1,1,1,1,1,1,1,0
-2.799908e-12,-2.799908e+00,0,16563,1,1,1,1,0,0,1,1,1,1
-3.448228e-11,-3.448228e+01,1,16564,0,1,1,1,1,0,0,1,1,1
-7.532791e-12,-7.532791e+00,0,16566,1,1,0,1,1,1,1,0,0,1
-3.467149e-12,-3.467149e+00,1,16567,0,1,1,0,1,1,1,1,0,0
-5.689355e-12,-5.689355e+00,0,16570,1,1,1,0,1,1,0,1,1,1
-7.740392e-12,-7.740392e+00,1,16575,0,0,0,0,0,1,1,1,0,1
-8.697082e-12,-8.697082e+00,0,16576,1,0,0,0,0,0,1,1,1,0
1.993016e-11,1.993016e+01,1,16577,0,1,0,0,0,0,0,1,1,1
-8.727684e-12,-8.727684e+00,0,16578,1,0,1,0,0,0,0,0,1,1
-3.265394e-12,-3.265394e+00,1,16582,0,0,0,0,1,0,1,0,0,0
-6.930412e-12,-6.930412e+00,0,16584,1,1,0,0,0,0,1,0,1,0
-2.498437e-12,-2.498437e+00,1,16585,0,1,1,0,0,0,0,1,0,1
-3.453534e-12,-3.453534e+00,0,16591,1,1,1,1,1,1,0,1,1,0
1.724805e-11,1.724805e+01,1,16592,0,1,1,1,1,1,1,0,1,1
-7.840661e-12,-7.840661e+00,0,16595,1,1,1,0,1,1,1,1,1,1
4.312143e-12,4.312143e+00,1,16597,0,0,1,1,1,0,1,1,1,1
-4.982855e-12,-4.982855e+00,0,16599,1,1,0,0,1,1,1,0,1,1
3.789870e-11,3.789870e+01,1,16600,0,1,1,0,0,1,1,1,0,1
-1.348755e-12,-1.348755e+00,0,16602,1,1,0,1,1,0,0,1,1,1
-6.509366e-12,-6.509366e+00,1,16604,0,0,1,1,0,1,1,0,0,1
2.747522e-12,2.747522e+00,0,16606,1,1,0,0,1,1,0,1,1,0
-3.896718e-12,-3.896718e+00,1,16609,0,0,0,1,1,0,0,1,1,0
-3.655902e-12,-3.655902e+00,0,16613,1,1,1,1,0,0,0,1,1,0
3.094746e-11,3.094746e+01,1,16616,0,0,0,1,1,1,1,0,0,0
-8.496048e-12,-8.496048e+00,0,16619,1,1,1,0,0,0,1,1,1,1
-3.217168e-12,-3.217168e+00,1,16620,0,1,1,1,0,0,0,1,1,1
-5.750360e-12,-5.750360e+00,0,16621,1,0,1,1,1,0,0,0,1,1
-3.223658e-12,-3.223658e+00,1,16622,0,1,0,1,1,1,0,0,0,1
-3.540066e-12,-3.540066e+00,0,16624,1,1,0,1,0,1,1,1,0,0
4.364159e-11,4.364159e+01,1,16628,0,0,0,0,1,1,0,1,0,1
-7.938960e-12,-7.938960e+00,0,16630,1,1,0,0,0,0,1,1,0,1
-4.632662e-12,-4.632662e+00,1,16632,0,0,1,1,0,0,0,0,1,1
-5.134968e-12,-5.134968e+00,0,16633,1,0,0,1,1,0,0,0,0,1
-1.426017e-11,-1.426017e+01,1,16636,0,0,0,1,0,0,1,1,0,0
3.542179e-11,3.542179e+01,0,16638,1,1,0,0,0,1,0,0,1,1
-4.578110e-12,-4.578110e+00,1,16639,0,1,1,0,0,0,1,0,0,1
-3.068326e-12,-3.068326e+00,0,16640,1,0,1,1,0,0,0,1,0,0
-4.306822e-11,-4.306822e+01,1,16641,0,1,0,1,1,0,0,0,1,0
3.860138e-11,3.860138e+01,0,16642,1,0,1,0,1,1,0,0,0,1
-1.398521e-12,-1.398521e+00,1,16643,0,1,0,1,0,1,1,0,0,0
-6.593880e-12,-6.593880e+00,0,16644,1,0,1,0,1,0,1,1,0,0
-1.915293e-11,-1.915293e+01,1,16648,0,0,0,0,1,0,1,0,1,0
2.801874e-11,2.801874e+01,0,16657,1,1,1,1,1,1,1,1,1,0
-1.085111e-11,-1.085111e+01,1,16658,0,1,1,1,1,1,1,1,1,1
-7.705131e-12,-7.705131e+00,0,16661,1,1,1,0,1,1,1,1,1,1
-1.756259e-11,-1.756259e+01,1,16662,0,1,1,1,0,1,1,1,1,1
-4.776564e-12,-4.776564e+00,0,16664,1,1,0,1,1,1,0,1,1,1
-2.876260e-13,-2.876260e-01,1,16665,0,1,1,0,1,1,1,0,1,1
-2.527422e-12,-2.527422e+00,0,16667,1,1,0,1,1,0,1,1,1,0
-3.193331e-12,-3.193331e+00,1,16668,0,1,1,0,1,1,0,1,1,1
-1.170464e-13,-1.170464e-01,0,16669,1,0,1,1,0,1,1,0,1,1
-1.732735e-12,-1.732735e+00,1,16673,0,0,0,0,1,0,1,1,0,1
6.166019e-12,6.166019e+00,0,16674,1,0,0,0,0,1,0,1,1,0
2.186589e-12,2.186589e+00,1,16675,0,1,0,0,0,0,1,0,1,1
-5.570277e-12,-5.570277e+00,0,16676,1,0,1,0,0,0,0,1,0,1
-2.344212e-12,-2.344212e+00,1,16679,0,0,0,1,0,1,0,0,0,0
-3.225931e-12,-3.225931e+00,0,16680,1,0,0,0,1,0,1,0,0,0
-3.719333e-12,-3.719333e+00,1,16685,0,0,0,0,0,1,0,0,0,1
-6.942969e-12,-6.942969e+00,0,16686,1,0,0,0,0,0,1,0,0,0
1.237154e-12,1.237154e+00,1,16688,0,0,1,0,0,0,0,0,1,0
-4.097828e-12,-4.097828e+00,0,16690,1,1,0,0,1,0,0,0,0,0
-1.208609e-12,-1.208609e+00,1,16692,0,0,1,1,0,0,1,0,0,0
-4.386842e-12,-4.386842e+00,0,16694,1,1,0,0,1,1,0,0,1,0
-8.203241e-12,-8.203241e+00,1,16695,0,1,1,0,0,1,1,0,0,1
-7.374208e-12,-7.374208e+00,0,16699,1,1,1,1,0,1,1,0,0,1
-7.851600e-12,-7.851600e+00,1,16702,0,0,0,1,1,1,1,0,1,1
-5.601250e-12,-5.601250e+00,0,16705,1,1,1,0,0,0,1,1,1,1
-2.638839e-13,-2.638839e-01,1,16707,0,0,1,1,1,0,0,0,1,1
-3.601970e-12,-3.601970e+00,0,16709,1,1,0,0,1,1,1,0,0,0
7.105729e-12,7.105729e+00,1,16710,0,1,1,0,0,1,1,1,0,0
-5.083570e-12,-5.083570e+00,0,16711,1,0,1,1,0,0,1,1,1,0
-5.473610e-12,-5.473610e+00,1,16712,0,1,0,1,1,0,0,1,1,1
-2.714299e-12,-2.714299e+00,0,16715,1,1,1,0,1,0,1,1,0,0
-9.782276e-12,-9.782276e+00,1,16716,0,1,1,1,0,1,0,1,1,0
-4.093509e-12,-4.093509e+00,0,16717,1,0,1,1,1,0,1,0,1,1
-3.335009e-12,-3.335009e+00,1,16718,0,1,0,1,1,1,0,1,0,1
1.032242e-11,1.032242e+01,0,16719,1,0,1,0,1,1,1,0,1,0
-7.135746e-12,-7.135746e+00,1,16720,0,1,0,1,0,1,1,1,0,1
-6.651315e-12,-6.651315e+00,0,16721,1,0,1,0,1,0,1,1,1,0
-9.754433e-12,-9.754433e+00,1,16723,0,0,1,0,1,0,1,0,1,1
-1.362519e-12,-1.362519e+00,0,16724,1,0,0,1,0,1,0,1,0,1
-9.927648e-13,-9.927648e-01,1,16725,0,1,0,0,1,0,1,0,1,0
-3.030708e-12,-3.030708e+00,0,16734,1,1,1,1,1,1,1,1,1,0
2.487244e-11,2.487244e+01,1,16736,0,0,1,1,1,1,1,1,1,1
-1.023870e-12,-1.023870e+00,0,16737,1,0,0,1,1,1,1,1,1,1
-6.233528e-12,-6.233528e+00,1,16738,0,1,0,0,1,1,1,1,1,1
-1.046434e-11,-1.046434e+01,0,16740,1,1,0,1,0,0,1,1,1,1
-7.829776e-13,-7.829776e-01,1,16741,0,1,1,0,1,0,0,1,1,1
-9.614474e-12,-9.614474e+00,0,16743,1,1,0,1,1,0,1,0,0,1
3.560845e-12,3.560845e+00,1,16744,0,1,1,0,1,1,0,1,0,0
-3.408778e-14,-3.408778e-02,0,16747,1,1,1,0,1,1,0,1,1,0
-5.576929e-12,-5.576929e+00,1,16749,0,0,1,1,1,0,1,1,0,1
-5.295069e-12,-5.295069e+00,0,16750,1,0,0,1,1,1,0,1,1,0
-2.012885e-11,-2.012885e+01,1,16751,0,1,0,0,1,1,1,0,1,1
7.919915e-12,7.919915e+00,0,16752,1,0,1,0,0,1,1,1,0,1
-7.398087e-12,-7.398087e+00,1,16755,0,0,0,1,0,1,0,0,1,1
-1.016550e-12,-1.016550e+00,0,16756,1,0,0,0,1,0,1,0,0,1
-1.000309e-12,-1.000309e+00,1,16757,0,1,0,0,0,1,0,1,0,0
1.374622e-12,1.374622e+00,0,16760,1,1,1,0,1,0,0,0,1,0
-4.806900e-12,-4.806900e+00,1,16762,0,0,1,1,1,0,1,0,0,0
-6.487206e-12,-6.487206e+00,0,16763,1,0,0,1,1,1,0,1,0,0
1.001929e-11,1.001929e+01,1,16767,0,0,0,0,1,0,0,1,1,1
-3.882692e-12,-3.882692e+00,0,16768,1,0,0,0,0,1,0,0,1,1
-2.086641e-11,-2.086641e+01,1,16772,0,0,0,0,1,0,0,0,0,1
3.347370e-12,3.347370e+00,0,16776,1,1,1,1,0,0,0,0,1,0
2.160993e-11,2.160993e+01,1,16777,0,1,1,1,1,0,0,0,0,1
-3.020325e-12,-3.020325e+00,0,16781,1,1,1,1,0,1,1,1,1,0
-1.393291e-11,-1.393291e+01,1,16782,0,1,1,1,1,0,1,1,1,1
-5.493927e-12,-5.493927e+00,0,16785,1,1,1,0,1,1,1,1,0,1
3.179660e-12,3.179660e+00,1,16786,0,1,1,1,0,1,1,1,1,0
-1.151526e-12,-1.151526e+00,0,16790,1,1,1,1,0,1,1,1,0,1
-2.436442e-12,-2.436442e+00,1,16791,0,1,1,1,1,0,1,1,1,0
-2.318471e-12,-2.318471e+00,0,16795,1,1,1,1,0,1,1,1,1,0
-2.278247e-12,-2.278247e+00,1,16796,0,1,1,1,1,0,1,1,1,1
2.438830e-12,2.438830e+00,0,16797,1,0,1,1,1,1,0,1,1,1
2.728408e-12,2.728408e+00,1,16802,0,0,0,0,0,1,0,1,1,1
-5.589494e-12,-5.589494e+00,0,16803,1,0,0,0,0,0,1,0,1,1
-3.168966e-12,-3.168966e+00,1,16804,0,1,0,0,0,0,0,1,0,1
-1.012894e-11,-1.012894e+01,0,16806,1,1,0,1,0,0,0,0,0,1
-7.159900e-12,-7.159900e+00,1,16808,0,0,1,1,0,1,0,0,0,0
-4.488838e-12,-4.488838e+00,0,16809,1,0,0,1,1,0,1,0,0,0
-4.784654e-13,-4.784654e-01,1,16810,0,1,0,0,1,1,0,1,0,0
-1.057027e-11,-1.057027e+01,0,16812,1,1,0,1,0,0,1,1,0,1
-5.468873e-12,-5.468873e+00,1,16813,0,1,1,0,1,0,0,1,1,0
-6.381393e-12,-6.381393e+00,0,16814,1,0,1,1,0,1,0,0,1,1
-2.852112e-12,-2.852112e+00,1,16816,0,0,1,0,1,1,0,1,0,0
-5.092031e-12,-5.092031e+00,0,16819,1,1,1,0,0,1,0,1,1,0
-2.272966e-11,-2.272966e+01,1,16821,0,0,1,1,1,0,0,1,0,1
3.800885e-11,3.800885e+01,0,16822,1,0,0,1,1,1,0,0,1,0
-1.991046e-12,-1.991046e+00,1,16823,0,1,0,0,1,1,1,0,0,1
-2.496625e-12,-2.496625e+00,0,16824,1,0,1,0,0,1,1,1,0,0
-5.314029e-12,-5.314029e+00,1,16826,0,0,1,0,1,0,0,1,1,1
-1.413630e-12,-1.413630e+00,0,16829,1,1,1,0,0,1,0,1,0,0
-5.750029e-12,-5.750029e+00,1,16830,0,1,1,1,0,0,1,0,1,0
-6.798197e-13,-6.798197e-01,0,16831,1,0,1,1,1,0,0,1,0,1
-7.608843e-12,-7.608843e+00,1,16832,0,1,0,1,1,1,0,0,1,0
-7.519322e-13,-7.519322e-01,0,16833,1,0,1,0,1,1,1,0,0,1
4.401925e-12,4.401925e+00,1,16835,0,0,1,0,1,0,1,1,1,0
-7.290665e-12,-7.290665e+00,0,16836,1,0,0,1,0,1,0,1,1,1
-8.156864e-12,-8.156864e+00,1,16837,0,1,0,0,1,0,1,0,1,1
6.005099e-12,6.005099e+00,0,16838,1,0,1,0,0,1,0,1,0,1
-5.838375e-12,-5.838375e+00,1,16839,0,1,0,1,0,0,1,0,1,0
-1.067445e-12,-1.067445e+00,0,16846,1,1,1,1,1,1,1,0,1,0
5.979152e-13,5.979152e-01,1,16848,0,0,1,1,1,1,1,1,1,0
-9.355978e-12,-9.355978e+00,0,16849,1,0,0,1,1,1,1,1,1,1
-3.964090e-11,-3.964090e+01,1,16851,0,0,1,0,0,1,1,1,1,1
7.167635e-14,7.167635e-02,0,16853,1,1,0,0,1,0,0,1,1,1
1.356197e-11,1.356197e+01,1,16854,0,1,1,0,0,1,0,0,1,1
-2.307455e-12,-2.307455e+00,0,16856,1,1,0,1,1,0,0,1,0,0
-1.927618e-12,-1.927618e+00,1,16857,0,1,1,0,1,1,0,0,1,0
-2.760375e-11,-2.760375e+01,0,16858,1,0,1,1,0,1,1,0,0,1
1.979024e-13,1.979024e-01,1,16859,0,1,0,1,1,0,1,1,0,0
-5.360302e-12,-5.360302e+00,0,16860,1,0,1,0,1,1,0,1,1,0
-8.212918e-12,-8.212918e+00,1,16863,0,0,0,1,0,1,0,1,1,0
-1.820611e-11,-1.820611e+01,0,16867,1,1,1,1,0,0,0,1,0,1
-3.408935e-12,-3.408935e+00,1,16869,0,0,1,1,1,1,0,0,0,1
-2.325004e-12,-2.325004e+00,0,16870,1,0,0,1,1,1,1,0,0,0
1.805603e-11,1.805603e+01,1,16872,0,0,1,0,0,1,1,1,1,0
-2.987783e-12,-2.987783e+00,0,16874,1,1,0,0,1,0,0,1,1,1
-7.058040e-12,-7.058040e+00,1,16879,0,0,0,0,0,1,1,0,0,1
-4.842654e-12,-4.842654e+00,0,16883,1,1,1,1,0,0,0,0,0,1
-5.551465e-12,-5.551465e+00,1,16886,0,0,0,1,1,1,1,0,0,0
-2.809436e-12,-2.809436e+00,0,16888,1,1,0,0,0,1,1,1,1,0
-5.439979e-12,-5.439979e+00,1,16889,0,1,1,0,0,0,1,1,1,1
-3.093217e-12,-3.093217e+00,0,16892,1,1,1,0,1,1,0,0,0,1
-1.836990e-12,-1.836990e+00,1,16893,0,1,1,1,0,1,1,0,0,0
3.594198e-11,3.594198e+01,0,16896,1,1,1,0,1,1,1,0,1,1
-4.057913e-12,-4.057913e+00,1,16897,0,1,1,1,0,1,1,1,0,1
-1.508223e-12,-1.508223e+00,0,16898,1,0,1,1,1,0,1,1,1,0
-1.970108e-12,-1.970108e+00,1,16899,0,1,0,1,1,1,0,1,1,1
2.248390e-11,2.248390e+01,0,16900,1,0,1,0,1,1,1,0,1,1
-3.357180e-12,-3.357180e+00,1,16904,0,0,0,0,1,0,1,0,1,1
8.357783e-12,8.357783e+00,0,16905,1,0,0,0,0,1,0,1,0,1
-4.571614e-12,-4.571614e+00,1,16906,0,1,0,0,0,0,1,0,1,0
-1.065835e-11,-1.065835e+01,0,16913,1,1,1,1,1,1,1,0,1,0
-4.042946e-12,-4.042946e+00,1,16914,0,1,1,1,1,1,1,1,0,1
-1.009086e-11,-1.009086e+01,0,16919,1,1,1,1,1,0,1,1,1,1
3.102505e-12,3.102505e+00,1,16920,0,1,1,1,1,1,0,1,1,1
-1.716374e-12,-1.716374e+00,0,16922,1,1,0,1,1,1,1,1,0,1
-1.567190e-11,-1.567190e+01,1,16923,0,1,1,0,1,1,1,1,1,0
7.066665e-12,7.066665e+00,0,16927,1,1,1,1,0,1,1,0,1,1
-3.377102e-12,-3.377102e+00,1,16928,0,1,1,1,1,0,1,1,0,1
-2.673290e-12,-2.673290e+00,0,16930,1,1,0,1,1,1,1,0,1,1
-7.253102e-12,-7.253102e+00,1,16932,0,0,1,1,0,1,1,1,1,0
6.991947e-12,6.991947e+00,0,16936,1,1,1,1,0,0,1,1,0,1
-1.227115e-11,-1.227115e+01,1,16937,0,1,1,1,1,0,0,1,1,0
-9.542829e-12,-9.542829e+00,0,16941,1,1,1,1,0,1,1,1,1,0
2.390253e-12,2.390253e+00,1,16944,0,0,0,1,1,1,1,0,1,1
-4.970717e-12,-4.970717e+00,0,16946,1,1,0,0,0,1,1,1,1,0
-5.220781e-12,-5.220781e+00,1,16947,0,1,1,0,0,0,1,1,1,1
-4.273608e-12,-4.273608e+00,0,16948,1,0,1,1,0,0,0,1,1,1
-6.443896e-12,-6.443896e+00,1,16953,0,0,0,0,0,1,0,1,1,0
-1.290308e-11,-1.290308e+01,0,16955,1,1,0,0,0,0,0,1,0,1
-4.478696e-12,-4.478696e+00,1,16958,0,0,0,1,1,0,0,0,0,0
-4.794671e-12,-4.794671e+00,0,16959,1,0,0,0,1,1,0,0,0,0
1.619814e-11,1.619814e+01,1,16965,0,0,0,0,0,0,1,0,0,0
2.126436e-12,2.126436e+00,0,16968,1,1,1,0,0,0,0,0,0,1
-5.949481e-12,-5.949481e+00,1,16969,0,1,1,1,0,0,0,0,0,0
-4.956216e-12,-4.956216e+00,0,16970,1,0,1,1,1,0,0,0,0,0
-2.921498e-12,-2.921498e+00,1,16977,0,0,0,0,0,0,0,1,0,1
-8.509950e-12,-8.509950e+00,0,16979,1,1,0,0,0,0,0,0,0,1
-6.986967e-12,-6.986967e+00,1,16981,0,0,1,1,0,0,0,0,0,0
-8.819861e-13,-8.819861e-01,0,16982,1,0,0,1,1,0,0,0,0,0
-1.599722e-12,-1.599722e+00,1,16983,0,1,0,0,1,1,0,0,0,0
1.304046e-11,1.304046e+01,0,16985,1,1,0,1,0,0,1,1,0,0
-5.858735e-14,-5.858735e-02,1,16986,0,1,1,0,1,0,0,1,1,0
-6.359480e-12,-6.359480e+00,0,16988,1,1,0,1,1,0,1,0,0,1
1.199449e-11,1.199449e+01,1,16991,0,0,0,1,1,0,1,1,0,1
-1.003147e-12,-1.003147e+00,0,16996,1,1,1,1,1,0,0,0,1,1
3.257758e-12,3.257758e+00,1,16998,0,0,1,1,1,1,1,0,0,0
-1.357399e-11,-1.357399e+01,0,17001,1,1,1,0,0,1,1,1,1,1
1.689412e-12,1.689412e+00,1,17002,0,1,1,1,0,0,1,1,1,1
3.058675e-12,3.058675e+00,0,17003,1,0,1,1,1,0,0,1,1,1
-6.369300e-12,-6.369300e+00,1,17004,0,1,0,1,1,1,0,0,1,1
-2.384808e-11,-2.384808e+01,0,17006,1,1,0,1,0,1,1,1,0,0
-2.255061e-12,-2.255061e+00,1,17007,0,1,1,0,1,0,1,1,1,0
-3.391124e-12,-3.391124e+00,0,17008,1,0,1,1,0,1,0,1,1,1
-4.339102e-11,-4.339102e+01,1,17009,0,1,0,1,1,0,1,0,1,1
3.422192e-11,3.422192e+01,0,17010,1,0,1,0,1,1,0,1,0,1
-5.777981e-12,-5.777981e+00,1,17011,0,1,0,1,0,1,1,0,1,0
-9.607665e-12,-9.607665e+00,0,17017,1,1,1,1,1,1,0,1,0,1
-6.407267e-12,-6.407267e+00,1,17019,0,0,1,1,1,1,1,1,0,1
5.798600e-12,5.798600e+00,0,17020,1,0,0,1,1,1,1,1,1,0
-2.927798e-12,-2.927798e+00,1,17022,0,0,1,0,0,1,1,1,1,1
5.067859e-12,5.067859e+00,0,17023,1,0,0,1,0,0,1,1,1,1
-1.214718e-11,-1.214718e+01,1,17024,0,1,0,0,1,0,0,1,1,1
-3.532083e-12,-3.532083e+00,0,17026,1,1,0,1,0,0,1,0,0,1
-5.477881e-12,-5.477881e+00,1,17027,0,1,1,0,1,0,0,1,0,0
-3.317027e-12,-3.317027e+00,0,17030,1,1,1,0,1,1,0,1,0,0
-1.450041e-12,-1.450041e+00,1,17032,0,0,1,1,1,0,1,1,0,1
1.998998e-12,1.998998e+00,0,17037,1,1,1,1,1,0,0,1,1,1
-5.022008e-12,-5.022008e+00,1,17039,0,0,1,1,1,1,1,0,0,1
-4.543747e-13,-4.543747e-01,0,17041,1,1,0,0,1,1,1,1,1,0
-7.346469e-12,-7.346469e+00,1,17044,0,0,0,1,1,0,0,1,1,1
-1.893793e-12,-1.893793e+00,0,17046,1,1,0,0,0,1,1,0,0,1
3.012047e-12,3.012047e+00,1,17047,0,1,1,0,0,0,1,1,0,0
4.100040e-11,4.100040e+01,0,17050,1,1,1,0,1,1,0,0,0,1
-1.080151e-11,-1.080151e+01,1,17053,0,0,0,1,1,1,0,1,1,0
-5.652949e-12,-5.652949e+00,0,17055,1,1,0,0,0,1,1,1,0,1
-3.162664e-12,-3.162664e+00,1,17058,0,0,0,1,1,0,0,0,1,1
-9.613575e-12,-9.613575e+00,0,17059,1,0,0,0,1,1,0,0,0,1
3.179895e-12,3.179895e+00,1,17060,0,1,0,0,0,1,1,0,0,0
-3.209620e-12,-3.209620e+00,0,17063,1,1,1,0,1,0,0,0,1,1
-5.873193e-12,-5.873193e+00,1,17064,0,1,1,1,0,1,0,0,0,1
-1.541925e-12,-1.541925e+00,0,17065,1,0,1,1,1,0,1,0,0,0
3.350650e-12,3.350650e+00,1,17066,0,1,0,1,1,1,0,1,0,0
1.302963e-11,1.302963e+01,0,17067,1,0,1,0,1,1,1,0,1,0
-4.356453e-12,-4.356453e+00,1,17068,0,1,0,1,0,1,1,1,0,1
1.572070e-12,1.572070e+00,0,17073,1,1,1,1,1,0,1,0,1,0
-8.839357e-12,-8.839357e+00,1,17074,0,1,1,1,1,1,0,1,0,1
-2.988932e-12,-2.988932e+00,0,17075,1,0,1,1,1,1,1,0,1,0
-1.769759e-12,-1.769759e+00,1,17077,0,0,1,0,1,1,1,1,1,0
1.887464e-11,1.887464e+01,0,17078,1,0,0,1,0,1,1,1,1,1
3.993010e-11,3.993010e+01,1,17080,0,0,1,0,0,1,0,1,1,1
5.431623e-13,5.431623e-01,0,17082,1,1,0,0,1,0,0,1,0,1
3.372254e-11,3.372254e+01,1,17083,0,1,1,0,0,1,0,0,1,0
-6.568170e-12,-6.568170e+00,0,17088,1,1,1,1,1,0,1,1,0,0
-4.506804e-12,-4.506804e+00,1,17090,0,0,1,1,1,1,1,0,1,1
-3.229752e-12,-3.229752e+00,0,17093,1,1,1,0,0,1,1,1,1,1
-5.157778e-12,-5.157778e+00,1,17095,0,0,1,1,1,0,0,1,1,1
-3.747603e-13,-3.747603e-01,0,17097,1,1,0,0,1,1,1,0,0,1
-1.624795e-12,-1.624795e+00,1,17098,0,1,1,0,0,1,1,1,0,0
-5.470840e-12,-5.470840e+00,0,17101,1,1,1,0,1,1,0,0,1,1
1.425688e-12,1.425688e+00,1,17105,0,0,0,0,1,1,1,0,1,1
-6.006998e-12,-6.006998e+00,0,17108,1,1,1,0,0,0,0,1,1,1
-2.587288e-12,-2.587288e+00,1,17110,0,0,1,1,1,0,0,0,0,1
-1.514232e-13,-1.514232e-01,0,17112,1,1,0,0,1,1,1,0,0,0
2.298972e-12,2.298972e+00,1,17117,0,0,0,0,0,1,1,0,0,1
-5.523900e-12,-5.523900e+00,0,17119,1,1,0,0,0,0,0,1,1,0
-2.700389e-12,-2.700389e+00,1,17122,0,0,0,1,1,0,0,0,0,0
3.390298e-11,3.390298e+01,0,17125,1,1,1,0,0,0,1,1,0,0
-6.096913e-12,-6.096913e+00,1,17126,0,1,1,1,0,0,0,1,1,0
-5.999297e-12,-5.999297e+00,0,17128,1,1,0,1,1,1,0,0,0,1
-5.861333e-12,-5.861333e+00,1,17131,0,0,0,1,1,0,1,1,1,0
1.547010e-12,1.547010e+00,0,17133,1,1,0,0,0,1,1,0,1,1
-2.110520e-12,-2.110520e+00,1,17137,0,0,0,0,1,1,0,0,0,1
-5.883945e-12,-5.883945e+00,0,17138,1,0,0,0,0,1,1,0,0,0
3.099522e-11,3.099522e+01,1,17139,0,1,0,0,0,0,1,1,0,0
-4.619034e-12,-4.619034e+00,0,17140,1,0,1,0,0,0,0,1,1,0
-2.768431e-11,-2.768431e+01,1,17141,0,1,0,1,0,0,0,0,1,1
-1.874741e-11,-1.874741e+01,0,17144,1,1,1,0,1,0,1,0,0,0
-9.275239e-12,-9.275239e+00,1,17149,0,0,0,0,0,1,1,1,0,1
-1.027648e-11,-1.027648e+01,0,17150,1,0,0,0,0,0,1,1,1,0
-6.420084e-12,-6.420084e+00,1,17152,0,0,1,0,0,0,0,0,1,1
-5.880252e-13,-5.880252e-01,0,17153,1,0,0,1,0,0,0,0,0,1
-4.058792e-11,-4.058792e+01,1,17154,0,1,0,0,1,0,0,0,0,0
1.511456e-12,1.511456e+00,0,17157,1,1,1,0,1,0,0,1,0,0
2.934037e-11,2.934037e+01,1,17158,0,1,1,1,0,1,0,0,1,0
-7.965839e-12,-7.965839e+00,0,17160,1,1,0,1,1,1,0,1,0,0
3.081487e-11,3.081487e+01,1,17162,0,0,1,1,0,1,1,1,0,1
-8.818288e-13,-8.818288e-01,0,17167,1,1,1,1,1,0,0,1,1,0
-9.845323e-12,-9.845323e+00,1,17168,0,1,1,1,1,1,0,0,1,1
-6.038439e-13,-6.038439e-01,0,17169,1,0,1,1,1,1,1,0,0,1
-3.016490e-12,-3.016490e+00,1,17172,0,0,0,1,0,1,1,1,1,1
-8.071539e-12,-8.071539e+00,0,17175,1,1,1,0,0,0,1,0,1,1
-3.212778e-12,-3.212778e+00,1,17176,0,1,1,1,0,0,0,1,0,1
-1.033692e-12,-1.033692e+00,0,17178,1,1,0,1,1,1,0,0,0,1
-4.678119e-12,-4.678119e+00,1,17180,0,0,1,1,0,1,1,1,0,0
-9.145104e-12,-9.145104e+00,0,17181,1,0,0,1,1,0,1,1,1,0
-2.765320e-12,-2.765320e+00,1,17182,0,1,0,0,1,1,0,1,1,1
-1.658127e-12,-1.658127e+00,0,17185,1,1,1,0,1,0,0,1,1,0
-1.449725e-12,-1.449725e+00,1,17186,0,1,1,1,0,1,0,0,1,1
-2.849105e-11,-2.849105e+01,0,17187,1,0,1,1,1,0,1,0,0,1
-2.133271e-12,-2.133271e+00,1,17190,0,0,0,1,0,1,1,1,0,1
-6.022081e-12,-6.022081e+00,0,17195,1,1,1,1,1,0,0,0,1,0
4.554583e-11,4.554583e+01,1,17196,0,1,1,1,1,1,0,0,0,1
5.545932e-12,5.545932e+00,0,17197,1,0,1,1,1,1,1,0,0,0
-4.754347e-12,-4.754347e+00,1,17199,0,0,1,0,1,1,1,1,1,0
3.163068e-11,3.163068e+01,0,17201,1,1,0,0,1,0,1,1,1,1
-3.650158e-12,-3.650158e+00,1,17207,0,0,0,0,0,0,1,1,0,0
2.051489e-12,2.051489e+00,0,17208,1,0,0,0,0,0,0,1,1,0
-7.479787e-12,-7.479787e+00,1,17211,0,0,0,1,0,0,0,0,0,0
1.020945e-12,1.020945e+00,0,17214,1,1,1,0,0,0,1,0,0,0
-8.404234e-13,-8.404234e-01,1,17215,0,1,1,1,0,0,0,1,0,0
2.232843e-13,2.232843e-01,0,17217,1,1,0,1,1,1,0,0,0,1
-3.176008e-12,-3.176008e+00,1,17218,0,1,1,0,1,1,1,0,0,0
1.941463e-12,1.941463e+00,0,17219,1,0,1,1,0,1,1,1,0,0
9.626699e-12,9.626699e+00,1,17223,0,0,0,0,1,0,1,1,0,1
-2.046770e-11,-2.046770e+01,0,17225,1,1,0,0,0,0,1,0,1,1
6.737667e-12,6.737667e+00,1,17227,0,0,1,1,0,0,0,0,1,0
3.474681e-11,3.474681e+01,0,17232,1,1,1,1,1,0,0,1,1,0
-5.253091e-12,-5.253091e+00,1,17233,0,1,1,1,1,1,0,0,1,1
4.136813e-11,4.136813e+01,0,17236,1,1,1,0,1,1,1,1,1,0
-1.033639e-12,-1.033639e+00,1,17239,0,0,0,1,1,1,0,1,1,1
3.677079e-12,3.677079e+00,0,17241,1,1,0,0,0,1,1,1,0,1
-9.205806e-12,-9.205806e+00,1,17242,0,1,1,0,0,0,1,1,1,0
-5.625612e-12,-5.625612e+00,0,17246,1,1,1,1,0,1,1,0,0,0
-4.562551e-11,-4.562551e+01,1,17247,0,1,1,1,1,0,1,1,0,0
3.647814e-11,3.647814e+01,0,17248,1,0,1,1,1,1,0,1,1,0
-3.521753e-12,-3.521753e+00,1,17249,0,1,0,1,1,1,1,0,1,1
1.692985e-12,1.692985e+00,0,17252,1,1,1,0,1,0,1,1,1,1
-1.281313e-11,-1.281313e+01,1,17254,0,0,1,1,1,0,1,0,1,1
3.426484e-11,3.426484e+01,0,17256,1,1,0,0,1,1,1,0,1,0
-5.735059e-12,-5.735059e+00,1,17257,0,1,1,0,0,1,1,1,0,1
3.443368e-11,3.443368e+01,0,17258,1,0,1,1,0,0,1,1,1,0
1.604745e-11,1.604745e+01,1,17260,0,0,1,0,1,1,0,0,1,1
4.358203e-12,4.358203e+00,0,17261,1,0,0,1,0,1,1,0,0,1
-1.956828e-11,-1.956828e+01,1,17262,0,1,0,0,1,0,1,1,0,0
-3.652800e-12,-3.652800e+00,0,17265,1,1,1,0,1,0,0,1,0,1
-4.751691e-12,-4.751691e+00,1,17268,0,0,0,1,1,1,0,1,0,0
4.170592e-11,4.170592e+01,0,17269,1,0,0,0,1,1,1,0,1,0
1.355007e-11,1.355007e+01,1,17272,0,0,0,1,0,0,0,1,1,1
-3.984423e-13,-3.984423e-01,0,17273,1,0,0,0,1,0,0,0,1,1
-7.915152e-12,-7.915152e+00,1,17277,0,0,0,0,1,0,0,0,1,0
6.867538e-12,6.867538e+00,0,17279,1,1,0,0,0,0,1,0,0,0
-3.070614e-12,-3.070614e+00,1,17281,0,0,1,1,0,0,0,0,1,0
-4.051913e-11,-4.051913e+01,0,17283,1,1,0,0,1,1,0,0,0,0
-1.000047e-11,-1.000047e+01,1,17285,0,0,1,1,0,0,1,1,0,0
-3.909658e-12,-3.909658e+00,0,17287,1,1,0,0,1,1,0,0,1,1
-5.116097e-12,-5.116097e+00,1,17288,0,1,1,0,0,1,1,0,0,1
-1.244291e-11,-1.244291e+01,0,17289,1,0,1,1,0,0,1,1,0,0
-4.778151e-12,-4.778151e+00,1,17290,0,1,0,1,1,0,0,1,1,0
4.551366e-12,4.551366e+00,0,17291,1,0,1,0,1,1,0,0,1,1
-9.470528e-12,-9.470528e+00,1,17292,0,1,0,1,0,1,1,0,0,1
-9.628294e-13,-9.628294e-01,0,17293,1,0,1,0,1,0,1,1,0,0
-2.963566e-12,-2.963566e+00,1,17294,0,1,0,1,0,1,0,1,1,0
-3.382728e-12,-3.382728e+00,0,17295,1,0,1,0,1,0,1,0,1,1
-1.629117e-12,-1.629117e+00,1,17296,0,1,0,1,0,1,0,1,0,1
8.066141e-12,8.066141e+00,0,17297,1,0,1,0,1,0,1,0,1,0
1.413201e-11,1.413201e+01,1,17298,0,1,0,1,0,1,0,1,0,1
-1.668490e-12,-1.668490e+00,0,17299,1,0,1,0,1,0,1,0,1,0
-4.718633e-12,-4.718633e+00,1,17301,0,0,1,0,1,0,1,0,1,0
1.161982e-12,1.161982e+00,0,17302,1,0,0,1,0,1,0,1,0,1
-3.337429e-11,-3.337429e+01,1,17304,0,0,1,0,0,1,0,1,0,1
1.962537e-11,1.962537e+01,0,17305,1,0,0,1,0,0,1,0,1,0
4.050543e-12,4.050543e+00,1,17307,0,0,1,0,0,1,0,0,1,0
-2.296869e-12,-2.296869e+00,0,17308,1,0,0,1,0,0,1,0,0,1
1.276376e-13,1.276376e-01,1,17310,0,0,1,0,0,1,0,0,1,0
-6.873365e-12,-6.873365e+00,0,17311,1,0,0,1,0,0,1,0,0,1
7.492572e-12,7.492572e+00,1,17312,0,1,0,0,1,0,0,1,0,0
-5.068262e-12,-5.068262e+00,0,17313,1,0,1,0,0,1,0,0,1,0
-2.424248e-12,-2.424248e+00,1,17316,0,0,0,1,0,1,0,0,1,0
-3.358259e-11,-3.358259e+01,0,17317,1,0,0,0,1,0,1,0,0,1
1.041504e-12,1.041504e+00,1,17318,0,1,0,0,0,1,0,1,0,0
-8.124823e-12,-8.124823e+00,0,17319,1,0,1,0,0,0,1,0,1,0
-1.190820e-12,-1.190820e+00,1,17322,0,0,0,1,0,1,0,0,0,1
-8.891902e-13,-8.891902e-01,0,17323,1,0,0,0,1,0,1,0,0,0
7.811665e-13,7.811665e-01,1,17325,0,0,1,0,0,0,1,0,1,0
2.670429e-12,2.670429e+00,0,17327,1,1,0,0,1,0,0,0,1,0
5.770052e-13,5.770052e-01,1,17329,0,0,1,1,0,0,1,0,0,0
4.215147e-12,4.215147e+00,0,17330,1,0,0,1,1,0,0,1,0,0
2.638760e-12,2.638760e+00,1,17334,0,0,0,0,1,0,0,1,1,0
2.087761e-11,2.087761e+01,0,17335,1,0,0,0,0,1,0,0,1,1
-5.953845e-12,-5.953845e+00,1,17336,0,1,0,0,0,0,1,0,0,1
-5.358239e-12,-5.358239e+00,0,17337,1,0,1,0,0,0,0,1,0,0
-4.201320e-12,-4.201320e+00,1,17338,0,1,0,1,0,0,0,0,1,0
-3.420960e-12,-3.420960e+00,0,17339,1,0,1,0,1,0,0,0,0,1
1.829381e-12,1.829381e+00,1,17340,0,1,0,1,0,1,0,0,0,0
-3.501044e-12,-3.501044e+00,0,17341,1,0,1,0,1,0,1,0,0,0
-2.836886e-12,-2.836886e+00,1,17346,0,0,0,0,0,1,0,1,0,1
2.929012e-12,2.929012e+00,0,17347,1,0,0,0,0,0,1,0,1,0
-4.425569e-12,-4.425569e+00,1,17349,0,0,1,0,0,0,0,0,1,0
1.302677e-12,1.302677e+00,0,17350,1,0,0,1,0,0,0,0,0,1
-1.442887e-12,-1.442887e+00,1,17352,0,0,1,0,0,1,0,0,0,0
7.373877e-13,7.373877e-01,0,17353,1,0,0,1,0,0,1,0,0,0
4.596016e-12,4.596016e+00,1,17354,0,1,0,0,1,0,0,1,0,0
1.704735e-12,1.704735e+00,0,17356,1,1,0,1,0,0,1,0,0,1
-3.458036e-12,-3.458036e+00,1,17357,0,1,1,0,1,0,0,1,0,0
7.916976e-12,7.916976e+00,0,17358,1,0,1,1,0,1,0,0,1,0
-6.111474e-12,-6.111474e+00,1,17361,0,0,0,1,0,1,1,0,1,0
-3.977019e-12,-3.977019e+00,0,17362,1,0,0,0,1,0,1,1,0,1
-4.525084e-12,-4.525084e+00,1,17363,0,1,0,0,0,1,0,1,1,0
3.855486e-11,3.855486e+01,0,17364,1,0,1,0,0,0,1,0,1,1
2.558402e-11,2.558402e+01,1,17366,0,0,1,0,1,0,0,0,1,0
2.424052e-12,2.424052e+00,0,17371,1,1,1,1,1,0,0,1,0,1
1.317429e-12,1.317429e+00,1,17372,0,1,1,1,1,1,0,0,1,0
-1.712240e-12,-1.712240e+00,0,17373,1,0,1,1,1,1,1,0,0,1
-9.725631e-12,-9.725631e+00,1,17375,0,0,1,0,1,1,1,1,1,0
-4.245729e-12,-4.245729e+00,0,17376,1,0,0,1,0,1,1,1,1,1
-5.260623e-12,-5.260623e+00,1,17377,0,1,0,0,1,0,1,1,1,1
3.330863e-11,3.330863e+01,0,17378,1,0,1,0,0,1,0,1,1,1
-6.691264e-12,-6.691264e+00,1,17379,0,1,0,1,0,0,1,0,1,1
-4.481249e-12,-4.481249e+00,0,17381,1,1,0,1,0,1,0,0,1,0
-4.193419e-13,-4.193419e-01,1,17382,0,1,1,0,1,0,1,0,0,1
2.902147e-12,2.902147e+00,0,17383,1,0,1,1,0,1,0,1,0,0
5.516625e-13,5.516625e-01,1,17385,0,0,1,0,1,1,0,1,0,1
3.374161e-12,3.374161e+00,0,17392,1,1,1,1,1,1,1,0,0,1
-3.388585e-12,-3.388585e+00,1,17394,0,0,1,1,1,1,1,1,1,0
1.992743e-11,1.992743e+01,0,17395,1,0,0,1,1,1,1,1,1,1
4.284436e-12,4.284436e+00,1,17396,0,1,0,0,1,1,1,1,1,1
-2.010702e-11,-2.010702e+01,0,17397,1,0,1,0,0,1,1,1,1,1
8.090969e-12,8.090969e+00,1,17398,0,1,0,1,0,0,1,1,1,1
3.807151e-12,3.807151e+00,0,17400,1,1,0,1,0,1,0,0,1,1
-1.450872e-11,-1.450872e+01,1,17401,0,1,1,0,1,0,1,0,0,1
3.167588e-11,3.167588e+01,0,17403,1,1,0,1,1,0,1,0,1,0
-3.633842e-12,-3.633842e+00,1,17406,0,0,0,1,1,0,1,1,0,1
-6.983452e-14,-6.983452e-02,0,17407,1,0,0,0,1,1,0,1,1,0
-5.866178e-12,-5.866178e+00,1,17409,0,0,1,0,0,0,1,1,0,1
-1.098989e-12,-1.098989e+00,0,17410,1,0,0,1,0,0,0,1,1,0
-9.431865e-14,-9.431865e-02,1,17411,0,1,0,0,1,0,0,0,1,1
1.174147e-12,1.174147e+00,0,17412,1,0,1,0,0,1,0,0,0,1
-8.006953e-12,-8.006953e+00,1,17415,0,0,0,1,0,1,0,0,1,0
1.252781e-11,1.252781e+01,0,17417,1,1,0,0,0,1,0,1,0,0
-2.943248e-12,-2.943248e+00,1,17419,0,0,1,1,0,0,0,1,0,1
2.047874e-11,2.047874e+01,0,17425,1,1,1,1,1,1,0,0,1,1
-7.128659e-12,-7.128659e+00,1,17426,0,1,1,1,1,1,1,0,0,1
-3.803786e-12,-3.803786e+00,0,17427,1,0,1,1,1,1,1,1,0,0
-5.583418e-12,-5.583418e+00,1,17428,0,1,0,1,1,1,1,1,1,0
-1.520142e-12,-1.520142e+00,0,17429,1,0,1,0,1,1,1,1,1,1
-1.833395e-12,-1.833395e+00,1,17430,0,1,0,1,0,1,1,1,1,1
3.490364e-12,3.490364e+00,0,17431,1,0,1,0,1,0,1,1,1,1
-5.576984e-12,-5.576984e+00,1,17432,0,1,0,1,0,1,0,1,1,1
-4.414128e-12,-4.414128e+00,0,17434,1,1,0,1,0,1,0,1,0,1
-1.860362e-12,-1.860362e+00,1,17435,0,1,1,0,1,0,1,0,1,0
-4.203096e-12,-4.203096e+00,0,17445,1,1,1,1,1,1,1,1,1,1
-2.866818e-12,-2.866818e+00,1,17447,0,0,1,1,1,1,1,1,1,1
-2.225089e-12,-2.225089e+00,0,17449,1,1,0,0,1,1,1,1,1,1
-3.670996e-12,-3.670996e+00,1,17450,0,1,1,0,0,1,1,1,1,1
-3.884532e-12,-3.884532e+00,0,17452,1,1,0,1,1,0,0,1,1,1
2.946710e-11,2.946710e+01,1,17453,0,1,1,0,1,1,0,0,1,1
-5.813821e-12,-5.813821e+00,0,17455,1,1,0,1,1,0,1,1,0,0
1.423884e-12,1.423884e+00,1,17456,0,1,1,0,1,1,0,1,1,0
4.047146e-14,4.047146e-02,0,17457,1,0,1,1,0,1,1,0,1,1
-3.108644e-13,-3.108644e-01,1,17458,0,1,0,1,1,0,1,1,0,1
-1.678696e-12,-1.678696e+00,0,17459,1,0,1,0,1,1,0,1,1,0
-8.214934e-13,-8.214934e-01,1,17460,0,1,0,1,0,1,1,0,1,1
2.920617e-14,2.920617e-02,0,17461,1,0,1,0,1,0,1,1,0,1
3.887053e-13,3.887053e-01,1,17464,0,0,0,1,0,1,0,1,0,1
-5.418060e-13,-5.418060e-01,0,17465,1,0,0,0,1,0,1,0,1,0
-8.890727e-13,-8.890727e-01,1,17466,0,1,0,0,0,1,0,1,0,1
-2.220654e-12,-2.220654e+00,0,17467,1,0,1,0,0,0,1,0,1,0
-8.260952e-13,-8.260952e-01,1,17469,0,0,1,0,1,0,0,0,1,0
-5.833286e-12,-5.833286e+00,0,17470,1,0,0,1,0,1,0,0,0,1
-2.854630e-12,-2.854630e+00,1,17472,0,0,1,0,0,1,0,1,0,0
-4.973352e-13,-4.973352e-01,0,17473,1,0,0,1,0,0,1,0,1,0
-3.382067e-12,-3.382067e+00,1,17474,0,1,0,0,1,0,0,1,0,1
-9.468720e-12,-9.468720e+00,0,17480,1,1,1,1,1,1,0,1,0,0
-6.626397e-12,-6.626397e+00,1,17482,0,0,1,1,1,1,1,1,0,1
-7.047981e-12,-7.047981e+00,0,17487,1,1,1,1,1,0,0,1,1,1
-1.714247e-12,-1.714247e+00,1,17488,0,1,1,1,1,1,0,0,1,1
-4.315201e-12,-4.315201e+00,0,17490,1,1,0,1,1,1,1,1,0,0
-2.182601e-11,-2.182601e+01,1,17491,0,1,1,0,1,1,1,1,1,0
5.884676e-12,5.884676e+00,0,17492,1,0,1,1,0,1,1,1,1,1
-1.086867e-11,-1.086867e+01,1,17493,0,1,0,1,1,0,1,1,1,1
-1.495505e-12,-1.495505e+00,0,17494,1,0,1,0,1,1,0,1,1,1
6.266648e-12,6.266648e+00,1,17495,0,1,0,1,0,1,1,0,1,1
2.461353e-14,2.461353e-02,0,17497,1,1,0,1,0,1,0,1,1,0
1.268292e-12,1.268292e+00,1,17498,0,1,1,0,1,0,1,0,1,1
3.952389e-12,3.952389e+00,0,17499,1,0,1,1,0,1,0,1,0,1
-2.455206e-11,-2.455206e+01,1,17502,0,0,0,1,0,1,1,0,1,0
1.616113e-11,1.616113e+01,0,17503,1,0,0,0,1,0,1,1,0,1
1.192357e-12,1.192357e+00,1,17505,0,0,1,0,0,0,1,0,1,1
1.973454e-12,1.973454e+00,0,17506,1,0,0,1,0,0,0,1,0,1
-3.148149e-12,-3.148149e+00,1,17509,0,0,0,1,0,0,1,0,0,0
-1.005914e-11,-1.005914e+01,0,17510,1,0,0,0,1,0,0,1,0,0
-1.588745e-12,-1.588745e+00,1,17514,0,0,0,0,1,0,0,0,1,0
-5.424052e-12,-5.424052e+00,0,17515,1,0,0,0,0,1,0,0,0,1
2.793553e-12,2.793553e+00,1,17516,0,1,0,0,0,0,1,0,0,0
-2.948190e-12,-2.948190e+00,0,17517,1,0,1,0,0,0,0,1,0,0
2.154496e-12,2.154496e+00,1,17521,0,0,0,0,1,0,1,0,0,0
-8.152038e-12,-8.152038e+00,0,17522,1,0,0,0,0,1,0,1,0,0
-3.740127e-12,-3.740127e+00,1,17523,0,1,0,0,0,0,1,0,1,0
7.711111e-12,7.711111e+00,0,17525,1,1,0,1,0,0,0,0,1,0
-2.652773e-13,-2.652773e-01,1,17527,0,0,1,1,0,1,0,0,0,0
2.273769e-11,2.273769e+01,0,17528,1,0,0,1,1,0,1,0,0,0
3.434573e-12,3.434573e+00,1,17533,0,0,0,0,0,1,0,0,1,1
5.880866e-12,5.880866e+00,0,17534,1,0,0,0,0,0,1,0,0,1
-6.494987e-12,-6.494987e+00,1,17537,0,0,0,1,0,0,0,0,0,1
3.489288e-12,3.489288e+00,0,17541,1,1,1,1,0,0,0,1,0,0
-5.411155e-12,-5.411155e+00,1,17542,0,1,1,1,1,0,0,0,1,0
3.125752e-11,3.125752e+01,0,17544,1,1,0,1,1,1,1,0,0,0
-4.681154e-12,-4.681154e+00,1,17546,0,0,1,1,0,1,1,1,1,0
-4.911719e-12,-4.911719e+00,0,17548,1,1,0,0,1,1,0,1,1,1
1.665617e-13,1.665617e-01,1,17553,0,0,0,0,0,1,1,0,0,1
-8.037603e-12,-8.037603e+00,0,17554,1,0,0,0,0,0,1,1,0,0
-2.959486e-12,-2.959486e+00,1,17555,0,1,0,0,0,0,0,1,1,0
-2.494852e-12,-2.494852e+00,0,17556,1,0,1,0,0,0,0,0,1,1
-2.403580e-12,-2.403580e+00,1,17557,0,1,0,1,0,0,0,0,0,1
2.701796e-13,2.701796e-01,0,17558,1,0,1,0,1,0,0,0,0,0
-3.990601e-12,-3.990601e+00,1,17559,0,1,0,1,0,1,0,0,0,0
-2.738988e-12,-2.738988e+00,0,17560,1,0,1,0,1,0,1,0,0,0
-1.904414e-12,-1.904414e+00,1,17561,0,1,0,1,0,1,0,1,0,0
-2.777930e-12,-2.777930e+00,0,17563,1,1,0,1,0,1,0,1,0,1
-4.277783e-11,-4.277783e+01,1,17564,0,1,1,0,1,0,1,0,1,0
5.571712e-11,5.571712e+01,0,17565,1,0,1,1,0,1,0,1,0,1
-4.960206e-12,-4.960206e+00,1,17567,0,0,1,0,1,1,0,1,0,1
-5.107937e-12,-5.107937e+00,0,17568,1,0,0,1,0,1,1,0,1,0
-2.860214e-12,-2.860214e+00,1,17570,0,0,1,0,0,1,0,1,1,0
-1.059847e-11,-1.059847e+01,0,17571,1,0,0,1,0,0,1,0,1,1
-3.012868e-12,-3.012868e+00,1,17573,0,0,1,0,0,1,0,0,1,0
-3.115963e-11,-3.115963e+01,0,17578,1,1,1,1,1,0,0,1,0,0
-5.893479e-12,-5.893479e+00,1,17580,0,0,1,1,1,1,1,0,0,1
1.103037e-12,1.103037e+00,0,17584,1,1,1,1,0,0,1,1,1,1
2.365679e-12,2.365679e+00,1,17590,0,0,0,0,0,0,1,1,1,1
7.804334e-12,7.804334e+00,0,17593,1,1,1,0,0,0,0,0,0,1
2.028529e-11,2.028529e+01,1,17594,0,1,1,1,0,0,0,0,0,0
-8.972751e-13,-8.972751e-01,0,17597,1,1,1,0,1,1,1,0,0,0
-4.983103e-12,-4.983103e+00,1,17598,0,1,1,1,0,1,1,1,0,0
-1.210852e-12,-1.210852e+00,0,17600,1,1,0,1,1,1,0,1,1,1
-3.385962e-11,-3.385962e+01,1,17601,0,1,1,0,1,1,1,0,1,1
-2.938704e-12,-2.938704e+00,0,17602,1,0,1,1,0,1,1,1,0,1
-2.228395e-12,-2.228395e+00,1,17603,0,1,0,1,1,0,1,1,1,0
-5.501366e-13,-5.501366e-01,0,17607,1,1,1,1,0,1,0,1,1,0
7.165409e-12,7.165409e+00,1,17608,0,1,1,1,1,0,1,0,1,1
8.488149e-12,8.488149e+00,0,17609,1,0,1,1,1,1,0,1,0,1
-4.263696e-12,-4.263696e+00,1,17612,0,0,0,1,0,1,1,1,1,0
-8.362013e-12,-8.362013e+00,0,17613,1,0,0,0,1,0,1,1,1,1
-2.638645e-12,-2.638645e+00,1,17615,0,0,1,0,0,0,1,0,1,1
-5.405877e-13,-5.405877e-01,0,17617,1,1,0,0,1,0,0,0,1,0
-7.918867e-12,-7.918867e+00,1,17618,0,1,1,0,0,1,0,0,0,1
-4.791876e-11,-4.791876e+01,0,17619,1,0,1,1,0,0,1,0,0,0
-4.880510e-12,-4.880510e+00,1,17621,0,0,1,0,1,1,0,0,1,0
-6.853102e-12,-6.853102e+00,0,17623,1,1,0,0,1,0,1,1,0,0
-9.054284e-12,-9.054284e+00,1,17625,0,0,1,1,0,0,1,0,1,1
7.922333e-12,7.922333e+00,0,17628,1,1,1,0,0,1,1,0,0,1
6.480779e-12,6.480779e+00,1,17630,0,0,1,1,1,0,0,1,1,0
-2.335746e-11,-2.335746e+01,0,17631,1,0,0,1,1,1,0,0,1,1
-1.425075e-12,-1.425075e+00,1,17632,0,1,0,0,1,1,1,0,0,1
-4.142497e-11,-4.142497e+01,0,17633,1,0,1,0,0,1,1,1,0,0
1.261474e-11,1.261474e+01,1,17634,0,1,0,1,0,0,1,1,1,0
-6.704752e-12,-6.704752e+00,0,17635,1,0,1,0,1,0,0,1,1,1
-3.669661e-12,-3.669661e+00,1,17636,0,1,0,1,0,1,0,0,1,1
6.727492e-12,6.727492e+00,0,17637,1,0,1,0,1,0,1,0,0,1
-6.845578e-12,-6.845578e+00,1,17638,0,1,0,1,0,1,0,1,0,0
3.277183e-11,3.277183e+01,0,17641,1,1,1,0,1,0,1,0,1,0
8.366190e-12,8.366190e+00,1,17643,0,0,1,1,1,0,1,0,1,0
-5.348026e-12,-5.348026e+00,0,17644,1,0,0,1,1,1,0,1,0,1
-1.077187e-12,-1.077187e+00,1,17646,0,0,1,0,0,1,1,1,0,1
-2.852875e-12,-2.852875e+00,0,17647,1,0,0,1,0,0,1,1,1,0
-7.673130e-12,-7.673130e+00,1,17649,0,0,1,0,0,1,0,0,1,1
-4.183971e-12,-4.183971e+00,0,17650,1,0,0,1,0,0,1,0,0,1
1.195479e-12,1.195479e+00,1,17651,0,1,0,0,1,0,0,1,0,0
6.884450e-12,6.884450e+00,0,17654,1,1,1,0,1,0,0,1,0,0
7.203433e-12,7.203433e+00,1,17656,0,0,1,1,1,0,1,0,0,1
-3.670139e-12,-3.670139e+00,0,17660,1,1,1,1,0,0,1,1,1,0
6.404832e-12,6.404832e+00,1,17662,0,0,1,1,1,1,0,0,1,1
-3.924151e-12,-3.924151e+00,0,17663,1,0,0,1,1,1,1,0,0,1
-3.801230e-12,-3.801230e+00,1,17664,0,1,0,0,1,1,1,1,0,0
2.414304e-12,2.414304e+00,0,17667,1,1,1,0,1,0,0,1,1,1
1.852898e-12,1.852898e+00,1,17672,0,0,0,0,0,1,1,1,0,1
4.457113e-12,4.457113e+00,0,17677,1,1,1,1,1,0,0,0,0,0
-7.769364e-12,-7.769364e+00,1,17678,0,1,1,1,1,1,0,0,0,0
-2.140319e-12,-2.140319e+00,0,17679,1,0,1,1,1,1,1,0,0,0
-4.232823e-12,-4.232823e+00,1,17680,0,1,0,1,1,1,1,1,0,0
-6.040291e-12,-6.040291e+00,0,17682,1,1,0,1,0,1,1,1,1,1
-3.260958e-12,-3.260958e+00,1,17683,0,1,1,0,1,0,1,1,1,1
-5.848263e-12,-5.848263e+00,0,17684,1,0,1,1,0,1,0,1,1,1
-2.529387e-12,-2.529387e+00,1,17685,0,1,0,1,1,0,1,0,1,1
-4.320324e-12,-4.320324e+00,0,17687,1,1,0,1,0,1,1,0,1,0
-1.238676e-12,-1.238676e+00,1,17688,0,1,1,0,1,0,1,1,0,1
-4.153045e-12,-4.153045e+00,0,17689,1,0,1,1,0,1,0,1,1,0
-2.119951e-12,-2.119951e+00,1,17691,0,0,1,0,1,1,0,1,0,1
-2.100949e-12,-2.100949e+00,0,17692,1,0,0,1,0,1,1,0,1,0
4.754152e-12,4.754152e+00,1,17693,0,1,0,0,1,0,1,1,0,1
1.187602e-11,1.187602e+01,0,17694,1,0,1,0,0,1,0,1,1,0
-1.224990e-12,-1.224990e+00,1,17696,0,0,1,0,1,0,0,1,0,1
-2.829164e-12,-2.829164e+00,0,17697,1,0,0,1,0,1,0,0,1,0
6.819475e-14,6.819475e-02,1,17698,0,1,0,0,1,0,1,0,0,1
3.613120e-11,3.613120e+01,0,17699,1,0,1,0,0,1,0,1,0,0
-8.952545e-12,-8.952545e+00,1,17701,0,0,1,0,1,0,0,1,0,1
8.398837e-12,8.398837e+00,0,17707,1,1,1,1,1,1,0,0,1,0
-1.351597e-11,-1.351597e+01,1,17709,0,0,1,1,1,1,1,1,0,0
-2.770831e-12,-2.770831e+00,0,17710,1,0,0,1,1,1,1,1,1,0
1.765138e-11,1.765138e+01,1,17713,0,0,0,1,0,0,1,1,1,1
-1.641365e-16,-1.641365e-04,0,17715,1,1,0,0,0,1,0,0,1,1
1.916800e-12,1.916800e+00,1,17716,0,1,1,0,0,0,1,0,0,1
2.240226e-12,2.240226e+00,0,17718,1,1,0,1,1,0,0,0,1,0
-6.360249e-12,-6.360249e+00,1,17721,0,0,0,1,1,0,1,1,0,0
-3.309570e-12,-3.309570e+00,0,17722,1,0,0,0,1,1,0,1,1,0
-8.607342e-12,-8.607342e+00,1,17723,0,1,0,0,0,1,1,0,1,1
-9.447586e-13,-9.447586e-01,0,17726,1,1,1,0,1,0,0,0,1,1
1.398553e-11,1.398553e+01,1,17728,0,0,1,1,1,0,1,0,0,0
3.032097e-11,3.032097e+01,0,17731,1,1,1,0,0,1,1,1,0,1
-2.225689e-12,-2.225689e+00,1,17732,0,1,1,1,0,0,1,1,1,0
1.248355e-13,1.248355e-01,0,17733,1,0,1,1,1,0,0,1,1,1
3.358246e-11,3.358246e+01,1,17735,0,0,1,0,1,1,1,0,0,1
-2.932028e-12,-2.932028e+00,0,17737,1,1,0,0,1,0,1,1,1,0
3.950925e-12,3.950925e+00,1,17740,0,0,0,1,1,0,0,1,0,1
-5.817032e-12,-5.817032e+00,0,17742,1,1,0,0,0,1,1,0,0,1
3.625449e-11,3.625449e+01,1,17744,0,0,1,1,0,0,0,1,1,0
-3.745406e-12,-3.745406e+00,0,17745,1,0,0,1,1,0,0,0,1,1
-7.922446e-13,-7.922446e-01,1,17746,0,1,0,0,1,1,0,0,0,1
2.469177e-12,2.469177e+00,0,17747,1,0,1,0,0,1,1,0,0,0
-2.011107e-12,-2.011107e+00,1,17748,0,1,0,1,0,0,1,1,0,0
-5.233055e-12,-5.233055e+00,0,17749,1,0,1,0,1,0,0,1,1,0
-1.001410e-12,-1.001410e+00,1,17750,0,1,0,1,0,1,0,0,1,1
-9.537522e-12,-9.537522e+00,0,17753,1,1,1,0,1,0,1,0,1,0
-9.048264e-15,-9.048264e-03,1,17756,0,0,0,1,1,1,0,1,0,1
-9.407145e-12,-9.407145e+00,0,17757,1,0,0,0,1,1,1,0,1,0
-2.466883e-11,-2.466883e+01,1,17759,0,0,1,0,0,0,1,1,1,0
9.063348e-14,9.063348e-02,0,17760,1,0,0,1,0,0,0,1,1,1
-2.655326e-12,-2.655326e+00,1,17762,0,0,1,0,0,1,0,0,0,1
-7.296716e-12,-7.296716e+00,0,17764,1,1,0,0,1,0,0,1,0,0
-3.867807e-11,-3.867807e+01,1,17768,0,0,0,0,1,1,0,0,1,0
3.464306e-11,3.464306e+01,0,17769,1,0,0,0,0,1,1,0,0,1
-5.356833e-12,-5.356833e+00,1,17770,0,1,0,0,0,0,1,1,0,0
-1.049010e-13,-1.049010e-01,0,17771,1,0,1,0,0,0,0,1,1,0
-4.342960e-12,-4.342960e+00,1,17774,0,0,0,1,0,1,0,0,0,0
-9.924239e-12,-9.924239e+00,0,17777,1,1,1,0,0,0,1,0,1,0
-3.417028e-12,-3.417028e+00,1,17778,0,1,1,1,0,0,0,1,0,1
-8.242965e-12,-8.242965e+00,0,17784,1,1,1,1,1,1,0,1,1,1
-4.535257e-12,-4.535257e+00,1,17785,0,1,1,1,1,1,1,0,1,1
-4.453515e-11,-4.453515e+01,0,17786,1,0,1,1,1,1,1,1,0,1
6.198477e-12,6.198477e+00,1,17787,0,1,0,1,1,1,1,1,1,0
-1.956131e-11,-1.956131e+01,0,17791,1,1,1,1,0,1,0,1,1,1
5.366747e-13,5.366747e-01,1,17792,0,1,1,1,1,0,1,0,1,1
-3.660463e-12,-3.660463e+00,0,17794,1,1,0,1,1,1,1,0,1,0
4.610368e-11,4.610368e+01,1,17795,0,1,1,0,1,1,1,1,0,1
6.103783e-12,6.103783e+00,0,17796,1,0,1,1,0,1,1,1,1,0
-1.014882e-11,-1.014882e+01,1,17798,0,0,1,0,1,1,0,1,1,1
-3.087553e-12,-3.087553e+00,0,17799,1,0,0,1,0,1,1,0,1,1
2.422285e-12,2.422285e+00,1,17800,0,1,0,0,1,0,1,1,0,1
3.772033e-12,3.772033e+00,0,17802,1,1,0,1,0,0,1,0,1,1
-3.699563e-12,-3.699563e+00,1,17804,0,0,1,1,0,1,0,0,1,0
9.438810e-12,9.438810e+00,0,17809,1,1,1,1,1,0,0,1,1,0
1.686169e-12,1.686169e+00,1,17811,0,0,1,1,1,1,1,0,0,1
-1.010169e-11,-1.010169e+01,0,17812,1,0,0,1,1,1,1,1,0,0
-1.844726e-12,-1.844726e+00,1,17813,0,1,0,0,1,1,1,1,1,0
-7.967198e-12,-7.967198e+00,0,17814,1,0,1,0,0,1,1,1,1,1
-1.661719e-12,-1.661719e+00,1,17815,0,1,0,1,0,0,1,1,1,1
2.680286e-11,2.680286e+01,0,17816,1,0,1,0,1,0,0,1,1,1
-6.823542e-12,-6.823542e+00,1,17817,0,1,0,1,0,1,0,0,1,1
3.246841e-11,3.246841e+01,0,17819,1,1,0,1,0,1,0,1,0,0
-7.531487e-12,-7.531487e+00,1,17820,0,1,1,0,1,0,1,0,1,0
4.965743e-12,4.965743e+00,0,17821,1,0,1,1,0,1,0,1,0,1
-2.588079e-12,-2.588079e+00,1,17822,0,1,0,1,1,0,1,0,1,0
-2.967429e-12,-2.967429e+00,0,17823,1,0,1,0,1,1,0,1,0,1
1.667087e-11,1.667087e+01,1,17825,0,0,1,0,1,0,1,1,0,1
-6.385078e-12,-6.385078e+00,0,17826,1,0,0,1,0,1,0,1,1,0
3.576667e-11,3.576667e+01,1,17828,0,0,1,0,0,1,0,1,0,1
-4.233229e-12,-4.233229e+00,0,17829,1,0,0,1,0,0,1,0,1,0
6.467152e-12,6.467152e+00,1,17830,0,1,0,0,1,0,0,1,0,1
-1.541489e-12,-1.541489e+00,0,17831,1,0,1,0,0,1,0,0,1,0
-8.044387e-12,-8.044387e+00,1,17833,0,0,1,0,1,0,0,1,0,0
2.518649e-12,2.518649e+00,0,17834,1,0,0,1,0,1,0,0,1,0
1.882704e-11,1.882704e+01,1,17837,0,0,0,1,0,0,1,0,1,0
9.878936e-13,9.878936e-01,0,17838,1,0,0,0,1,0,0,1,0,1
-4.026658e-12,-4.026658e+00,1,17839,0,1,0,0,0,1,0,0,1,0
-3.207596e-11,-3.207596e+01,0,17840,1,0,1,0,0,0,1,0,0,1
1.421242e-11,1.421242e+01,1,17842,0,0,1,0,1,0,0,0,1,0
-1.875898e-11,-1.875898e+01,0,17843,1,0,0,1,0,1,0,0,0,1
6.029364e-12,6.029364e+00,1,17844,0,1,0,0,1,0,1,0,0,0
-1.003851e-11,-1.003851e+01,0,17845,1,0,1,0,0,1,0,1,0,0
-2.725803e-12,-2.725803e+00,1,17849,0,0,0,0,1,0,1,0,0,1
3.578131e-12,3.578131e+00,0,17850,1,0,0,0,0,1,0,1,0,0
-1.830060e-12,-1.830060e+00,1,17852,0,0,1,0,0,0,0,1,0,1
-3.888170e-12,-3.888170e+00,0,17858,1,1,1,1,1,1,0,0,1,0
-5.617660e-12,-5.617660e+00,1,17859,0,1,1,1,1,1,1,0,0,1
-1.340774e-12,-1.340774e+00,0,17863,1,1,1,1,0,1,1,1,1,1
-9.890389e-13,-9.890389e-01,1,17870,0,0,0,0,0,0,0,1,1,1
6.387844e-12,6.387844e+00,0,17871,1,0,0,0,0,0,0,0,1,1
-2.280286e-11,-2.280286e+01,1,17872,0,1,0,0,0,0,0,0,0,1
-2.684634e-12,-2.684634e+00,0,17874,1,1,0,1,0,0,0,0,0,0
9.341016e-13,9.341016e-01,1,17882,0,0,0,0,0,0,0,0,1,1
4.576307e-12,4.576307e+00,0,17883,1,0,0,0,0,0,0,0,0,1
-4.149097e-12,-4.149097e+00,1,17886,0,0,0,1,0,0,0,0,0,0
-3.911209e-12,-3.911209e+00,0,17888,1,1,0,0,0,1,0,0,0,0
1.617762e-12,1.617762e+00,1,17889,0,1,1,0,0,0,1,0,0,0
-2.384165e-12,-2.384165e+00,0,17891,1,1,0,1,1,0,0,0,1,0
2.956896e-12,2.956896e+00,1,17892,0,1,1,0,1,1,0,0,0,1
-2.806981e-12,-2.806981e+00,0,17896,1,1,1,1,0,1,1,0,1,1
-6.598041e-12,-6.598041e+00,1,17897,0,1,1,1,1,0,1,1,0,1
2.782823e-11,2.782823e+01,0,17898,1,0,1,1,1,1,0,1,1,0
-1.024665e-11,-1.024665e+01,1,17899,0,1,0,1,1,1,1,0,1,1
-3.149803e-12,-3.149803e+00,0,17900,1,0,1,0,1,1,1,1,0,1
5.737692e-12,5.737692e+00,1,17903,0,0,0,1,0,1,0,1,1,1
-1.022609e-11,-1.022609e+01,0,17904,1,0,0,0,1,0,1,0,1,1
-2.452356e-12,-2.452356e+00,1,17905,0,1,0,0,0,1,0,1,0,1
1.781902e-12,1.781902e+00,0,17907,1,1,0,1,0,0,0,1,0,1
1.745327e-11,1.745327e+01,1,17909,0,0,1,1,0,1,0,0,0,1
-4.393625e-12,-4.393625e+00,0,17910,1,0,0,1,1,0,1,0,0,0
-7.913607e-12,-7.913607e+00,1,17912,0,0,1,0,0,1,1,0,1,0
-3.122294e-12,-3.122294e+00,0,17914,1,1,0,0,1,0,0,1,1,0
3.789961e-11,3.789961e+01,1,17916,0,0,1,1,0,0,1,0,0,1
-2.100282e-12,-2.100282e+00,0,17917,1,0,0,1,1,0,0,1,0,0
-3.016085e-12,-3.016085e+00,1,17918,0,1,0,0,1,1,0,0,1,0
-2.999605e-12,-2.999605e+00,0,17919,1,0,1,0,0,1,1,0,0,1
-9.447586e-13,-9.447586e-01,1,17920,0,1,0,1,0,0,1,1,0,0
-1.733110e-13,-1.733110e-01,0,17921,1,0,1,0,1,0,0,1,1,0
-5.854175e-12,-5.854175e+00,1,17924,0,0,0,1,0,1,0,1,0,0
1.150835e-11,1.150835e+01,0,17927,1,1,1,0,0,0,1,0,1,0
-4.635405e-12,-4.635405e+00,1,17929,0,0,1,1,1,0,0,0,1,0
-1.249921e-12,-1.249921e+00,0,17930,1,0,0,1,1,1,0,0,0,1
-7.778261e-12,-7.778261e+00,1,17932,0,0,1,0,0,1,1,1,0,0
-4.318719e-12,-4.318719e+00,0,17933,1,0,0,1,0,0,1,1,1,0
-5.510363e-12,-5.510363e+00,1,17934,0,1,0,0,1,0,0,1,1,1
-1.045094e-11,-1.045094e+01,0,17937,1,1,1,0,1,0,0,1,0,0
1.972132e-12,1.972132e+00,1,17938,0,1,1,1,0,1,0,0,1,0
1.435494e-12,1.435494e+00,0,17939,1,0,1,1,1,0,1,0,0,1
3.549472e-11,3.549472e+01,1,17940,0,1,0,1,1,1,0,1,0,0
-4.505180e-12,-4.505180e+00,0,17941,1,0,1,0,1,1,1,0,1,0
1.383157e-11,1.383157e+01,1,17944,0,0,0,1,0,1,0,1,1,1
-1.033924e-11,-1.033924e+01,0,17945,1,0,0,0,1,0,1,0,1,1
-2.050269e-11,-2.050269e+01,1,17949,0,0,0,0,1,0,0,0,1,0
4.194000e-11,4.194000e+01,0,17950,1,0,0,0,0,1,0,0,0,1
-3.858789e-12,-3.858789e+00,1,17952,0,0,1,0,0,0,0,1,0,0
-2.090261e-12,-2.090261e+00,0,17953,1,0,0,1,0,0,0,0,1,0
-3.533560e-12,-3.533560e+00,1,17954,0,1,0,0,1,0,0,0,0,1
-5.297530e-11,-5.297530e+01,0,17958,1,1,1,1,0,1,0,0,1,0
4.675282e-11,4.675282e+01,1,17959,0,1,1,1,1,0,1,0,0,1
3.496503e-12,3.496503e+00,0,17963,1,1,1,1,0,1,1,1,1,0
-7.808843e-13,-7.808843e-01,1,17965,0,0,1,1,1,1,0,1,1,1
-4.078078e-11,-4.078078e+01,0,17966,1,0,0,1,1,1,1,0,1,1
5.816149e-12,5.816149e+00,1,17967,0,1,0,0,1,1,1,1,0,1
2.116779e-12,2.116779e+00,0,17969,1,1,0,1,0,0,1,1,1,1
-1.046288e-11,-1.046288e+01,1,17971,0,0,1,1,0,1,0,0,1,1
-1.670271e-12,-1.670271e+00,0,17973,1,1,0,0,1,1,0,1,0,0
-3.920460e-12,-3.920460e+00,1,17974,0,1,1,0,0,1,1,0,1,0
1.548222e-12,1.548222e+00,0,17975,1,0,1,1,0,0,1,1,0,1
5.831713e-12,5.831713e+00,1,17976,0,1,0,1,1,0,0,1,1,0
-1.755992e-11,-1.755992e+01,0,17977,1,0,1,0,1,1,0,0,1,1
7.826791e-13,7.826791e-01,1,17979,0,0,1,0,1,0,1,1,0,0
-6.511457e-12,-6.511457e+00,0,17982,1,1,1,0,0,1,0,1,0,1
-5.293478e-13,-5.293478e-01,1,17985,0,0,0,1,1,1,0,0,1,0
6.249470e-12,6.249470e+00,0,17986,1,0,0,0,1,1,1,0,0,1
5.572907e-11,5.572907e+01,1,17988,0,0,1,0,0,0,1,1,1,0
1.572918e-11,1.572918e+01,0,17989,1,0,0,1,0,0,0,1,1,1
-5.624994e-12,-5.624994e+00,1,17990,0,1,0,0,1,0,0,0,1,1
-2.418881e-12,-2.418881e+00,0,17991,1,0,1,0,0,1,0,0,0,1
8.091649e-13,8.091649e-01,1,17992,0,1,0,1,0,0,1,0,0,0
-1.859795e-12,-1.859795e+00,0,17995,1,1,1,0,1,0,1,0,0,1
-8.609339e-12,-8.609339e+00,1,17996,0,1,1,1,0,1,0,1,0,0
2.781864e-12,2.781864e+00,0,17997,1,0,1,1,1,0,1,0,1,0
-4.656248e-12,-4.656248e+00,1,18000,0,0,0,1,0,1,1,1,0,1
-4.136834e-12,-4.136834e+00,0,18001,1,0,0,0,1,0,1,1,1,0
3.791161e-12,3.791161e+00,1,18003,0,0,1,0,0,0,1,0,1,1
-7.852605e-12,-7.852605e+00,0,18004,1,0,0,1,0,0,0,1,0,1
-2.923910e-12,-2.923910e+00,1,18005,0,1,0,0,1,0,0,0,1,0
3.139904e-12,3.139904e+00,0,18010,1,1,1,1,1,0,1,0,0,1
6.505379e-12,6.505379e+00,1,18011,0,1,1,1,1,1,0,1,0,0
-7.125750e-12,-7.125750e+00,0,18012,1,0,1,1,1,1,1,0,1,0
-2.863935e-12,-2.863935e+00,1,18015,0,0,0,1,0,1,1,1,1,1
-3.996850e-12,-3.996850e+00,0,18016,1,0,0,0,1,0,1,1,1,1
-4.648220e-12,-4.648220e+00,1,18022,0,0,0,0,0,0,1,0,0,0
-1.148773e-12,-1.148773e+00,0,18023,1,0,0,0,0,0,0,1,0,0
-4.294316e-12,-4.294316e+00,1,18027,0,0,0,0,1,0,0,0,0,0
-8.097937e-12,-8.097937e+00,0,18028,1,0,0,0,0,1,0,0,0,0
3.693887e-12,3.693887e+00,1,18029,0,1,0,0,0,0,1,0,0,0
2.848823e-12,2.848823e+00,0,18031,1,1,0,1,0,0,0,0,1,0
3.140486e-12,3.140486e+00,1,18032,0,1,1,0,1,0,0,0,0,1
-3.341375e-12,-3.341375e+00,0,18036,1,1,1,1,0,1,1,0,1,0
-4.875824e-12,-4.875824e+00,1,18037,0,1,1,1,1,0,1,1,0,1
2.939887e-11,2.939887e+01,0,18042,1,1,1,1,1,0,1,1,1,1
3.451764e-11,3.451764e+01,1,18044,0,0,1,1,1,1,1,0,1,1
1.614618e-12,1.614618e+00,0,18046,1,1,0,0,1,1,1,1,1,0
-3.838528e-11,-3.838528e+01,1,18047,0,1,1,0,0,1,1,1,1,1
1.682483e-11,1.682483e+01,0,18048,1,0,1,1,0,0,1,1,1,1
-1.517701e-12,-1.517701e+00,1,18054,0,0,0,0,0,0,1,0,1,1
-1.506294e-12,-1.506294e+00,0,18057,1,1,1,0,0,0,0,0,0,1
-1.868099e-12,-1.868099e+00,1,18059,0,0,1,1,1,0,0,0,0,0
-6.212621e-12,-6.212621e+00,0,18060,1,0,0,1,1,1,0,0,0,0
-1.424072e-12,-1.424072e+00,1,18061,0,1,0,0,1,1,1,0,0,0
-7.230771e-12,-7.230771e+00,0,18063,1,1,0,1,0,0,1,1,1,0
-6.708994e-12,-6.708994e+00,1,18064,0,1,1,0,1,0,0,1,1,1
-1.451662e-11,-1.451662e+01,0,18067,1,1,1,0,1,1,0,1,0,0
3.502829e-11,3.502829e+01,1,18068,0,1,1,1,0,1,1,0,1,0
-4.971611e-12,-4.971611e+00,0,18069,1,0,1,1,1,0,1,1,0,1
-4.497151e-11,-4.497151e+01,1,18070,0,1,0,1,1,1,0,1,1,0
3.850810e-11,3.850810e+01,0,18071,1,0,1,0,1,1,1,0,1,1
-3.057052e-11,-3.057052e+01,1,18073,0,0,1,0,1,0,1,1,1,0
-8.706985e-12,-8.706985e+00,0,18077,1,1,1,1,0,0,1,0,1,0
-3.026438e-12,-3.026438e+00,1,18078,0,1,1,1,1,0,0,1,0,1
-2.907831e-12,-2.907831e+00,0,18079,1,0,1,1,1,1,0,0,1,0
-3.366362e-12,-3.366362e+00,1,18081,0,0,1,0,1,1,1,1,0,0
-3.210814e-12,-3.210814e+00,0,18082,1,0,0,1,0,1,1,1,1,0
2.187058e-12,2.187058e+00,1,18085,0,0,0,1,0,0,1,0,1,1
-3.008035e-12,-3.008035e+00,0,18087,1,1,0,0,0,1,0,0,1,0
3.426289e-12,3.426289e+00,1,18088,0,1,1,0,0,0,1,0,0,1
2.921811e-11,2.921811e+01,0,18089,1,0,1,1,0,0,0,1,0,0
4.348678e-11,4.348678e+01,1,18091,0,0,1,0,1,1,0,0,0,1
-8.767242e-12,-8.767242e+00,0,18095,1,1,1,1,0,0,1,0,1,1
-5.283426e-12,-5.283426e+00,1,18096,0,1,1,1,1,0,0,1,0,1
-2.861470e-12,-2.861470e+00,0,18097,1,0,1,1,1,1,0,0,1,0
-2.667154e-12,-2.667154e+00,1,18098,0,1,0,1,1,1,1,0,0,1
1.029272e-12,1.029272e+00,0,18099,1,0,1,0,1,1,1,1,0,0
-6.314767e-12,-6.314767e+00,1,18101,0,0,1,0,1,0,1,1,1,1
2.953269e-12,2.953269e+00,0,18104,1,1,1,0,0,1,0,1,0,1
6.854010e-12,6.854010e+00,1,18105,0,1,1,1,0,0,1,0,1,0
1.523538e-11,1.523538e+01,0,18112,1,1,1,1,1,1,1,0,1,1
3.596123e-11,3.596123e+01,1,18116,0,0,0,0,1,1,1,1,1,1
-4.038666e-12,-4.038666e+00,0,18117,1,0,0,0,0,1,1,1,1,1
-1.528263e-12,-1.528263e+00,1,18118,0,1,0,0,0,0,1,1,1,1
1.845914e-12,1.845914e+00,0,18120,1,1,0,1,0,0,0,0,1,1
-1.957774e-12,-1.957774e+00,1,18121,0,1,1,0,1,0,0,0,0,1
-3.892175e-12,-3.892175e+00,0,18123,1,1,0,1,1,0,1,0,0,0
-3.890213e-12,-3.890213e+00,1,18128,0,0,0,0,0,1,1,0,1,1
-5.648039e-12,-5.648039e+00,0,18129,1,0,0,0,0,0,1,1,0,1
-4.197536e-12,-4.197536e+00,1,18132,0,0,0,1,0,0,0,0,0,1
-1.854782e-12,-1.854782e+00,0,18133,1,0,0,0,1,0,0,0,0,0
-4.924479e-13,-4.924479e-01,1,18134,0,1,0,0,0,1,0,0,0,0
-3.203631e-12,-3.203631e+00,0,18135,1,0,1,0,0,0,1,0,0,0
-4.749904e-12,-4.749904e+00,1,18136,0,1,0,1,0,0,0,1,0,0
-1.674667e-12,-1.674667e+00,0,18138,1,1,0,1,0,1,0,0,0,1
-2.705098e-12,-2.705098e+00,1,18139,0,1,1,0,1,0,1,0,0,0
-4.178874e-12,-4.178874e+00,0,18140,1,0,1,1,0,1,0,1,0,0
-3.242207e-12,-3.242207e+00,1,18144,0,0,0,0,1,0,1,1,0,1
-1.380834e-12,-1.380834e+00,0,18145,1,0,0,0,0,1,0,1,1,0
-6.657120e-12,-6.657120e+00,1,18147,0,0,1,0,0,0,0,1,0,1
-4.565534e-12,-4.565534e+00,0,18148,1,0,0,1,0,0,0,0,1,0
8.607938e-12,8.607938e+00,1,18149,0,1,0,0,1,0,0,0,0,1
-8.866267e-12,-8.866267e+00,0,18150,1,0,1,0,0,1,0,0,0,0
-4.772564e-12,-4.772564e+00,1,18152,0,0,1,0,1,0,0,1,0,0
-7.360514e-12,-7.360514e+00,0,18154,1,1,0,0,1,0,1,0,0,1
-1.156611e-12,-1.156611e+00,1,18155,0,1,1,0,0,1,0,1,0,0
-2.045532e-12,-2.045532e+00,0,18156,1,0,1,1,0,0,1,0,1,0
-7.003575e-12,-7.003575e+00,1,18159,0,0,0,1,0,1,1,0,0,1
-2.167477e-12,-2.167477e+00,0,18160,1,0,0,0,1,0,1,1,0,0
-4.830999e-12,-4.830999e+00,1,18162,0,0,1,0,0,0,1,0,1,1
-2.758557e-12,-2.758557e+00,0,18165,1,1,1,0,0,1,0,0,0,1
-6.469232e-12,-6.469232e+00,1,18167,0,0,1,1,1,0,0,1,0,0
-5.687174e-12,-5.687174e+00,0,18168,1,0,0,1,1,1,0,0,1,0
5.255262e-12,5.255262e+00,1,18169,0,1,0,0,1,1,1,0,0,1
5.505531e-13,5.505531e-01,0,18173,1,1,1,1,0,1,0,0,1,1
-5.397550e-12,-5.397550e+00,1,18177,0,0,0,0,1,1,1,1,0,1
-7.338421e-12,-7.338421e+00,0,18182,1,1,1,1,1,0,0,0,0,1
-1.573985e-11,-1.573985e+01,1,18183,0,1,1,1,1,1,0,0,0,0
-6.976784e-12,-6.976784e+00,0,18186,1,1,1,0,1,1,1,1,1,0
1.537546e-14,1.537546e-02,1,18187,0,1,1,1,0,1,1,1,1,1
2.769868e-12,2.769868e+00,0,18190,1,1,1,0,1,1,1,0,1,1
3.451470e-11,3.451470e+01,1,18191,0,1,1,1,0,1,1,1,0,1
4.091810e-12,4.091810e+00,0,18193,1,1,0,1,1,1,0,1,1,1
-1.148262e-12,-1.148262e+00,1,18195,0,0,1,1,0,1,1,1,0,1
-4.329562e-12,-4.329562e+00,0,18197,1,1,0,0,1,1,0,1,1,1
-2.230719e-11,-2.230719e+01,1,18199,0,0,1,1,0,0,1,1,0,1
2.847184e-12,2.847184e+00,0,18201,1,1,0,0,1,1,0,0,1,1
2.238218e-12,2.238218e+00,1,18203,0,0,1,1,0,0,1,1,0,0
1.900942e-12,1.900942e+00,0,18206,1,1,1,0,0,1,1,0,0,1
-2.662980e-12,-2.662980e+00,1,18209,0,0,0,1,1,1,0,0,1,1
-3.908256e-12,-3.908256e+00,0,18212,1,1,1,0,0,0,1,1,1,0
-4.314479e-12,-4.314479e+00,1,18215,0,0,0,1,1,1,0,0,0,1
7.436739e-12,7.436739e+00,0,18217,1,1,0,0,0,1,1,1,0,0
-5.859210e-12,-5.859210e+00,1,18221,0,0,0,0,1,1,0,0,0,1
1.986288e-11,1.986288e+01,0,18223,1,1,0,0,0,0,1,1,0,0
-1.072020e-13,-1.072020e-01,1,18227,0,0,0,0,1,1,0,0,0,0
4.773817e-11,4.773817e+01,0,18230,1,1,1,0,0,0,0,1,1,0
7.738274e-12,7.738274e+00,1,18231,0,1,1,1,0,0,0,0,1,1
2.780838e-11,2.780838e+01,0,18234,1,1,1,0,1,1,1,0,0,0
-3.970070e-12,-3.970070e+00,1,18239,0,0,0,0,0,1,1,1,0,1
1.001445e-12,1.001445e+00,0,18241,1,1,0,0,0,0,0,1,1,1
3.356429e-11,3.356429e+01,1,18243,0,0,1,1,0,0,0,0,0,1
-2.087358e-11,-2.087358e+01,0,18245,1,1,0,0,1,1,0,0,0,0
-7.411722e-12,-7.411722e+00,1,18251,0,0,0,0,0,0,1,1,0,0
-7.263204e-12,-7.263204e+00,0,18254,1,1,1,0,0,0,0,0,0,1
-4.231007e-11,-4.231007e+01,1,18257,0,0,0,1,1,1,0,0,0,0
-3.481023e-11,-3.481023e+01,0,18259,1,1,0,0,0,1,1,1,0,0
3.887994e-11,3.887994e+01,1,18260,0,1,1,0,0,0,1,1,1,0
1.314757e-12,1.314757e+00,0,18262,1,1,0,1,1,0,0,0,1,1
-4.576956e-12,-4.576956e+00,1,18266,0,0,0,0,1,1,0,1,1,0
9.890305e-13,9.890305e-01,0,18268,1,1,0,0,0,0,1,1,0,1
2.889536e-11,2.889536e+01,1,18271,0,0,0,1,1,0,0,0,0,1
-1.066331e-11,-1.066331e+01,0,18272,1,0,0,0,1,1,0,0,0,0
-4.257597e-12,-4.257597e+00,1,18273,0,1,0,0,0,1,1,0,0,0
2.225506e-11,2.225506e+01,0,18274,1,0,1,0,0,0,1,1,0,0
1.715269e-12,1.715269e+00,1,18275,0,1,0,1,0,0,0,1,1,0
4.306336e-11,4.306336e+01,0,18277,1,1,0,1,0,1,0,0,0,1
3.746164e-11,3.746164e+01,1,18280,0,0,0,1,1,0,1,0,1,0
-9.426333e-13,-9.426333e-01,0,18282,1,1,0,0,0,1,1,0,1,0
4.166366e-11,4.166366e+01,1,18284,0,0,1,1,0,0,0,1,1,0
1.663759e-12,1.663759e+00,0,18285,1,0,0,1,1,0,0,0,1,1
-3.147167e-12,-3.147167e+00,1,18287,0,0,1,0,0,1,1,0,0,0
2.205766e-12,2.205766e+00,0,18290,1,1,1,0,0,1,0,0,1,1
-3.516350e-12,-3.516350e+00,1,18291,0,1,1,1,0,0,1,0,0,1
-8.044851e-12,-8.044851e+00,0,18292,1,0,1,1,1,0,0,1,0,0
5.293401e-12,5.293401e+00,1,18293,0,1,0,1,1,1,0,0,1,0
-4.489224e-12,-4.489224e+00,0,18294,1,0,1,0,1,1,1,0,0,1
-7.143063e-12,-7.143063e+00,1,18295,0,1,0,1,0,1,1,1,0,0
5.438953e-13,5.438953e-01,0,18296,1,0,1,0,1,0,1,1,1,0
1.534429e-11,1.534429e+01,1,18299,0,0,0,1,0,1,0,1,0,1
2.071397e-12,2.071397e+00,0,18301,1,1,0,0,0,1,0,1,0,1
-5.597774e-12,-5.597774e+00,1,18303,0,0,1,1,0,0,0,1,0,1
-3.312168e-12,-3.312168e+00,0,18304,1,0,0,1,1,0,0,0,1,0
-4.256945e-12,-4.256945e+00,1,18306,0,0,1,0,0,1,1,0,0,0
8.936429e-12,8.936429e+00,0,18307,1,0,0,1,0,0,1,1,0,0
-6.218019e-12,-6.218019e+00,1,18311,0,0,0,0,1,0,0,1,0,0
-3.902018e-12,-3.902018e+00,0,18314,1,1,1,0,0,0,0,1,0,0
-3.376744e-12,-3.376744e+00,1,18316,0,0,1,1,1,0,0,0,0,1
-9.430218e-12,-9.430218e+00,0,18320,1,1,1,1,0,0,1,1,1,0
1.202574e-12,1.202574e+00,1,18321,0,1,1,1,1,0,0,1,1,1
-5.907766e-14,-5.907766e-02,0,18324,1,1,1,0,1,1,1,1,0,0
-2.665099e-12,-2.665099e+00,1,18325,0,1,1,1,0,1,1,1,1,0
2.787471e-11,2.787471e+01,0,18326,1,0,1,1,1,0,1,1,1,1
-1.056436e-12,-1.056436e+00,1,18327,0,1,0,1,1,1,0,1,1,1
-3.309187e-12,-3.309187e+00,0,18328,1,0,1,0,1,1,1,0,1,1
-5.998906e-13,-5.998906e-01,1,18329,0,1,0,1,0,1,1,1,0,1
-4.740002e-12,-4.740002e+00,0,18331,1,1,0,1,0,1,0,1,1,1
-3.793464e-12,-3.793464e+00,1,18333,0,0,1,1,0,1,0,1,0,1
-3.261358e-12,-3.261358e+00,0,18335,1,1,0,0,1,1,0,1,0,1
-4.959794e-12,-4.959794e+00,1,18337,0,0,1,1,0,0,1,1,0,1
-5.166093e-13,-5.166093e-01,0,18338,1,0,0,1,1,0,0,1,1,0
-4.832604e-12,-4.832604e+00,1,18340,0,0,1,0,0,1,1,0,0,1
2.464538e-12,2.464538e+00,0,18341,1,0,0,1,0,0,1,1,0,0
6.959127e-12,6.959127e+00,1,18342,0,1,0,0,1,0,0,1,1,0
-3.304077e-11,-3.304077e+01,0,18343,1,0,1,0,0,1,0,0,1,1
3.471100e-12,3.471100e+00,1,18344,0,1,0,1,0,0,1,0,0,1
-2.206761e-11,-2.206761e+01,0,18345,1,0,1,0,1,0,0,1,0,0
3.445312e-11,3.445312e+01,1,18346,0,1,0,1,0,1,0,0,1,0
-5.546780e-12,-5.546780e+00,0,18347,1,0,1,0,1,0,1,0,0,1
-5.093442e-12,-5.093442e+00,1,18348,0,1,0,1,0,1,0,1,0,0
-6.539706e-12,-6.539706e+00,0,18349,1,0,1,0,1,0,1,0,1,0
-3.247997e-11,-3.247997e+01,1,18352,0,0,0,1,0,1,0,1,0,1
-9.326090e-13,-9.326090e-01,0,18353,1,0,0,0,1,0,1,0,1,0
1.361948e-12,1.361948e+00,1,18355,0,0,1,0,0,0,1,0,1,0
-2.854178e-13,-2.854178e-01,0,18356,1,0,0,1,0,0,0,1,0,1
-1.351307e-11,-1.351307e+01,1,18358,0,0,1,0,0,1,0,0,0,1
-4.603158e-12,-4.603158e+00,0,18359,1,0,0,1,0,0,1,0,0,0
-9.318231e-13,-9.318231e-01,1,18361,0,0,1,0,0,1,0,0,1,0
2.275453e-12,2.275453e+00,0,18363,1,1,0,0,1,0,0,1,0,0
-1.920378e-11,-1.920378e+01,1,18365,0,0,1,1,0,0,1,0,0,1
-3.563626e-12,-3.563626e+00,0,18369,1,1,1,1,0,0,1,1,0,0
-5.059604e-12,-5.059604e+00,1,18371,0,0,1,1,1,1,0,0,1,1
-4.453232e-12,-4.453232e+00,0,18374,1,1,1,0,0,1,1,1,1,0
-2.346649e-11,-2.346649e+01,1,18377,0,0,0,1,1,1,0,0,1,1
-3.822344e-11,-3.822344e+01,0,18379,1,1,0,0,0,1,1,1,0,0
3.684808e-11,3.684808e+01,1,18380,0,1,1,0,0,0,1,1,1,0
-3.151812e-12,-3.151812e+00,0,18381,1,0,1,1,0,0,0,1,1,1
-2.573378e-12,-2.573378e+00,1,18382,0,1,0,1,1,0,0,0,1,1
5.098192e-12,5.098192e+00,0,18383,1,0,1,0,1,1,0,0,0,1
-1.689425e-11,-1.689425e+01,1,18384,0,1,0,1,0,1,1,0,0,0
-9.467413e-13,-9.467413e-01,0,18387,1,1,1,0,1,0,1,0,1,1
-1.754773e-12,-1.754773e+00,1,18388,0,1,1,1,0,1,0,1,0,1
-1.442484e-11,-1.442484e+01,0,18389,1,0,1,1,1,0,1,0,1,0
-6.330246e-12,-6.330246e+00,1,18390,0,1,0,1,1,1,0,1,0,1
2.488671e-12,2.488671e+00,0,18391,1,0,1,0,1,1,1,0,1,0
2.890028e-12,2.890028e+00,1,18393,0,0,1,0,1,0,1,1,1,0
7.101998e-12,7.101998e+00,0,18394,1,0,0,1,0,1,0,1,1,1
-3.268356e-12,-3.268356e+00,1,18396,0,0,1,0,0,1,0,1,0,1
-2.168490e-12,-2.168490e+00,0,18398,1,1,0,0,1,0,0,1,0,1
-2.135790e-12,-2.135790e+00,1,18400,0,0,1,1,0,0,1,0,0,1
-1.879066e-12,-1.879066e+00,0,18401,1,0,0,1,1,0,0,1,0,0
3.261407e-12,3.261407e+00,1,18403,0,0,1,0,0,1,1,0,0,1
2.484662e-11,2.484662e+01,0,18407,1,1,1,1,0,0,1,0,0,1
2.060772e-11,2.060772e+01,1,18410,0,0,0,1,1,1,1,0,0,1
8.261096e-12,8.261096e+00,0,18414,1,1,1,1,0,0,0,1,1,1
-9.426018e-12,-9.426018e+00,1,18419,0,0,0,0,0,1,1,1,1,0
-2.551415e-12,-2.551415e+00,0,18421,1,1,0,0,0,0,0,1,1,1
-2.275733e-11,-2.275733e+01,1,18426,0,0,0,0,0,1,1,0,0,0
-9.333216e-13,-9.333216e-01,0,18428,1,1,0,0,0,0,0,1,1,0
7.345782e-12,7.345782e+00,1,18429,0,1,1,0,0,0,0,0,1,1
-4.735805e-12,-4.735805e+00,0,18432,1,1,1,0,1,1,0,0,0,0
-1.232182e-12,-1.232182e+00,1,18438,0,0,0,0,0,0,1,1,1,0
3.462582e-13,3.462582e-01,0,18442,1,1,1,1,0,0,0,0,0,0
8.249837e-12,8.249837e+00,1,18443,0,1,1,1,1,0,0,0,0,0
-9.783275e-12,-9.783275e+00,0,18444,1,0,1,1,1,1,0,0,0,0
-3.211935e-12,-3.211935e+00,1,18445,0,1,0,1,1,1,1,0,0,0
2.383572e-12,2.383572e+00,0,18447,1,1,0,1,0,1,1,1,1,0
-5.908401e-12,-5.908401e+00,1,18448,0,1,1,0,1,0,1,1,1,1
-9.406727e-12,-9.406727e+00,0,18451,1,1,1,0,1,1,0,1,0,1
2.169424e-12,2.169424e+00,1,18452,0,1,1,1,0,1,1,0,1,0
-9.999428e-12,-9.999428e+00,0,18458,1,1,1,1,1,1,0,1,1,1
3.502138e-11,3.502138e+01,1,18460,0,0,1,1,1,1,1,1,0,1
-5.326436e-12,-5.326436e+00,0,18462,1,1,0,0,1,1,1,1,1,1
-8.931313e-12,-8.931313e+00,1,18464,0,0,1,1,0,0,1,1,1,1
-3.861091e-12,-3.861091e+00,0,18466,1,1,0,0,1,1,0,0,1,1
2.546518e-11,2.546518e+01,1,18467,0,1,1,0,0,1,1,0,0,1
2.152590e-12,2.152590e+00,0,18469,1,1,0,1,1,0,0,1,1,0
-4.699482e-12,-4.699482e+00,1,18472,0,0,0,1,1,0,1,1,0,0
-4.522802e-11,-4.522802e+01,0,18475,1,1,1,0,0,0,1,1,0,1
1.871009e-11,1.871009e+01,1,18478,0,0,0,1,1,1,0,0,0,1
-7.473025e-12,-7.473025e+00,0,18479,1,0,0,0,1,1,1,0,0,0
-4.551498e-12,-4.551498e+00,1,18480,0,1,0,0,0,1,1,1,0,0
-3.606115e-12,-3.606115e+00,0,18481,1,0,1,0,0,0,1,1,1,0
2.361374e-11,2.361374e+01,1,18482,0,1,0,1,0,0,0,1,1,1
-3.851314e-12,-3.851314e+00,0,18485,1,1,1,0,1,0,1,0,0,0
3.866148e-12,3.866148e+00,1,18486,0,1,1,1,0,1,0,1,0,0
-5.526849e-13,-5.526849e-01,0,18487,1,0,1,1,1,0,1,0,1,0
-4.082383e-12,-4.082383e+00,1,18488,0,1,0,1,1,1,0,1,0,1
-5.803000e-12,-5.803000e+00,0,18495,1,1,1,1,1,1,1,0,1,0
8.936095e-13,8.936095e-01,1,18496,0,1,1,1,1,1,1,1,0,1
-4.900452e-12,-4.900452e+00,0,18497,1,0,1,1,1,1,1,1,1,0
-1.039346e-11,-1.039346e+01,1,18499,0,0,1,0,1,1,1,1,1,1
-5.426414e-12,-5.426414e+00,0,18500,1,0,0,1,0,1,1,1,1,1
1.883365e-13,1.883365e-01,1,18501,0,1,0,0,1,0,1,1,1,1
-1.814042e-12,-1.814042e+00,0,18503,1,1,0,1,0,0,1,0,1,1
-4.181394e-11,-4.181394e+01,1,18504,0,1,1,0,1,0,0,1,0,1
-2.018652e-11,-2.018652e+01,0,18506,1,1,0,1,1,0,1,0,0,1
2.034659e-12,2.034659e+00,1,18508,0,0,1,1,0,1,1,0,1,0
-1.764755e-12,-1.764755e+00,0,18509,1,0,0,1,1,0,1,1,0,1
-6.450353e-12,-6.450353e+00,1,18510,0,1,0,0,1,1,0,1,1,0
-1.518174e-12,-1.518174e+00,0,18511,1,0,1,0,0,1,1,0,1,1
-9.649274e-12,-9.649274e+00,1,18513,0,0,1,0,1,0,0,1,1,0
2.579091e-12,2.579091e+00,0,18517,1,1,1,1,0,0,1,0,1,0
2.992695e-12,2.992695e+00,1,18520,0,0,0,1,1,1,1,0,0,1
-3.471786e-12,-3.471786e+00,0,18521,1,0,0,0,1,1,1,1,0,0
-4.850354e-12,-4.850354e+00,1,18523,0,0,1,0,0,0,1,1,1,1
-4.188577e-14,-4.188577e-02,0,18526,1,1,1,0,0,1,0,0,0,1
2.330356e-12,2.330356e+00,1,18527,0,1,1,1,0,0,1,0,0,0
-8.160545e-12,-8.160545e+00,0,18530,1,1,1,0,1,1,1,0,0,1
-6.483612e-12,-6.483612e+00,1,18531,0,1,1,1,0,1,1,1,0,0
-3.095662e-12,-3.095662e+00,0,18532,1,0,1,1,1,0,1,1,1,0
-4.446075e-12,-4.446075e+00,1,18535,0,0,0,1,0,1,1,1,0,1
-4.782936e-12,-4.782936e+00,0,18537,1,1,0,0,0,1,0,1,1,1
-3.437069e-12,-3.437069e+00,1,18539,0,0,1,1,0,0,0,1,0,1
-3.596497e-12,-3.596497e+00,0,18541,1,1,0,0,1,1,0,0,0,1
2.915634e-13,2.915634e-01,1,18543,0,0,1,1,0,0,1,1,0,0
5.950604e-12,5.950604e+00,0,18544,1,0,0,1,1,0,0,1,1,0
-2.133795e-11,-2.133795e+01,1,18545,0,1,0,0,1,1,0,0,1,1
-3.362018e-12,-3.362018e+00,0,18548,1,1,1,0,1,0,0,1,1,0
-3.904179e-11,-3.904179e+01,1,18551,0,0,0,1,1,1,0,1,0,0
-6.798816e-12,-6.798816e+00,0,18554,1,1,1,0,0,0,1,1,1,0
5.394195e-12,5.394195e+00,1,18556,0,0,1,1,1,0,0,0,1,1
-6.795152e-12,-6.795152e+00,0,18557,1,0,0,1,1,1,0,0,0,1
-4.832524e-12,-4.832524e+00,1,18558,0,1,0,0,1,1,1,0,0,0
6.056331e-12,6.056331e+00,0,18561,1,1,1,0,1,0,0,1,1,1
-6.424600e-12,-6.424600e+00,1,18562,0,1,1,1,0,1,0,0,1,1
-4.486433e-12,-4.486433e+00,0,18563,1,0,1,1,1,0,1,0,0,1
2.097369e-11,2.097369e+01,1,18564,0,1,0,1,1,1,0,1,0,0
-4.168161e-12,-4.168161e+00,0,18567,1,1,1,0,1,0,1,1,1,0
-3.253229e-12,-3.253229e+00,1,18569,0,0,1,1,1,0,1,0,1,1
2.796051e-11,2.796051e+01,0,18570,1,0,0,1,1,1,0,1,0,1
3.162372e-12,3.162372e+00,1,18571,0,1,0,0,1,1,1,0,1,0
7.314936e-13,7.314936e-01,0,18577,1,1,1,1,1,1,0,1,0,0
-1.985325e-11,-1.985325e+01,1,18578,0,1,1,1,1,1,1,0,1,0
3.977136e-11,3.977136e+01,0,18579,1,0,1,1,1,1,1,1,0,1
-2.285347e-13,-2.285347e-01,1,18580,0,1,0,1,1,1,1,1,1,0
-2.217456e-11,-2.217456e+01,0,18581,1,0,1,0,1,1,1,1,1,1
-4.367962e-11,-4.367962e+01,1,18583,0,0,1,0,1,0,1,1,1,1
7.592689e-13,7.592689e-01,0,18585,1,1,0,0,1,0,1,0,1,1
-3.924063e-11,-3.924063e+01,1,18586,0,1,1,0,0,1,0,1,0,1
-1.268159e-12,-1.268159e+00,0,18588,1,1,0,1,1,0,0,1,0,1
-3.343615e-11,-3.343615e+01,1,18590,0,0,1,1,0,1,1,0,0,1
4.346651e-11,4.346651e+01,0,18591,1,0,0,1,1,0,1,1,0,0
-9.692183e-12,-9.692183e+00,1,18593,0,0,1,0,0,1,1,0,1,1
3.101791e-12,3.101791e+00,0,18596,1,1,1,0,0,1,0,0,1,1
1.520899e-13,1.520899e-01,1,18598,0,0,1,1,1,0,0,1,0,0
-4.165561e-12,-4.165561e+00,0,18601,1,1,1,0,0,1,1,1,0,0
2.920524e-12,2.920524e+00,1,18603,0,0,1,1,1,0,0,1,1,1
-6.448348e-12,-6.448348e+00,0,18606,1,1,1,0,0,1,1,1,0,0
8.872287e-13,8.872287e-01,1,18607,0,1,1,1,0,0,1,1,1,0
2.972675e-12,2.972675e+00,0,18608,1,0,1,1,1,0,0,1,1,1
8.650536e-12,8.650536e+00,1,18609,0,1,0,1,1,1,0,0,1,1
-1.553104e-11,-1.553104e+01,0,18610,1,0,1,0,1,1,1,0,0,1
3.733137e-11,3.733137e+01,1,18611,0,1,0,1,0,1,1,1,0,0
-1.253900e-11,-1.253900e+01,0,18614,1,1,1,0,1,0,1,0,1,1
-4.947214e-12,-4.947214e+00,1,18618,0,0,0,0,1,1,1,0,1,0
-4.273394e-12,-4.273394e+00,0,18619,1,0,0,0,0,1,1,1,0,1
-2.460838e-12,-2.460838e+00,1,18621,0,0,1,0,0,0,0,1,1,1
-1.670777e-12,-1.670777e+00,0,18622,1,0,0,1,0,0,0,0,1,1
1.039446e-12,1.039446e+00,1,18626,0,0,0,0,1,0,0,1,0,0
-3.472112e-11,-3.472112e+01,0,18628,1,1,0,0,0,0,1,0,0,1
-1.921050e-12,-1.921050e+00,1,18629,0,1,1,0,0,0,0,1,0,0
-9.761370e-13,-9.761370e-01,0,18630,1,0,1,1,0,0,0,0,1,0
3.730496e-11,3.730496e+01,1,18633,0,0,0,1,0,1,1,0,0,0
-2.694938e-12,-2.694938e+00,0,18634,1,0,0,0,1,0,1,1,0,0
9.097793e-12,9.097793e+00,1,18635,0,1,0,0,0,1,0,1,1,0
-1.758105e-12,-1.758105e+00,0,18637,1,1,0,1,0,0,0,1,0,1
3.541877e-12,3.541877e+00,1,18640,0,0,0,1,1,0,1,0,0,0
-4.618903e-12,-4.618903e+00,0,18641,1,0,0,0,1,1,0,1,0,0
-1.163382e-12,-1.163382e+00,1,18645,0,0,0,0,1,0,0,0,1,1
9.627611e-12,9.627611e+00,0,18646,1,0,0,0,0,1,0,0,0,1
-8.637473e-13,-8.637473e-01,1,18649,0,0,0,1,0,0,0,0,1,0
-4.555194e-12,-4.555194e+00,0,18651,1,1,0,0,0,1,0,0,0,0
-4.434572e-12,-4.434572e+00,1,18653,0,0,1,1,0,0,0,1,0,0
1.797335e-12,1.797335e+00,0,18655,1,1,0,0,1,1,0,0,0,1
-9.856158e-12,-9.856158e+00,1,18656,0,1,1,0,0,1,1,0,0,0
1.851240e-12,1.851240e+00,0,18657,1,0,1,1,0,0,1,1,0,0
2.955853e-12,2.955853e+00,1,18661,0,0,0,0,1,0,1,1,0,0
-1.961730e-13,-1.961730e-01,0,18664,1,1,1,0,0,0,0,1,0,1
-1.364166e-12,-1.364166e+00,1,18667,0,0,0,1,1,1,0,0,0,0
-4.337896e-13,-4.337896e-01,0,18668,1,0,0,0,1,1,1,0,0,0
-3.183202e-12,-3.183202e+00,1,18673,0,0,0,0,0,1,0,0,0,1
-3.911189e-12,-3.911189e+00,0,18675,1,1,0,0,0,0,0,1,0,0
2.030862e-11,2.030862e+01,1,18679,0,0,0,0,1,1,0,0,0,0
-3.507481e-12,-3.507481e+00,0,18680,1,0,0,0,0,1,1,0,0,0
2.037285e-12,2.037285e+00,1,18681,0,1,0,0,0,0,1,1,0,0
-8.804146e-12,-8.804146e+00,0,18683,1,1,0,1,0,0,0,0,1,1
-3.628020e-12,-3.628020e+00,1,18684,0,1,1,0,1,0,0,0,0,1
1.291644e-11,1.291644e+01,0,18685,1,0,1,1,0,1,0,0,0,0
-5.315139e-12,-5.315139e+00,1,18686,0,1,0,1,1,0,1,0,0,0
2.871699e-13,2.871699e-01,0,18687,1,0,1,0,1,1,0,1,0,0
4.095952e-12,4.095952e+00,1,18688,0,1,0,1,0,1,1,0,1,0
1.469848e-12,1.469848e+00,0,18690,1,1,0,1,0,1,0,1,1,0
5.228183e-12,5.228183e+00,1,18692,0,0,1,1,0,1,0,1,0,1
-5.252284e-12,-5.252284e+00,0,18693,1,0,0,1,1,0,1,0,1,0
3.235022e-11,3.235022e+01,1,18694,0,1,0,0,1,1,0,1,0,1
-3.600344e-13,-3.600344e-01,0,18695,1,0,1,0,0,1,1,0,1,0
5.657701e-12,5.657701e+00,1,18697,0,0,1,0,1,0,0,1,1,0
-3.592426e-13,-3.592426e-01,0,18698,1,0,0,1,0,1,0,0,1,1
4.110706e-12,4.110706e+00,1,18700,0,0,1,0,0,1,0,1,0,0
-4.304465e-12,-4.304465e+00,0,18703,1,1,1,0,0,1,0,0,1,0
-2.758349e-12,-2.758349e+00,1,18705,0,0,1,1,1,0,0,1,0,0
-5.450821e-12,-5.450821e+00,0,18706,1,0,0,1,1,1,0,0,1,0
-8.328399e-12,-8.328399e+00,1,18709,0,0,0,1,0,0,1,1,1,0
-4.245430e-12,-4.245430e+00,0,18710,1,0,0,0,1,0,0,1,1,1
2.180229e-11,2.180229e+01,1,18711,0,1,0,0,0,1,0,0,1,1
6.539630e-12,6.539630e+00,0,18712,1,0,1,0,0,0,1,0,0,1
-5.450372e-12,-5.450372e+00,1,18713,0,1,0,1,0,0,0,1,0,0
2.326947e-12,2.326947e+00,0,18716,1,1,1,0,1,0,1,0,0,0
1.203982e-12,1.203982e+00,1,18718,0,0,1,1,1,0,1,0,1,0
1.995074e-11,1.995074e+01,0,18720,1,1,0,0,1,1,1,0,1,0
4.465589e-12,4.465589e+00,1,18722,0,0,1,1,0,0,1,1,1,0
8.753932e-12,8.753932e+00,0,18723,1,0,0,1,1,0,0,1,1,1
7.294446e-12,7.294446e+00,1,18725,0,0,1,0,0,1,1,0,0,1
-5.702392e-13,-5.702392e-01,0,18727,1,1,0,0,1,0,0,1,1,0
1.343035e-12,1.343035e+00,1,18730,0,0,0,1,1,0,0,1,0,0
-7.022602e-12,-7.022602e+00,0,18733,1,1,1,0,0,0,1,1,0,0
-3.634694e-11,-3.634694e+01,1,18735,0,0,1,1,1,0,0,0,1,1
-5.126923e-12,-5.126923e+00,0,18738,1,1,1,0,0,1,1,1,0,0
-1.314670e-12,-1.314670e+00,1,18742,0,0,0,0,1,1,1,0,0,1
3.346913e-13,3.346913e-01,0,18744,1,1,0,0,0,0,1,1,1,0
-1.538669e-12,-1.538669e+00,1,18747,0,0,0,1,1,0,0,0,0,1
-3.908962e-12,-3.908962e+00,0,18749,1,1,0,0,0,1,1,0,0,0
-5.084076e-12,-5.084076e+00,1,18754,0,0,0,0,0,1,1,0,0,0
-5.296225e-12,-5.296225e+00,0,18757,1,1,1,0,0,0,0,0,1,1
-9.842874e-12,-9.842874e+00,1,18758,0,1,1,1,0,0,0,0,0,1
-4.984277e-11,-4.984277e+01,0,18759,1,0,1,1,1,0,0,0,0,0
4.313820e-11,4.313820e+01,1,18760,0,1,0,1,1,1,0,0,0,0
3.138306e-12,3.138306e+00,0,18761,1,0,1,0,1,1,1,0,0,0
-3.686159e-11,-3.686159e+01,1,18762,0,1,0,1,0,1,1,1,0,0
5.541916e-12,5.541916e+00,0,18764,1,1,0,1,0,1,0,1,1,1
-3.445798e-11,-3.445798e+01,1,18765,0,1,1,0,1,0,1,0,1,1
2.029951e-12,2.029951e+00,0,18766,1,0,1,1,0,1,0,1,0,1
-3.001517e-12,-3.001517e+00,1,18767,0,1,0,1,1,0,1,0,1,0
-3.344964e-11,-3.344964e+01,0,18775,1,1,1,1,1,1,1,1,0,1
-4.970202e-12,-4.970202e+00,1,18777,0,0,1,1,1,1,1,1,1,1
1.244328e-12,1.244328e+00,0,18778,1,0,0,1,1,1,1,1,1,1
2.013234e-11,2.013234e+01,1,18787,0,0,0,0,0,0,0,0,0,1
-2.914168e-12,-2.914168e+00,0,18791,1,1,1,1,0,0,0,0,0,0
8.932461e-13,8.932461e-01,1,18792,0,1,1,1,1,0,0,0,0,0
-4.897708e-12,-4.897708e+00,0,18794,1,1,0,1,1,1,1,0,0,0
1.991060e-11,1.991060e+01,1,18795,0,1,1,0,1,1,1,1,0,0
1.945247e-12,1.945247e+00,0,18797,1,1,0,1,1,0,1,1,1,1
-9.470626e-12,-9.470626e+00,1,18798,0,1,1,0,1,1,0,1,1,1
-2.158388e-12,-2.158388e+00,0,18799,1,0,1,1,0,1,1,0,1,1
-6.919764e-12,-6.919764e+00,1,18800,0,1,0,1,1,0,1,1,0,1
-9.480254e-12,-9.480254e+00,0,18802,1,1,0,1,0,1,1,0,1,1
-3.611674e-12,-3.611674e+00,1,18804,0,0,1,1,0,1,0,1,1,0
4.504200e-12,4.504200e+00,0,18808,1,1,1,1,0,0,1,1,0,1
4.531988e-12,4.531988e+00,1,18810,0,0,1,1,1,1,0,0,1,1
-3.209240e-12,-3.209240e+00,0,18811,1,0,0,1,1,1,1,0,0,1
-3.620185e-12,-3.620185e+00,1,18814,0,0,0,1,0,0,1,1,1,1
2.984233e-12,2.984233e+00,0,18817,1,1,1,0,0,0,1,0,0,1
2.783388e-13,2.783388e-01,1,18818,0,1,1,1,0,0,0,1,0,0
-5.700449e-12,-5.700449e+00,0,18821,1,1,1,0,1,1,1,0,0,0
-2.730309e-11,-2.730309e+01,1,18823,0,0,1,1,1,0,1,1,1,0
-3.666753e-11,-3.666753e+01,0,18825,1,1,0,0,1,1,1,0,1,1
-1.447482e-11,-1.447482e+01,1,18829,0,0,0,0,1,1,0,0,1,1
4.844340e-11,4.844340e+01,0,18830,1,0,0,0,0,1,1,0,0,1
8.443500e-12,8.443500e+00,1,18831,0,1,0,0,0,0,1,1,0,0
-4.952498e-11,-4.952498e+01,0,18834,1,1,1,0,1,0,0,0,0,1
2.360462e-11,2.360462e+01,1,18837,0,0,0,1,1,1,0,1,0,0
-2.166087e-12,-2.166087e+00,0,18839,1,1,0,0,0,1,1,1,0,1
1.618147e-12,1.618147e+00,1,18840,0,1,1,0,0,0,1,1,1,0
3.734378e-11,3.734378e+01,0,18841,1,0,1,1,0,0,0,1,1,1
9.612746e-12,9.612746e+00,1,18843,0,0,1,0,1,1,0,0,0,1
-3.123443e-13,-3.123443e-01,0,18845,1,1,0,0,1,0,1,1,0,0
-3.217850e-13,-3.217850e-01,1,18849,0,0,0,0,1,1,0,0,1,0
-1.519187e-12,-1.519187e+00,0,18854,1,1,1,1,1,0,0,0,0,1
-2.923087e-11,-2.923087e+01,1,18857,0,0,0,1,1,1,1,1,0,0
2.973207e-12,2.973207e+00,0,18859,1,1,0,0,0,1,1,1,1,1
2.267236e-12,2.267236e+00,1,18860,0,1,1,0,0,0,1,1,1,1
-1.686770e-13,-1.686770e-01,0,18861,1,0,1,1,0,0,0,1,1,1
3.036136e-12,3.036136e+00,1,18862,0,1,0,1,1,0,0,0,1,1
-3.056899e-13,-3.056899e-01,0,18864,1,1,0,1,0,1,1,0,0,0
1.079923e-12,1.079923e+00,1,18865,0,1,1,0,1,0,1,1,0,0
3.942187e-12,3.942187e+00,0,18866,1,0,1,1,0,1,0,1,1,0
-1.057827e-11,-1.057827e+01,1,18867,0,1,0,1,1,0,1,0,1,1
-2.035859e-12,-2.035859e+00,0,18870,1,1,1,0,1,0,1,1,0,1
-2.359720e-12,-2.359720e+00,1,18872,0,0,1,1,1,0,1,0,1,1
3.328339e-12,3.328339e+00,0,18873,1,0,0,1,1,1,0,1,0,1
1.723382e-12,1.723382e+00,1,18876,0,0,0,1,0,0,1,1,1,0
1.495996e-11,1.495996e+01,0,18877,1,0,0,0,1,0,0,1,1,1
1.230640e-12,1.230640e+00,1,18879,0,0,1,0,0,0,1,0,0,1
-1.039782e-12,-1.039782e+00,0,18881,1,1,0,0,1,0,0,0,1,0
-1.621670e-11,-1.621670e+01,1,18884,0,0,0,1,1,0,0,1,0,0
1.638408e-11,1.638408e+01,0,18885,1,0,0,0,1,1,0,0,1,0
-2.721664e-12,-2.721664e+00,1,18886,0,1,0,0,0,1,1,0,0,1
-4.117849e-12,-4.117849e+00,0,18890,1,1,1,1,0,1,0,0,0,1
-1.930653e-12,-1.930653e+00,1,18893,0,0,0,1,1,1,1,0,1,0
1.767272e-12,1.767272e+00,0,18895,1,1,0,0,0,1,1,1,1,0
8.855432e-13,8.855432e-01,1,18897,0,0,1,1,0,0,0,1,1,1
-1.355835e-12,-1.355835e+00,0,18898,1,0,0,1,1,0,0,0,1,1
5.973526e-12,5.973526e+00,1,18899,0,1,0,0,1,1,0,0,0,1
1.451915e-12,1.451915e+00,0,18901,1,1,0,1,0,0,1,1,0,0
1.140321e-11,1.140321e+01,1,18905,0,0,0,0,1,1,0,1,0,0
-4.768745e-12,-4.768745e+00,0,18908,1,1,1,0,0,0,0,1,1,0
-2.103968e-12,-2.103968e+00,1,18910,0,0,1,1,1,0,0,0,0,1
5.983239e-12,5.983239e+00,0,18911,1,0,0,1,1,1,0,0,0,0
-3.401666e-11,-3.401666e+01,1,18912,0,1,0,0,1,1,1,0,0,0
4.098484e-11,4.098484e+01,0,18913,1,0,1,0,0,1,1,1,0,0
9.849460e-13,9.849460e-01,1,18914,0,1,0,1,0,0,1,1,1,0
-7.536485e-13,-7.536485e-01,0,18916,1,1,0,1,0,1,0,0,1,1
3.438849e-11,3.438849e+01,1,18920,0,0,0,0,1,1,0,1,0,1
-1.726457e-12,-1.726457e+00,0,18927,1,1,1,1,1,1,1,0,0,0
6.608253e-12,6.608253e+00,1,18932,0,0,0,0,0,1,1,1,1,1
2.364165e-11,2.364165e+01,0,18934,1,1,0,0,0,0,0,1,1,1
-5.520960e-13,-5.520960e-01,1,18935,0,1,1,0,0,0,0,0,1,1
4.190772e-12,4.190772e+00,0,18937,1,1,0,1,1,0,0,0,0,0
8.265524e-12,8.265524e+00,1,18938,0,1,1,0,1,1,0,0,0,0
8.150459e-12,8.150459e+00,0,18939,1,0,1,1,0,1,1,0,0,0
2.048783e-12,2.048783e+00,1,18940,0,1,0,1,1,0,1,1,0,0
-8.120674e-13,-8.120674e-01,0,18942,1,1,0,1,0,1,1,0,1,1
-4.081196e-11,-4.081196e+01,1,18943,0,1,1,0,1,0,1,1,0,1
3.700895e-11,3.700895e+01,0,18944,1,0,1,1,0,1,0,1,1,0
-2.990945e-12,-2.990945e+00,1,18945,0,1,0,1,1,0,1,0,1,1
1.663312e-12,1.663312e+00,0,18946,1,0,1,0,1,1,0,1,0,1
-1.529085e-12,-1.529085e+00,1,18949,0,0,0,1,0,1,0,1,1,0
2.157751e-12,2.157751e+00,0,18950,1,0,0,0,1,0,1,0,1,1
2.761305e-12,2.761305e+00,1,18952,0,0,1,0,0,0,1,0,1,0
-1.494969e-12,-1.494969e+00,0,18959,1,1,1,1,1,1,1,0,0,1
6.878504e-13,6.878504e-01,1,18960,0,1,1,1,1,1,1,1,0,0
2.337260e-12,2.337260e+00,0,18961,1,0,1,1,1,1,1,1,1,0
-5.283570e-12,-5.283570e+00,1,18964,0,0,0,1,0,1,1,1,1,1
-8.528347e-11,-8.528347e+01,0,18966,1,1,0,0,0,1,0,1,1,1
7.495270e-11,7.495270e+01,1,18967,0,1,1,0,0,0,1,0,1,1
-5.047199e-12,-5.047199e+00,0,18969,1,1,0,1,1,0,0,0,1,0
2.848343e-12,2.848343e+00,1,18970,0,1,1,0,1,1,0,0,0,1
2.301583e-12,2.301583e+00,0,18971,1,0,1,1,0,1,1,0,0,0
-2.474615e-12,-2.474615e+00,1,18973,0,0,1,0,1,1,0,1,1,0
-2.606127e-12,-2.606127e+00,0,18975,1,1,0,0,1,0,1,1,0,1
-1.402530e-12,-1.402530e+00,1,18978,0,0,0,1,1,0,0,1,0,1
-2.961983e-13,-2.961983e-01,0,18979,1,0,0,0,1,1,0,0,1,0
-2.007869e-12,-2.007869e+00,1,18980,0,1,0,0,0,1,1,0,0,1
2.054108e-12,2.054108e+00,0,18981,1,0,1,0,0,0,1,1,0,0
1.327123e-12,1.327123e+00,1,18983,0,0,1,0,1,0,0,0,1,1
-7.848656e-12,-7.848656e+00,0,18986,1,1,1,0,0,1,0,1,0,0
4.205529e-12,4.205529e+00,1,18990,0,0,0,0,1,1,1,0,0,1
2.958871e-11,2.958871e+01,0,18991,1,0,0,0,0,1,1,1,0,0
-9.808259e-12,-9.808259e+00,1,18993,0,0,1,0,0,0,0,1,1,1
-1.340186e-12,-1.340186e+00,0,18996,1,1,1,0,0,1,0,0,0,0
4.467716e-12,4.467716e+00,1,18997,0,1,1,1,0,0,1,0,0,0
2.252881e-11,2.252881e+01,0,18998,1,0,1,1,1,0,0,1,0,0
-6.096740e-13,-6.096740e-01,1,18999,0,1,0,1,1,1,0,0,1,0
1.697458e-13,1.697458e-01,0,19001,1,1,0,1,0,1,1,1,0,0
-3.450136e-12,-3.450136e+00,1,19003,0,0,1,1,0,1,0,1,1,1
-3.783143e-13,-3.783143e-01,0,19006,1,1,1,0,0,1,1,0,1,0
-2.911384e-11,-2.911384e+01,1,19007,0,1,1,1,0,0,1,1,0,1
1.504927e-13,1.504927e-01,0,19008,1,0,1,1,1,0,0,1,1,0
7.726884e-13,7.726884e-01,1,19010,0,0,1,0,1,1,1,0,0,1
1.851235e-12,1.851235e+00,0,19011,1,0,0,1,0,1,1,1,0,0
5.202572e-12,5.202572e+00,1,19012,0,1,0,0,1,0,1,1,1,0
2.844600e-12,2.844600e+00,0,19013,1,0,1,0,0,1,0,1,1,1
5.500401e-12,5.500401e+00,1,19014,0,1,0,1,0,0,1,0,1,1
-2.201178e-11,-2.201178e+01,0,19015,1,0,1,0,1,0,0,1,0,1
3.378006e-12,3.378006e+00,1,19016,0,1,0,1,0,1,0,0,1,0
-1.489630e-12,-1.489630e+00,0,19021,1,1,1,1,1,0,1,0,1,0
-5.536297e-13,-5.536297e-01,1,19023,0,0,1,1,1,1,1,0,1,0
1.450071e-12,1.450071e+00,0,19024,1,0,0,1,1,1,1,1,0,1
7.760901e-13,7.760901e-01,1,19026,0,0,1,0,0,1,1,1,1,1
-9.683263e-13,-9.683263e-01,0,19027,1,0,0,1,0,0,1,1,1,1
7.144692e-12,7.144692e+00,1,19033,0,0,0,0,0,0,1,0,0,1
1.595628e-12,1.595628e+00,0,19037,1,1,1,1,0,0,0,0,0,0
-4.861158e-14,-4.861158e-02,1,19039,0,0,1,1,1,1,0,0,0,0
5.914508e-12,5.914508e+00,0,19041,1,1,0,0,1,1,1,1,0,0
1.222958e-12,1.222958e+00,1,19042,0,1,1,0,0,1,1,1,1,0
-2.800226e-11,-2.800226e+01,0,19044,1,1,0,1,1,0,0,1,1,1
2.932517e-12,2.932517e+00,1,19049,0,0,0,0,0,1,1,0,1,1
3.944913e-12,3.944913e+00,0,19052,1,1,1,0,0,0,0,0,1,1
2.480351e-12,2.480351e+00,1,19054,0,0,1,1,1,0,0,0,0,0
5.855187e-12,5.855187e+00,0,19057,1,1,1,0,0,1,1,1,0,0
-3.491544e-12,-3.491544e+00,1,19058,0,1,1,1,0,0,1,1,1,0
1.580280e-11,1.580280e+01,0,19060,1,1,0,1,1,1,0,0,1,1
5.933101e-13,5.933101e-01,1,19064,0,0,0,0,1,1,0,1,1,1
-3.824211e-12,-3.824211e+00,0,19067,1,1,1,0,0,0,0,1,1,0
1.618475e-12,1.618475e+00,1,19068,0,1,1,1,0,0,0,0,1,1
3.790750e-12,3.790750e+00,0,19069,1,0,1,1,1,0,0,0,0,1
3.924971e-12,3.924971e+00,1,19072,0,0,0,1,0,1,1,1,0,0
4.269527e-11,4.269527e+01,0,19074,1,1,0,0,0,1,0,1,1,1
2.695376e-12,2.695376e+00,1,19075,0,1,1,0,0,0,1,0,1,1
-3.730452e-11,-3.730452e+01,0,19076,1,0,1,1,0,0,0,1,0,1
-7.730442e-11,-7.730442e+01,1,19077,0,1,0,1,1,0,0,0,1,0
-2.200569e-12,-2.200569e+00,0,19082,1,1,1,1,1,0,1,0,1,1
3.294434e-11,3.294434e+01,1,19083,0,1,1,1,1,1,0,1,0,1
1.936143e-12,1.936143e+00,0,19084,1,0,1,1,1,1,1,0,1,0
-1.781938e-12,-1.781938e+00,1,19085,0,1,0,1,1,1,1,1,0,1
4.791477e-13,4.791477e-01,0,19086,1,0,1,0,1,1,1,1,1,0
5.750130e-12,5.750130e+00,1,19088,0,0,1,0,1,0,1,1,1,1
-3.967782e-12,-3.967782e+00,0,19089,1,0,0,1,0,1,0,1,1,1
3.232829e-11,3.232829e+01,1,19090,0,1,0,0,1,0,1,0,1,1
2.299075e-12,2.299075e+00,0,19092,1,1,0,1,0,0,1,0,1,0
-5.113860e-12,-5.113860e+00,1,19093,0,1,1,0,1,0,0,1,0,1
1.019808e-12,1.019808e+00,0,19094,1,0,1,1,0,1,0,0,1,0
2.331307e-12,2.331307e+00,1,19096,0,0,1,0,1,1,0,1,0,0
1.905941e-12,1.905941e+00,0,19097,1,0,0,1,0,1,1,0,1,0
-2.443391e-12,-2.443391e+00,1,19100,0,0,0,1,0,0,1,0,1,1
8.973519e-12,8.973519e+00,0,19101,1,0,0,0,1,0,0,1,0,1
5.866401e-12,5.866401e+00,1,19104,0,0,0,1,0,0,0,1,0,0
-3.766755e-12,-3.766755e+00,0,19105,1,0,0,0,1,0,0,0,1,0
9.386529e-12,9.386529e+00,1,19108,0,0,0,1,0,0,0,1,0,0
-4.606234e-12,-4.606234e+00,0,19109,1,0,0,0,1,0,0,0,1,0
1.989248e-12,1.989248e+00,1,19110,0,1,0,0,0,1,0,0,0,1
2.917498e-11,2.917498e+01,0,19114,1,1,1,1,0,1,0,0,0,1
2.608043e-13,2.608043e-01,1,19115,0,1,1,1,1,0,1,0,0,0
3.893073e-12,3.893073e+00,0,19116,1,0,1,1,1,1,0,1,0,0
2.257251e-12,2.257251e+00,1,19120,0,0,0,0,1,0,1,1,1,1
3.375902e-12,3.375902e+00,0,19121,1,0,0,0,0,1,0,1,1,1
-4.649396e-12,-4.649396e+00,1,19126,0,0,0,0,0,1,0,0,0,0
2.156792e-13,2.156792e-01,0,19127,1,0,0,0,0,0,1,0,0,0
3.697813e-11,3.697813e+01,1,19132,0,0,0,0,0,1,0,0,0,0
2.151561e-12,2.151561e+00,0,19133,1,0,0,0,0,0,1,0,0,0
-1.897767e-13,-1.897767e-01,1,19134,0,1,0,0,0,0,0,1,0,0
2.786034e-12,2.786034e+00,0,19136,1,1,0,1,0,0,0,0,0,1
-3.316592e-11,-3.316592e+01,1,19137,0,1,1,0,1,0,0,0,0,0
2.736756e-11,2.736756e+01,0,19138,1,0,1,1,0,1,0,0,0,0
-4.850793e-11,-4.850793e+01,1,19144,0,0,0,0,0,0,1,0,1,1
1.915730e-11,1.915730e+01,0,19145,1,0,0,0,0,0,0,1,0,1
3.247386e-11,3.247386e+01,1,19148,0,0,0,1,0,0,0,0,0,0
-3.731883e-12,-3.731883e+00,0,19149,1,0,0,0,1,0,0,0,0,0
4.547622e-12,4.547622e+00,1,19156,0,0,0,0,0,0,0,1,0,0
4.570716e-12,4.570716e+00,0,19157,1,0,0,0,0,0,0,0,1,0
3.641435e-12,3.641435e+00,1,19158,0,1,0,0,0,0,0,0,0,1
1.577325e-12,1.577325e+00,0,19162,1,1,1,1,0,1,0,0,0,0
-3.188472e-13,-3.188472e-01,1,19163,0,1,1,1,1,0,1,0,0,0
-1.348168e-12,-1.348168e+00,0,19165,1,1,0,1,1,1,1,0,1,0
4.030522e-12,4.030522e+00,1,19166,0,1,1,0,1,1,1,1,0,1
7.054364e-13,7.054364e-01,0,19171,1,1,1,1,1,0,1,1,0,1
-4.575763e-12,-4.575763e+00,1,19172,0,1,1,1,1,1,0,1,1,0
-5.867786e-13,-5.867786e-01,0,19176,1,1,1,1,0,1,1,1,1,1
-2.122736e-11,-2.122736e+01,1,19178,0,0,1,1,1,1,0,1,1,1
1.316474e-11,1.316474e+01,0,19180,1,1,0,0,1,1,1,1,0,1
1.434204e-13,1.434204e-01,1,19181,0,1,1,0,0,1,1,1,1,0
6.973632e-13,6.973632e-01,0,19185,1,1,1,1,0,1,1,0,0,1
1.556960e-12,1.556960e+00,1,19186,0,1,1,1,1,0,1,1,0,0
-1.930176e-12,-1.930176e+00,0,19189,1,1,1,0,1,1,1,1,0,1
6.615086e-12,6.615086e+00,1,19192,0,0,0,1,1,1,0,1,1,1
3.883579e-12,3.883579e+00,0,19193,1,0,0,0,1,1,1,0,1,1
-2.974802e-11,-2.974802e+01,1,19194,0,1,0,0,0,1,1,1,0,1
9.369481e-13,9.369481e-01,0,19196,1,1,0,1,0,0,0,1,1,1
3.992163e-13,3.992163e-01,1,19198,0,0,1,1,0,1,0,0,0,1
-3.547189e-11,-3.547189e+01,0,19200,1,1,0,0,1,1,0,1,0,0
3.839033e-12,3.839033e+00,1,19204,0,0,0,0,1,1,0,0,1,1
2.798671e-12,2.798671e+00,0,19205,1,0,0,0,0,1,1,0,0,1
3.129825e-12,3.129825e+00,1,19208,0,0,0,1,0,0,0,0,1,1
-6.891951e-13,-6.891951e-01,0,19211,1,1,1,0,0,0,1,0,0,0
-4.932846e-12,-4.932846e+00,1,19216,0,0,0,0,0,1,1,1,0,0
2.422515e-11,2.422515e+01,0,19217,1,0,0,0,0,0,1,1,1,0
-3.704846e-12,-3.704846e+00,1,19218,0,1,0,0,0,0,0,1,1,1
1.121712e-11,1.121712e+01,0,19221,1,1,1,0,1,0,0,0,0,0
1.820045e-11,1.820045e+01,1,19222,0,1,1,1,0,1,0,0,0,0
5.438454e-12,5.438454e+00,0,19223,1,0,1,1,1,0,1,0,0,0
2.394018e-12,2.394018e+00,1,19224,0,1,0,1,1,1,0,1,0,0
-4.015163e-12,-4.015163e+00,0,19226,1,1,0,1,0,1,1,1,0,1
-3.236260e-12,-3.236260e+00,1,19227,0,1,1,0,1,0,1,1,1,0
2.814408e-11,2.814408e+01,0,19228,1,0,1,1,0,1,0,1,1,1
1.194976e-11,1.194976e+01,1,19230,0,0,1,0,1,1,0,1,0,1
6.259974e-11,6.259974e+01,0,19232,1,1,0,0,1,0,1,1,0,1
5.535446e-12,5.535446e+00,1,19234,0,0,1,1,0,0,1,0,1,1
2.733232e-12,2.733232e+00,0,19235,1,0,0,1,1,0,0,1,0,1
-3.233818e-11,-3.233818e+01,1,19238,0,0,0,1,0,0,1,1,0,0
5.511176e-12,5.511176e+00,0,19239,1,0,0,0,1,0,0,1,1,0
7.905449e-12,7.905449e+00,1,19242,0,0,0,1,0,0,0,1,0,0
6.752038e-12,6.752038e+00,0,19245,1,1,1,0,0,0,1,0,0,0
-1.866328e-12,-1.866328e+00,1,19247,0,0,1,1,1,0,0,0,1,0
5.085426e-11,5.085426e+01,0,19249,1,1,0,0,1,1,1,0,0,0
-1.916247e-12,-1.916247e+00,1,19251,0,0,1,1,0,0,1,1,1,0
3.863662e-12,3.863662e+00,0,19253,1,1,0,0,1,1,0,0,1,1
4.810855e-11,4.810855e+01,1,19257,0,0,0,0,1,1,0,0,1,1
-3.630487e-13,-3.630487e-01,0,19260,1,1,1,0,0,0,0,1,1,0
-3.563715e-11,-3.563715e+01,1,19263,0,0,0,1,1,1,0,0,0,0
3.362873e-12,3.362873e+00,0,19266,1,1,1,0,0,0,1,1,1,0
-6.960859e-12,-6.960859e+00,1,19267,0,1,1,1,0,0,0,1,1,1
-5.021627e-12,-5.021627e+00,0,19270,1,1,1,0,1,1,1,0,0,0
1.675132e-12,1.675132e+00,1,19271,0,1,1,1,0,1,1,1,0,0
1.095335e-11,1.095335e+01,0,19272,1,0,1,1,1,0,1,1,1,0
-4.159665e-12,-4.159665e+00,1,19273,0,1,0,1,1,1,0,1,1,1
6.831763e-12,6.831763e+00,0,19276,1,1,1,0,1,0,1,1,1,0
-3.316813e-11,-3.316813e+01,1,19277,0,1,1,1,0,1,0,1,1,1
1.690266e-12,1.690266e+00,0,19278,1,0,1,1,1,0,1,0,1,1
1.113610e-12,1.113610e+00,1,19282,0,0,0,0,1,0,1,1,1,0
3.746436e-12,3.746436e+00,0,19283,1,0,0,0,0,1,0,1,1,1
-1.941096e-11,-1.941096e+01,1,19285,0,0,1,0,0,0,0,1,0,1
3.267553e-12,3.267553e+00,0,19287,1,1,0,0,1,0,0,0,0,1
-2.693060e-12,-2.693060e+00,1,19289,0,0,1,1,0,0,1,0,0,0
-6.600008e-13,-6.600008e-01,0,19290,1,0,0,1,1,0,0,1,0,0
4.126772e-12,4.126772e+00,1,19291,0,1,0,0,1,1,0,0,1,0
2.847033e-11,2.847033e+01,0,19293,1,1,0,1,0,0,1,1,0,0
-3.559272e-11,-3.559272e+01,1,19295,0,0,1,1,0,1,0,0,1,1
-3.158011e-12,-3.158011e+00,0,19298,1,1,1,0,0,1,1,0,1,0
-1.274625e-11,-1.274625e+01,1,19301,0,0,0,1,1,1,0,0,1,1
6.219813e-12,6.219813e+00,0,19302,1,0,0,0,1,1,1,0,0,1
9.436947e-14,9.436947e-02,1,19305,0,0,0,1,0,0,0,1,1,1
-2.262225e-11,-2.262225e+01,0,19308,1,1,1,0,0,0,1,0,0,0
6.861645e-13,6.861645e-01,1,19309,0,1,1,1,0,0,0,1,0,0
-3.931373e-11,-3.931373e+01,0,19310,1,0,1,1,1,0,0,0,1,0
4.868613e-11,4.868613e+01,1,19311,0,1,0,1,1,1,0,0,0,1
8.930704e-13,8.930704e-01,0,19315,1,1,1,1,0,1,0,1,1,1
-1.280656e-13,-1.280656e-01,1,19316,0,1,1,1,1,0,1,0,1,1
6.243170e-12,6.243170e+00,0,19317,1,0,1,1,1,1,0,1,0,1
-3.375673e-11,-3.375673e+01,1,19318,0,1,0,1,1,1,1,0,1,0
-3.384038e-13,-3.384038e-01,0,19324,1,1,1,1,1,1,0,1,0,1
8.528668e-13,8.528668e-01,1,19325,0,1,1,1,1,1,1,0,1,0
5.224297e-11,5.224297e+01,0,19331,1,1,1,1,1,1,0,1,1,1
1.224307e-11,1.224307e+01,1,19332,0,1,1,1,1,1,1,0,1,1
3.983321e-12,3.983321e+00,0,19334,1,1,0,1,1,1,1,1,1,0
-2.364563e-11,-2.364563e+01,1,19335,0,1,1,0,1,1,1,1,1,1
3.065334e-12,3.065334e+00,0,19336,1,0,1,1,0,1,1,1,1,1
2.170434e-12,2.170434e+00,1,19343,0,0,0,0,0,0,0,1,0,1
2.374545e-12,2.374545e+00,0,19344,1,0,0,0,0,0,0,0,1,0
8.029177e-12,8.029177e+00,1,19345,0,1,0,0,0,0,0,0,0,1
7.322211e-13,7.322211e-01,0,19346,1,0,1,0,0,0,0,0,0,0
1.107582e-12,1.107582e+00,1,19348,0,0,1,0,1,0,0,0,0,0
2.228017e-12,2.228017e+00,0,19350,1,1,0,0,1,0,1,0,0,0
1.450793e-12,1.450793e+00,1,19351,0,1,1,0,0,1,0,1,0,0
-1.016572e-12,-1.016572e+00,0,19353,1,1,0,1,1,0,0,1,0,1
7.026827e-13,7.026827e-01,1,19354,0,1,1,0,1,1,0,0,1,0
5.976864e-12,5.976864e+00,0,19355,1,0,1,1,0,1,1,0,0,1
5.398451e-12,5.398451e+00,1,19357,0,0,1,0,1,1,0,1,1,0
5.189235e-13,5.189235e-01,0,19358,1,0,0,1,0,1,1,0,1,1
5.043246e-12,5.043246e+00,1,19359,0,1,0,0,1,0,1,1,0,1
-1.914014e-13,-1.914014e-01,0,19360,1,0,1,0,0,1,0,1,1,0
8.165646e-12,8.165646e+00,1,19361,0,1,0,1,0,0,1,0,1,1
7.205263e-13,7.205263e-01,0,19362,1,0,1,0,1,0,0,1,0,1
-1.351294e-12,-1.351294e+00,1,19365,0,0,0,1,0,1,0,1,0,0
4.170173e-16,4.170173e-04,0,19366,1,0,0,0,1,0,1,0,1,0
-2.523962e-11,-2.523962e+01,1,19369,0,0,0,1,0,0,0,1,0,1
8.717269e-12,8.717269e+00,0,19370,1,0,0,0,1,0,0,0,1,0
-5.666216e-12,-5.666216e+00,1,19372,0,0,1,0,0,0,1,0,0,0
2.892269e-12,2.892269e+00,0,19373,1,0,0,1,0,0,0,1,0,0
4.380658e-12,4.380658e+00,1,19377,0,0,0,0,1,0,0,1,0,0
7.444411e-12,7.444411e+00,0,19378,1,0,0,0,0,1,0,0,1,0
-2.181648e-11,-2.181648e+01,1,19379,0,1,0,0,0,0,1,0,0,1
-6.539872e-12,-6.539872e+00,0,19383,1,1,1,1,0,1,0,0,0,0
3.155016e-12,3.155016e+00,1,19385,0,0,1,1,1,1,0,1,0,0
2.601117e-12,2.601117e+00,0,19387,1,1,0,0,1,1,1,1,0,1
-1.305449e-12,-1.305449e+00,1,19388,0,1,1,0,0,1,1,1,1,0
3.644884e-12,3.644884e+00,0,19389,1,0,1,1,0,0,1,1,1,1
8.250486e-13,8.250486e-01,1,19391,0,0,1,0,1,1,0,0,1,1
-2.648892e-12,-2.648892e+00,0,19393,1,1,0,0,1,0,1,1,0,0
-5.545047e-12,-5.545047e+00,1,19394,0,1,1,0,0,1,0,1,1,0
-7.715206e-13,-7.715206e-01,0,19395,1,0,1,1,0,0,1,0,1,1
9.047206e-13,9.047206e-01,1,19396,0,1,0,1,1,0,0,1,0,1
1.245282e-11,1.245282e+01,0,19397,1,0,1,0,1,1,0,0,1,0
-1.190232e-11,-1.190232e+01,1,19398,0,1,0,1,0,1,1,0,0,1
1.018974e-11,1.018974e+01,0,19399,1,0,1,0,1,0,1,1,0,0
3.500726e-11,3.500726e+01,1,19401,0,0,1,0,1,0,1,0,1,1
-6.220320e-13,-6.220320e-01,0,19404,1,1,1,0,0,1,0,1,0,1
1.283891e-12,1.283891e+00,1,19406,0,0,1,1,1,0,0,1,0,1
5.210832e-12,5.210832e+00,0,19407,1,0,0,1,1,1,0,0,1,0
3.176356e-11,3.176356e+01,1,19409,0,0,1,0,0,1,1,1,0,0
-5.086157e-13,-5.086157e-01,0,19410,1,0,0,1,0,0,1,1,1,0
9.774641e-12,9.774641e+00,1,19413,0,0,0,1,0,0,1,0,0,1
2.956323e-12,2.956323e+00,0,19415,1,1,0,0,0,1,0,0,1,0
6.145961e-12,6.145961e+00,1,19418,0,0,0,1,1,0,0,0,1,0
-2.418176e-12,-2.418176e+00,0,19419,1,0,0,0,1,1,0,0,0,1
3.094130e-12,3.094130e+00,1,19420,0,1,0,0,0,1,1,0,0,0
4.184444e-13,4.184444e-01,0,19421,1,0,1,0,0,0,1,1,0,0
2.815735e-12,2.815735e+00,1,19425,0,0,0,0,1,0,1,0,0,0
7.257632e-13,7.257632e-01,0,19428,1,1,1,0,0,0,0,1,0,1
6.867550e-12,6.867550e+00,1,19429,0,1,1,1,0,0,0,0,1,0
-5.735089e-14,-5.735089e-02,0,19430,1,0,1,1,1,0,0,0,0,1
1.923425e-12,1.923425e+00,1,19432,0,0,1,0,1,1,1,0,0,0
2.249544e-12,2.249544e+00,0,19433,1,0,0,1,0,1,1,1,0,0
5.398533e-12,5.398533e+00,1,19434,0,1,0,0,1,0,1,1,1,0
-9.555265e-12,-9.555265e+00,0,19436,1,1,0,1,0,0,1,0,1,1
-1.503214e-13,-1.503214e-01,1,19440,0,0,0,0,1,1,0,1,0,0
-1.151318e-11,-1.151318e+01,0,19441,1,0,0,0,0,1,1,0,1,0
-5.590085e-12,-5.590085e+00,1,19444,0,0,0,1,0,0,0,0,1,1
1.103989e-12,1.103989e+00,0,19445,1,0,0,0,1,0,0,0,0,1
-6.477644e-14,-6.477644e-02,1,19448,0,0,0,1,0,0,0,1,0,0
-3.539759e-12,-3.539759e+00,0,19450,1,1,0,0,0,1,0,0,0,1
1.436211e-12,1.436211e+00,1,19451,0,1,1,0,0,0,1,0,0,0
3.992287e-11,3.992287e+01,0,19452,1,0,1,1,0,0,0,1,0,0
-2.478793e-11,-2.478793e+01,1,19456,0,0,0,0,1,0,1,1,0,0
-5.818918e-12,-5.818918e+00,0,19457,1,0,0,0,0,1,0,1,1,0
2.840220e-11,2.840220e+01,1,19458,0,1,0,0,0,0,1,0,1,1
6.071925e-13,6.071925e-01,0,19461,1,1,1,0,1,0,0,0,0,1
-3.434126e-13,-3.434126e-01,1,19463,0,0,1,1,1,0,1,0,0,0
5.776513e-12,5.776513e+00,0,19464,1,0,0,1,1,1,0,1,0,0
3.955497e-12,3.955497e+00,1,19465,0,1,0,0,1,1,1,0,1,0
2.832070e-12,2.832070e+00,0,19467,1,1,0,1,0,0,1,1,1,0
1.134113e-12,1.134113e+00,1,19469,0,0,1,1,0,1,0,0,1,1
1.150716e-12,1.150716e+00,0,19470,1,0,0,1,1,0,1,0,0,1
-1.918393e-12,-1.918393e+00,1,19471,0,1,0,0,1,1,0,1,0,0
1.055442e-11,1.055442e+01,0,19474,1,1,1,0,1,0,0,1,1,0
7.570103e-12,7.570103e+00,1,19476,0,0,1,1,1,0,1,0,0,1
1.822451e-12,1.822451e+00,0,19477,1,0,0,1,1,1,0,1,0,0
-1.944153e-11,-1.944153e+01,1,19478,0,1,0,0,1,1,1,0,1,0
3.426917e-12,3.426917e+00,0,19479,1,0,1,0,0,1,1,1,0,1
7.373573e-12,7.373573e+00,1,19480,0,1,0,1,0,0,1,1,1,0
-4.339622e-12,-4.339622e+00,0,19481,1,0,1,0,1,0,0,1,1,1
6.359315e-13,6.359315e-01,1,19483,0,0,1,0,1,0,1,0,0,1
-1.217082e-11,-1.217082e+01,0,19485,1,1,0,0,1,0,1,0,1,0
3.686169e-12,3.686169e+00,1,19488,0,0,0,1,1,0,0,1,0,1
1.647595e-12,1.647595e+00,0,19489,1,0,0,0,1,1,0,0,1,0
-1.904057e-11,-1.904057e+01,1,19491,0,0,1,0,0,0,1,1,0,0
-2.812249e-12,-2.812249e+00,0,19492,1,0,0,1,0,0,0,1,1,0
4.595773e-13,4.595773e-01,1,19495,0,0,0,1,0,0,1,0,0,0
3.866236e-13,3.866236e-01,0,19498,1,1,1,0,0,0,1,0,0,1
2.818985e-12,2.818985e+00,1,19499,0,1,1,1,0,0,0,1,0,0
9.078779e-12,9.078779e+00,0,19500,1,0,1,1,1,0,0,0,1,0
-3.831056e-11,-3.831056e+01,1,19503,0,0,0,1,0,1,1,1,0,0
4.325619e-11,4.325619e+01,0,19504,1,0,0,0,1,0,1,1,1,0
3.256290e-12,3.256290e+00,1,19505,0,1,0,0,0,1,0,1,1,1
4.709440e-12,4.709440e+00,0,19508,1,1,1,0,1,0,0,0,1,0
1.590026e-11,1.590026e+01,1,19509,0,1,1,1,0,1,0,0,0,1
-9.665469e-12,-9.665469e+00,0,19510,1,0,1,1,1,0,1,0,0,0
2.239178e-12,2.239178e+00,1,19512,0,0,1,0,1,1,1,0,1,0
-1.659603e-12,-1.659603e+00,0,19514,1,1,0,0,1,0,1,1,1,0
1.377749e-11,1.377749e+01,1,19516,0,0,1,1,0,0,1,0,1,1
-1.489808e-11,-1.489808e+01,0,19517,1,0,0,1,1,0,0,1,0,1
-4.118493e-12,-4.118493e+00,1,19518,0,1,0,0,1,1,0,0,1,0
3.807173e-12,3.807173e+00,0,19523,1,1,1,1,1,0,1,0,0,1
-4.840396e-12,-4.840396e+00,1,19526,0,0,0,1,1,1,1,1,0,1
3.089411e-12,3.089411e+00,0,19531,1,1,1,1,1,0,0,0,1,1
-1.705668e-12,-1.705668e+00,1,19532,0,1,1,1,1,1,0,0,0,1
8.433215e-12,8.433215e+00,0,19534,1,1,0,1,1,1,1,1,0,0
-3.357040e-12,-3.357040e+00,1,19538,0,0,0,0,1,1,0,1,1,1
3.253058e-12,3.253058e+00,0,19540,1,1,0,0,0,0,1,1,0,1
-4.349097e-13,-4.349097e-01,1,19541,0,1,1,0,0,0,0,1,1,0
-6.747714e-13,-6.747714e-01,0,19545,1,1,1,1,0,1,1,0,0,0
5.221189e-12,5.221189e+00,1,19550,0,0,0,0,0,1,1,1,1,0
-1.937619e-12,-1.937619e+00,0,19554,1,1,1,1,0,0,0,0,0,1
-3.815955e-13,-3.815955e-01,1,19555,0,1,1,1,1,0,0,0,0,0
-2.779780e-13,-2.779780e-01,0,19558,1,1,1,0,1,1,1,1,0,0
3.886772e-12,3.886772e+00,1,19559,0,1,1,1,0,1,1,1,1,0
-4.362529e-11,-4.362529e+01,0,19561,1,1,0,1,1,1,0,1,1,1
2.146233e-12,2.146233e+00,1,19566,0,0,0,0,0,1,1,0,1,1
2.677442e-11,2.677442e+01,0,19567,1,0,0,0,0,0,1,1,0,1
-5.701378e-13,-5.701378e-01,1,19568,0,1,0,0,0,0,0,1,1,0
-1.033726e-12,-1.033726e+00,0,19572,1,1,1,1,0,1,0,0,0,0
-1.319427e-12,-1.319427e+00,1,19578,0,0,0,0,0,0,1,1,1,1
8.370348e-12,8.370348e+00,0,19579,1,0,0,0,0,0,0,1,1,1
1.928791e-12,1.928791e+00,1,19584,0,0,0,0,0,1,0,0,0,0
2.281996e-12,2.281996e+00,0,19586,1,1,0,0,0,0,0,1,0,0
-4.309564e-13,-4.309564e-01,1,19587,0,1,1,0,0,0,0,0,1,0
1.083020e-11,1.083020e+01,0,19589,1,1,0,1,1,0,0,0,0,0
2.026719e-14,2.026719e-02,1,19591,0,0,1,1,0,1,1,0,0,0
4.949142e-13,4.949142e-01,0,19593,1,1,0,0,1,1,0,1,1,0
-1.448969e-12,-1.448969e+00,1,19594,0,1,1,0,0,1,1,0,1,1
2.863371e-12,2.863371e+00,0,19597,1,1,1,0,1,1,0,0,1,1
-1.017726e-12,-1.017726e+00,1,19599,0,0,1,1,1,0,1,1,0,0
-2.848389e-13,-2.848389e-01,0,19602,1,1,1,0,0,1,1,1,0,1
2.001952e-12,2.001952e+00,1,19605,0,0,0,1,1,1,0,0,1,1
1.514311e-12,1.514311e+00,0,19606,1,0,0,0,1,1,1,0,0,1
2.103725e-11,2.103725e+01,1,19607,0,1,0,0,0,1,1,1,0,0
-5.173670e-13,-5.173670e-01,0,19610,1,1,1,0,1,0,0,0,1,1
-1.723884e-11,-1.723884e+01,1,19614,0,0,0,0,1,1,1,0,1,0
-2.613458e-11,-2.613458e+01,0,19616,1,1,0,0,0,0,1,1,1,0
8.480586e-12,8.480586e+00,1,19618,0,0,1,1,0,0,0,0,1,1
-2.909879e-11,-2.909879e+01,0,19619,1,0,0,1,1,0,0,0,0,1
4.824243e-12,4.824243e+00,1,19620,0,1,0,0,1,1,0,0,0,0
2.743303e-13,2.743303e-01,0,19623,1,1,1,0,1,0,0,1,1,0
1.231380e-12,1.231380e+00,1,19624,0,1,1,1,0,1,0,0,1,1
2.316726e-12,2.316726e+00,0,19627,1,1,1,0,1,1,1,0,1,0
-4.546576e-12,-4.546576e+00,1,19630,0,0,0,1,1,1,0,1,1,1
1.805343e-12,1.805343e+00,0,19631,1,0,0,0,1,1,1,0,1,1
1.267823e-11,1.267823e+01,1,19635,0,0,0,0,1,0,0,0,1,1
6.568908e-12,6.568908e+00,0,19636,1,0,0,0,0,1,0,0,0,1
-2.944882e-12,-2.944882e+00,1,19637,0,1,0,0,0,0,1,0,0,0
-2.542611e-11,-2.542611e+01,0,19640,1,1,1,0,1,0,0,0,0,1
5.762977e-12,5.762977e+00,1,19641,0,1,1,1,0,1,0,0,0,0
3.576614e-12,3.576614e+00,0,19642,1,0,1,1,1,0,1,0,0,0
6.949985e-12,6.949985e+00,1,19647,0,0,0,0,0,1,0,1,1,1
-2.523693e-12,-2.523693e+00,0,19648,1,0,0,0,0,0,1,0,1,1
-2.214382e-13,-2.214382e-01,1,19652,0,0,0,0,1,0,0,0,0,0
7.313004e-12,7.313004e+00,0,19653,1,0,0,0,0,1,0,0,0,0
-2.918512e-14,-2.918512e-02,1,19659,0,0,0,0,0,0,1,0,0,0
1.319143e-12,1.319143e+00,0,19660,1,0,0,0,0,0,0,1,0,0
-3.792461e-12,-3.792461e+00,1,19661,0,1,0,0,0,0,0,0,1,0
3.205592e-12,3.205592e+00,0,19663,1,1,0,1,0,0,0,0,0,0
-5.166543e-12,-5.166543e+00,1,19665,0,0,1,1,0,1,0,0,0,0
8.534068e-12,8.534068e+00,0,19667,1,1,0,0,1,1,0,1,0,0
1.310774e-11,1.310774e+01,1,19668,0,1,1,0,0,1,1,0,1,0
-1.955298e-11,-1.955298e+01,0,19670,1,1,0,1,1,0,0,1,1,0
-3.143615e-11,-3.143615e+01,1,19672,0,0,1,1,0,1,1,0,0,1
8.283362e-13,8.283362e-01,0,19673,1,0,0,1,1,0,1,1,0,0
2.671220e-12,2.671220e+00,1,19674,0,1,0,0,1,1,0,1,1,0
-1.572139e-12,-1.572139e+00,0,19675,1,0,1,0,0,1,1,0,1,1
-2.220777e-12,-2.220777e+00,1,19676,0,1,0,1,0,0,1,1,0,1
-3.009669e-12,-3.009669e+00,0,19677,1,0,1,0,1,0,0,1,1,0
-6.310203e-13,-6.310203e-01,1,19678,0,1,0,1,0,1,0,0,1,1
3.359030e-12,3.359030e+00,0,19679,1,0,1,0,1,0,1,0,0,1
-4.928547e-12,-4.928547e+00,1,19682,0,0,0,1,0,1,0,1,0,1
-7.309294e-13,-7.309294e-01,0,19692,1,1,1,1,1,1,1,1,1,1
1.900335e-12,1.900335e+00,1,19693,0,1,1,1,1,1,1,1,1,1
5.781385e-13,5.781385e-01,0,19694,1,0,1,1,1,1,1,1,1,1
2.668850e-12,2.668850e+00,1,19695,0,1,0,1,1,1,1,1,1,1
1.844808e-11,1.844808e+01,0,19697,1,1,0,1,0,1,1,1,1,1
4.495181e-12,4.495181e+00,1,19698,0,1,1,0,1,0,1,1,1,1
-6.106361e-14,-6.106361e-02,0,19700,1,1,0,1,1,0,1,0,1,1
2.687288e-12,2.687288e+00,1,19701,0,1,1,0,1,1,0,1,0,1
5.147359e-12,5.147359e+00,0,19703,1,1,0,1,1,0,1,1,0,1
1.663392e-11,1.663392e+01,1,19705,0,0,1,1,0,1,1,0,1,1
-3.911519e-12,-3.911519e+00,0,19706,1,0,0,1,1,0,1,1,0,1
6.261167e-12,6.261167e+00,1,19709,0,0,0,1,0,0,1,1,0,1
1.125207e-11,1.125207e+01,0,19710,1,0,0,0,1,0,0,1,1,0
-3.010187e-12,-3.010187e+00,1,19711,0,1,0,0,0,1,0,0,1,1
1.462067e-12,1.462067e+00,0,19712,1,0,1,0,0,0,1,0,0,1
-2.006725e-11,-2.006725e+01,1,19715,0,0,0,1,0,1,0,0,0,1
2.450784e-12,2.450784e+00,0,19719,1,1,1,1,0,0,0,1,0,1
-9.325967e-13,-9.325967e-01,1,19720,0,1,1,1,1,0,0,0,1,0
5.537915e-13,5.537915e-01,0,19721,1,0,1,1,1,1,0,0,0,1
-1.205668e-12,-1.205668e+00,1,19723,0,0,1,0,1,1,1,1,0,0
2.545999e-11,2.545999e+01,0,19724,1,0,0,1,0,1,1,1,1,0
-3.172075e-12,-3.172075e+00,1,19725,0,1,0,0,1,0,1,1,1,1
2.290612e-12,2.290612e+00,0,19728,1,1,1,0,1,0,0,1,0,1
1.589001e-13,1.589001e-01,1,19729,0,1,1,1,0,1,0,0,1,0
1.906340e-12,1.906340e+00,0,19734,1,1,1,1,1,0,1,1,1,0
-3.324081e-12,-3.324081e+00,1,19736,0,0,1,1,1,1,1,0,1,1
2.642046e-13,2.642046e-01,0,19737,1,0,0,1,1,1,1,1,0,1
3.535791e-12,3.535791e+00,1,19738,0,1,0,0,1,1,1,1,1,0
3.811775e-12,3.811775e+00,0,19742,1,1,1,1,0,1,0,0,1,1
2.425920e-12,2.425920e+00,1,19743,0,1,1,1,1,0,1,0,0,1
5.275118e-12,5.275118e+00,0,19745,1,1,0,1,1,1,1,0,1,0
1.118487e-11,1.118487e+01,1,19748,0,0,0,1,1,0,1,1,1,1
-4.115417e-12,-4.115417e+00,0,19749,1,0,0,0,1,1,0,1,1,1
1.644108e-12,1.644108e+00,1,19754,0,0,0,0,0,1,0,0,0,1
2.252411e-12,2.252411e+00,0,19755,1,0,0,0,0,0,1,0,0,0
4.611913e-12,4.611913e+00,1,19756,0,1,0,0,0,0,0,1,0,0
-3.071693e-12,-3.071693e+00,0,19757,1,0,1,0,0,0,0,0,1,0
-1.954391e-11,-1.954391e+01,1,19758,0,1,0,1,0,0,0,0,0,1
2.568118e-12,2.568118e+00,0,19762,1,1,1,1,0,1,0,1,0,0
5.024354e-12,5.024354e+00,1,19763,0,1,1,1,1,0,1,0,1,0
1.489950e-11,1.489950e+01,0,19765,1,1,0,1,1,1,1,0,1,0
-7.815719e-13,-7.815719e-01,1,19767,0,0,1,1,0,1,1,1,1,0
4.082623e-12,4.082623e+00,0,19768,1,0,0,1,1,0,1,1,1,1
9.218976e-13,9.218976e-01,1,19770,0,0,1,0,0,1,1,0,1,1
-3.713601e-12,-3.713601e+00,0,19772,1,1,0,0,1,0,0,1,1,0
1.952625e-12,1.952625e+00,1,19773,0,1,1,0,0,1,0,0,1,1
-7.798264e-14,-7.798264e-02,0,19774,1,0,1,1,0,0,1,0,0,1
5.812335e-12,5.812335e+00,1,19777,0,0,0,1,0,1,1,0,0,1
1.675256e-11,1.675256e+01,0,19781,1,1,1,1,0,0,0,1,0,1
-1.181430e-11,-1.181430e+01,1,19784,0,0,0,1,1,1,1,0,0,0
4.025877e-12,4.025877e+00,0,19785,1,0,0,0,1,1,1,1,0,0
-1.996755e-12,-1.996755e+00,1,19789,0,0,0,0,1,0,0,0,1,1
4.102328e-13,4.102328e-01,0,19791,1,1,0,0,0,0,1,0,0,0
7.780401e-12,7.780401e+00,1,19792,0,1,1,0,0,0,0,1,0,0
1.607608e-11,1.607608e+01,0,19793,1,0,1,1,0,0,0,0,1,0
2.951998e-13,2.951998e-01,1,19794,0,1,0,1,1,0,0,0,0,1
8.224934e-12,8.224934e+00,0,19798,1,1,1,1,0,1,0,1,1,0
-9.210441e-13,-9.210441e-01,1,19799,0,1,1,1,1,0,1,0,1,1
6.815140e-12,6.815140e+00,0,19802,1,1,1,0,1,1,1,1,0,1
1.709607e-12,1.709607e+00,1,19804,0,0,1,1,1,0,1,1,1,1
6.796729e-13,6.796729e-01,0,19805,1,0,0,1,1,1,0,1,1,1
-1.793814e-11,-1.793814e+01,1,19810,0,0,0,0,0,1,0,0,1,1
-4.005075e-12,-4.005075e+00,0,19811,1,0,0,0,0,0,1,0,0,1
2.670406e-12,2.670406e+00,1,19812,0,1,0,0,0,0,0,1,0,0
-3.181331e-11,-3.181331e+01,0,19815,1,1,1,0,1,0,0,0,0,0
-6.056593e-13,-6.056593e-01,1,19817,0,0,1,1,1,0,1,0,0,0
4.328829e-12,4.328829e+00,0,19819,1,1,0,0,1,1,1,0,1,0
4.969778e-12,4.969778e+00,1,19820,0,1,1,0,0,1,1,1,0,1
8.651377e-13,8.651377e-01,0,19825,1,1,1,1,1,0,1,1,0,0
4.887960e-12,4.887960e+00,1,19826,0,1,1,1,1,1,0,1,1,0
-4.623359e-13,-4.623359e-01,0,19827,1,0,1,1,1,1,1,0,1,1
-4.046223e-11,-4.046223e+01,1,19828,0,1,0,1,1,1,1,1,0,1
1.614449e-11,1.614449e+01,0,19829,1,0,1,0,1,1,1,1,1,0
7.511771e-13,7.511771e-01,1,19830,0,1,0,1,0,1,1,1,1,1
4.003905e-12,4.003905e+00,0,19831,1,0,1,0,1,0,1,1,1,1
-5.015573e-12,-5.015573e+00,1,19837,0,0,0,0,0,0,1,0,1,0
4.320947e-11,4.320947e+01,0,19838,1,0,0,0,0,0,0,1,0,1
2.134322e-13,2.134322e-01,1,19840,0,0,1,0,0,0,0,0,0,1
1.028203e-11,1.028203e+01,0,19841,1,0,0,1,0,0,0,0,0,0
1.067162e-11,1.067162e+01,1,19843,0,0,1,0,0,1,0,0,0,0
-2.039043e-11,-2.039043e+01,0,19845,1,1,0,0,1,0,0,1,0,0
3.897392e-12,3.897392e+00,1,19846,0,1,1,0,0,1,0,0,1,0
-2.182486e-12,-2.182486e+00,0,19848,1,1,0,1,1,0,0,1,0,0
7.462316e-12,7.462316e+00,1,19850,0,0,1,1,0,1,1,0,0,1
-2.618111e-12,-2.618111e+00,0,19854,1,1,1,1,0,0,1,1,0,1
-4.934717e-12,-4.934717e+00,1,19857,0,0,0,1,1,1,1,0,0,1
-4.493461e-11,-4.493461e+01,0,19858,1,0,0,0,1,1,1,1,0,0
3.509926e-11,3.509926e+01,1,19859,0,1,0,0,0,1,1,1,1,0
-4.900635e-12,-4.900635e+00,0,19860,1,0,1,0,0,0,1,1,1,1
-3.942611e-12,-3.942611e+00,1,19861,0,1,0,1,0,0,0,1,1,1
-5.267946e-12,-5.267946e+00,0,19862,1,0,1,0,1,0,0,0,1,1
-5.083293e-12,-5.083293e+00,1,19863,0,1,0,1,0,1,0,0,0,1
5.270971e-12,5.270971e+00,0,19865,1,1,0,1,0,1,0,1,0,0
8.159104e-12,8.159104e+00,1,19869,0,0,0,0,1,1,0,1,0,1
-5.309056e-13,-5.309056e-01,0,19870,1,0,0,0,0,1,1,0,1,0
-4.739971e-13,-4.739971e-01,1,19872,0,0,1,0,0,0,0,1,1,0
-4.727222e-13,-4.727222e-01,0,19873,1,0,0,1,0,0,0,0,1,1
-1.991906e-12,-1.991906e+00,1,19875,0,0,1,0,0,1,0,0,0,0
-7.248878e-12,-7.248878e+00,0,19878,1,1,1,0,0,1,0,0,1,0
-1.279696e-12,-1.279696e+00,1,19879,0,1,1,1,0,0,1,0,0,1
3.198861e-12,3.198861e+00,0,19883,1,1,1,1,0,1,1,1,0,0
3.377789e-12,3.377789e+00,1,19885,0,0,1,1,1,1,0,1,1,1
2.511179e-12,2.511179e+00,0,19888,1,1,1,0,0,1,1,1,1,0
3.945033e-12,3.945033e+00,1,19889,0,1,1,1,0,0,1,1,1,1
-9.989202e-13,-9.989202e-01,0,19890,1,0,1,1,1,0,0,1,1,1
3.218050e-12,3.218050e+00,1,19895,0,0,0,0,0,1,0,1,1,1
2.895387e-11,2.895387e+01,0,19898,1,1,1,0,0,0,0,0,1,0
-1.038044e-12,-1.038044e+00,1,19899,0,1,1,1,0,0,0,0,0,1
4.490328e-13,4.490328e-01,0,19900,1,0,1,1,1,0,0,0,0,0
3.304531e-12,3.304531e+00,1,19902,0,0,1,0,1,1,1,0,0,0
3.764289e-12,3.764289e+00,0,19904,1,1,0,0,1,0,1,1,1,0
-1.826067e-11,-1.826067e+01,1,19905,0,1,1,0,0,1,0,1,1,1
-3.164728e-12,-3.164728e+00,0,19908,1,1,1,0,1,1,0,0,1,0
2.186390e-12,2.186390e+00,1,19909,0,1,1,1,0,1,1,0,0,1
3.968440e-12,3.968440e+00,0,19910,1,0,1,1,1,0,1,1,0,0
7.764472e-11,7.764472e+01,1,19912,0,0,1,0,1,1,1,0,1,1
3.427937e-12,3.427937e+00,0,19915,1,1,1,0,0,1,0,1,1,1
2.001698e-12,2.001698e+00,1,19917,0,0,1,1,1,0,0,1,0,1
-1.808845e-12,-1.808845e+00,0,19919,1,1,0,0,1,1,1,0,0,1
-2.812144e-12,-2.812144e+00,1,19921,0,0,1,1,0,0,1,1,1,0
-4.281204e-11,-4.281204e+01,0,19922,1,0,0,1,1,0,0,1,1,1
4.595474e-11,4.595474e+01,1,19923,0,1,0,0,1,1,0,0,1,1
5.954847e-12,5.954847e+00,0,19924,1,0,1,0,0,1,1,0,0,1
-1.283314e-12,-1.283314e+00,1,19925,0,1,0,1,0,0,1,1,0,0
3.109291e-13,3.109291e-01,0,19928,1,1,1,0,1,0,1,0,0,1
4.813775e-13,4.813775e-01,1,19931,0,0,0,1,1,1,0,1,0,1
5.779741e-12,5.779741e+00,0,19938,1,1,1,1,1,1,1,0,0,0
2.504791e-12,2.504791e+00,1,19939,0,1,1,1,1,1,1,1,0,0
4.889032e-12,4.889032e+00,0,19940,1,0,1,1,1,1,1,1,1,0
4.506757e-12,4.506757e+00,1,19941,0,1,0,1,1,1,1,1,1,1
4.933851e-12,4.933851e+00,0,19944,1,1,1,0,1,0,1,1,1,1
2.827121e-12,2.827121e+00,1,19945,0,1,1,1,0,1,0,1,1,1
-9.433526e-12,-9.433526e+00,0,19947,1,1,0,1,1,1,0,1,0,1
-4.943342e-11,-4.943342e+01,1,19948,0,1,1,0,1,1,1,0,1,0
2.959587e-12,2.959587e+00,0,19954,1,1,1,1,1,1,0,1,1,0
-1.666847e-13,-1.666847e-01,1,19955,0,1,1,1,1,1,1,0,1,1
5.226885e-12,5.226885e+00,0,19956,1,0,1,1,1,1,1,1,0,1
4.456535e-12,4.456535e+00,1,19959,0,0,0,1,0,1,1,1,1,1
1.336103e-11,1.336103e+01,0,19960,1,0,0,0,1,0,1,1,1,1
-8.504925e-12,-8.504925e+00,1,19961,0,1,0,0,0,1,0,1,1,1
-1.469064e-11,-1.469064e+01,0,19963,1,1,0,1,0,0,0,1,0,1
1.203493e-11,1.203493e+01,1,19964,0,1,1,0,1,0,0,0,1,0
-3.655794e-12,-3.655794e+00,0,19969,1,1,1,1,1,0,1,1,0,1
-1.853111e-12,-1.853111e+00,1,19970,0,1,1,1,1,1,0,1,1,0
1.500104e-11,1.500104e+01,0,19971,1,0,1,1,1,1,1,0,1,1
5.402096e-12,5.402096e+00,1,19973,0,0,1,0,1,1,1,1,1,0
-5.783509e-12,-5.783509e+00,0,19977,1,1,1,1,0,0,1,0,1,1
-4.017088e-12,-4.017088e+00,1,19978,0,1,1,1,1,0,0,1,0,1
2.473841e-12,2.473841e+00,0,19980,1,1,0,1,1,1,1,0,0,1
2.466069e-12,2.466069e+00,1,19982,0,0,1,1,0,1,1,1,1,0
4.052971e-12,4.052971e+00,0,19983,1,0,0,1,1,0,1,1,1,1
-4.825174e-12,-4.825174e+00,1,19984,0,1,0,0,1,1,0,1,1,1
1.555073e-12,1.555073e+00,0,19985,1,0,1,0,0,1,1,0,1,1
1.453907e-12,1.453907e+00,1,19986,0,1,0,1,0,0,1,1,0,1
3.901577e-12,3.901577e+00,0,19988,1,1,0,1,0,1,0,0,1,1
-3.089689e-12,-3.089689e+00,1,19990,0,0,1,1,0,1,0,1,0,0
-2.125210e-12,-2.125210e+00,0,19993,1,1,1,0,0,1,1,0,1,0
3.920891e-12,3.920891e+00,1,19995,0,0,1,1,1,0,0,1,1,0
1.154065e-13,1.154065e-01,0,19996,1,0,0,1,1,1,0,0,1,1
-7.988449e-11,-7.988449e+01,1,19998,0,0,1,0,0,1,1,1,0,0
